{"type":"FeatureCollection","features":[{"type":"Feature","properties":{"NAME_EN":"Israel"},"geometry":{"type":"Polygon","coordinates":[[[35.773335,33.335632],[35.76593,33.334482],[35.762966,33.331625],[35.761704,33.332013],[35.761032,33.331581],[35.759815,33.331414],[35.757718,33.330658],[35.754741,33.330451],[35.750476,33.328729],[35.744061,33.326148],[35.736982,33.31957],[35.738441,33.325272],[35.735845,33.327136],[35.73357,33.3271],[35.731811,33.326276],[35.729407,33.324214],[35.727614,33.322264],[35.726584,33.320883],[35.725855,33.319467],[35.725447,33.318606],[35.725125,33.317853],[35.72224,33.315547],[35.709167,33.311944],[35.706389,33.308333],[35.706074,33.304665],[35.70396,33.303705],[35.703252,33.303598],[35.702061,33.303553],[35.699916,33.302575],[35.698628,33.302333],[35.697437,33.30167],[35.696343,33.300244],[35.696043,33.298585],[35.695721,33.295321],[35.694798,33.295186],[35.692429,33.298759],[35.690069,33.298866],[35.685369,33.294454],[35.681507,33.292678],[35.679318,33.292822],[35.679039,33.294598],[35.677709,33.294885],[35.67566,33.293989],[35.673515,33.292422],[35.671434,33.288946],[35.670996,33.287321],[35.670131,33.286738],[35.669657,33.28672],[35.669137,33.286465],[35.668873,33.286046],[35.668946,33.285269],[35.669338,33.284333],[35.668819,33.283526],[35.668326,33.282588],[35.667889,33.28143],[35.667448,33.280984],[35.665921,33.280419],[35.664691,33.279708],[35.663543,33.278906],[35.662048,33.277549],[35.661028,33.275927],[35.660062,33.274797],[35.658442,33.274174],[35.643097,33.280323],[35.638731,33.278619],[35.633869,33.276982],[35.627198,33.274479],[35.621945,33.272557],[35.621923,33.272478],[35.621827,33.272261],[35.621684,33.272058],[35.621387,33.271856],[35.620681,33.271464],[35.620341,33.271146],[35.620198,33.27093],[35.620081,33.270708],[35.620092,33.27042],[35.620389,33.269737],[35.62071,33.268887],[35.620894,33.268193],[35.621146,33.267666],[35.621726,33.266623],[35.621934,33.26625],[35.622572,33.264949],[35.622631,33.264701],[35.622656,33.2644],[35.622622,33.264069],[35.622319,33.263273],[35.621918,33.262768],[35.621714,33.26248],[35.621748,33.262165],[35.622234,33.261638],[35.622712,33.261149],[35.623021,33.260881],[35.623256,33.260616],[35.623884,33.260289],[35.623406,33.259965],[35.622987,33.259604],[35.622657,33.25921],[35.622706,33.258767],[35.622989,33.258103],[35.623268,33.257448],[35.623041,33.256979],[35.621196,33.258691],[35.621184,33.258414],[35.621549,33.257634],[35.621611,33.25747],[35.621586,33.257229],[35.621635,33.256886],[35.621589,33.256495],[35.621475,33.256259],[35.621347,33.256021],[35.621087,33.255841],[35.620781,33.255813],[35.620152,33.255848],[35.619871,33.255918],[35.61969,33.255954],[35.619381,33.255926],[35.619198,33.255837],[35.619163,33.255657],[35.619226,33.255444],[35.619733,33.254236],[35.620078,33.253312],[35.62026,33.253179],[35.620547,33.253175],[35.621254,33.253243],[35.621835,33.253354],[35.622507,33.253385],[35.623211,33.25325],[35.623638,33.253069],[35.62387,33.252541],[35.623578,33.251691],[35.623306,33.251047],[35.623065,33.250511],[35.622872,33.249974],[35.622766,33.249555],[35.622829,33.249276],[35.623126,33.24896],[35.62357,33.248322],[35.623778,33.247969],[35.624287,33.247459],[35.625161,33.247032],[35.62555,33.246729],[35.625713,33.246159],[35.625692,33.245798],[35.625557,33.245564],[35.625323,33.245332],[35.62498,33.245252],[35.624398,33.245035],[35.624105,33.244925],[35.623506,33.244869],[35.623276,33.244773],[35.623134,33.244635],[35.623114,33.244329],[35.623302,33.243706],[35.623462,33.243312],[35.623823,33.242964],[35.62435,33.242578],[35.624418,33.242532],[35.624239,33.242386],[35.622798,33.243295],[35.621882,33.243463],[35.620918,33.243735],[35.619969,33.244151],[35.617398,33.245377],[35.615793,33.246726],[35.614917,33.247221],[35.611736,33.248904],[35.610877,33.249246],[35.608032,33.250261],[35.606023,33.251023],[35.602127,33.252531],[35.600026,33.253394],[35.598532,33.254189],[35.59813,33.254597],[35.597449,33.25568],[35.596465,33.257322],[35.595473,33.259026],[35.59449,33.260427],[35.593771,33.261086],[35.592874,33.261627],[35.590736,33.262548],[35.58974,33.263204],[35.589025,33.263777],[35.587516,33.264646],[35.58545,33.265813],[35.584886,33.266011],[35.583717,33.266084],[35.583578,33.266309],[35.583494,33.266656],[35.583569,33.267217],[35.583655,33.26763],[35.583894,33.268196],[35.58427,33.269276],[35.584985,33.271515],[35.585406,33.27276],[35.585553,33.273376],[35.585554,33.274049],[35.584904,33.276536],[35.584895,33.279275],[35.584881,33.280308],[35.58482,33.281442],[35.58457,33.281959],[35.582494,33.283282],[35.582069,33.28318],[35.581795,33.283112],[35.581567,33.283165],[35.580338,33.284873],[35.578098,33.286054],[35.576805,33.286753],[35.576231,33.286941],[35.575682,33.287041],[35.575111,33.287227],[35.574009,33.287368],[35.573011,33.287491],[35.572053,33.287628],[35.57146,33.287923],[35.570853,33.288372],[35.570575,33.288657],[35.570341,33.288968],[35.570092,33.289336],[35.569682,33.289769],[35.569375,33.290021],[35.568941,33.290341],[35.568522,33.290453],[35.568302,33.290496],[35.568066,33.290483],[35.567761,33.290433],[35.567313,33.290168],[35.566562,33.289465],[35.565701,33.288739],[35.564742,33.287834],[35.563836,33.285306],[35.563372,33.283989],[35.563222,33.283571],[35.563101,33.283196],[35.563154,33.282413],[35.564766,33.275227],[35.564717,33.2747],[35.564303,33.273699],[35.564093,33.273308],[35.562943,33.271652],[35.562649,33.271277],[35.562223,33.270834],[35.561367,33.270145],[35.560695,33.269663],[35.560366,33.269404],[35.559885,33.268692],[35.559519,33.267952],[35.559469,33.267672],[35.559519,33.266517],[35.55944,33.266252],[35.558588,33.265665],[35.557584,33.264969],[35.557166,33.26471],[35.556993,33.264357],[35.556857,33.263625],[35.556586,33.261892],[35.556487,33.261131],[35.55582,33.258547],[35.555657,33.258322],[35.554311,33.257636],[35.552867,33.257024],[35.552394,33.25631],[35.552094,33.256049],[35.551785,33.255809],[35.551249,33.255478],[35.550933,33.255386],[35.550509,33.255368],[35.54995,33.255384],[35.549427,33.255413],[35.549034,33.25541],[35.548756,33.255268],[35.548235,33.255031],[35.547587,33.254755],[35.54731,33.254696],[35.547167,33.254556],[35.547249,33.254373],[35.547503,33.254205],[35.547715,33.253884],[35.548136,33.252988],[35.548844,33.25222],[35.549222,33.251843],[35.549628,33.251403],[35.550166,33.25094],[35.550379,33.250552],[35.550266,33.250488],[35.549985,33.250851],[35.549006,33.251168],[35.548408,33.251487],[35.547832,33.251641],[35.547426,33.251615],[35.547194,33.251446],[35.547003,33.251221],[35.546595,33.250558],[35.546155,33.249867],[35.546125,33.249566],[35.546399,33.248672],[35.54634,33.248252],[35.546259,33.247813],[35.546313,33.247307],[35.546427,33.246832],[35.546698,33.246017],[35.546964,33.245385],[35.54719,33.245045],[35.547602,33.244666],[35.548042,33.24383],[35.547779,33.243184],[35.547606,33.242347],[35.54724,33.240083],[35.547177,33.239433],[35.547269,33.239048],[35.547365,33.238835],[35.547535,33.238507],[35.547744,33.238116],[35.547719,33.237712],[35.546714,33.236087],[35.546327,33.235521],[35.546027,33.235291],[35.545566,33.235057],[35.544316,33.234889],[35.542272,33.234734],[35.541176,33.234588],[35.54033,33.234271],[35.53979,33.233897],[35.539146,33.233231],[35.537998,33.231758],[35.537468,33.230967],[35.537238,33.230593],[35.537203,33.22921],[35.537189,33.227823],[35.53736,33.227514],[35.537618,33.227369],[35.538075,33.227138],[35.538305,33.226945],[35.538468,33.226718],[35.538617,33.22627],[35.539031,33.224874],[35.53909,33.22451],[35.539031,33.224212],[35.538617,33.223594],[35.538015,33.222706],[35.537444,33.222167],[35.537245,33.221749],[35.537105,33.2203],[35.537102,33.219975],[35.537675,33.219636],[35.537889,33.21942],[35.537991,33.219107],[35.538032,33.218742],[35.537946,33.218256],[35.537668,33.217594],[35.537118,33.216936],[35.536966,33.216652],[35.537087,33.216252],[35.537408,33.215791],[35.537585,33.215393],[35.537548,33.214935],[35.537038,33.214244],[35.536988,33.214177],[35.536889,33.213829],[35.536986,33.213527],[35.537025,33.213488],[35.53741,33.213105],[35.537742,33.21266],[35.537861,33.212332],[35.538178,33.21104],[35.538759,33.208639],[35.538317,33.208938],[35.537821,33.209589],[35.537585,33.209895],[35.537311,33.209827],[35.537119,33.209833],[35.536924,33.209725],[35.536828,33.20958],[35.536807,33.209106],[35.536835,33.208758],[35.537172,33.208225],[35.537808,33.20696],[35.538729,33.205447],[35.540044,33.203602],[35.540729,33.201505],[35.541725,33.199725],[35.542217,33.198666],[35.541775,33.196375],[35.541708,33.195908],[35.541809,33.195477],[35.541915,33.195251],[35.542409,33.194896],[35.542447,33.194758],[35.542342,33.194674],[35.542112,33.19473],[35.54187,33.194869],[35.541771,33.195054],[35.541578,33.195118],[35.541383,33.19502],[35.541199,33.193994],[35.541151,33.193524],[35.541186,33.1932],[35.541593,33.19279],[35.541808,33.192429],[35.541841,33.19208],[35.541568,33.1916],[35.540786,33.190288],[35.539818,33.188484],[35.539174,33.186018],[35.538551,33.183354],[35.538139,33.181839],[35.537796,33.180391],[35.53738,33.178822],[35.53729,33.17821],[35.537423,33.177781],[35.537766,33.177439],[35.538026,33.177303],[35.53836,33.177242],[35.538761,33.177271],[35.539129,33.177384],[35.539899,33.177518],[35.540085,33.177463],[35.540226,33.177362],[35.540293,33.177227],[35.540238,33.177084],[35.540077,33.176797],[35.539624,33.176394],[35.538922,33.176079],[35.538473,33.175825],[35.538131,33.175453],[35.538007,33.175141],[35.537837,33.174559],[35.537603,33.17432],[35.537335,33.174162],[35.536815,33.174112],[35.536373,33.174057],[35.536057,33.173426],[35.535991,33.172923],[35.536241,33.172734],[35.537252,33.172556],[35.538324,33.172515],[35.538354,33.172413],[35.538045,33.172242],[35.537041,33.171781],[35.536562,33.17138],[35.536165,33.170598],[35.535611,33.169529],[35.53558,33.169049],[35.535918,33.168584],[35.536548,33.168088],[35.536976,33.167657],[35.537134,33.167306],[35.537058,33.167013],[35.536235,33.166103],[35.536059,33.16575],[35.536253,33.165056],[35.536009,33.164836],[35.534683,33.164549],[35.5339,33.16422],[35.533196,33.163649],[35.532723,33.162532],[35.531716,33.159517],[35.530479,33.155992],[35.530637,33.155706],[35.531177,33.155384],[35.531349,33.155218],[35.531072,33.15506],[35.530212,33.15491],[35.530053,33.15462],[35.529552,33.152407],[35.529046,33.150337],[35.528497,33.147733],[35.528112,33.146301],[35.527894,33.14493],[35.528099,33.144444],[35.528609,33.14392],[35.528872,33.143645],[35.528441,33.14315],[35.52711,33.141964],[35.52707,33.141646],[35.527217,33.141494],[35.527621,33.141305],[35.527767,33.141084],[35.527576,33.139539],[35.528063,33.138315],[35.528885,33.137105],[35.530489,33.135545],[35.532155,33.133909],[35.532535,33.13237],[35.533086,33.129754],[35.532464,33.128433],[35.532002,33.128025],[35.527361,33.126002],[35.526,33.124923],[35.525507,33.124529],[35.525464,33.12404],[35.525843,33.123342],[35.526558,33.122151],[35.527332,33.12161],[35.527767,33.121389],[35.528056,33.121061],[35.527542,33.120112],[35.52688,33.119127],[35.526105,33.118886],[35.525465,33.119132],[35.525106,33.119713],[35.524353,33.12096],[35.523978,33.121152],[35.523508,33.12118],[35.523257,33.121088],[35.522014,33.119383],[35.520791,33.11771],[35.51974,33.116212],[35.514662,33.116099],[35.510409,33.116023],[35.505807,33.115878],[35.505207,33.115778],[35.503106,33.113273],[35.50308,33.110823],[35.503073,33.10774],[35.503219,33.102111],[35.503359,33.094174],[35.50346,33.091824],[35.503592,33.089821],[35.503593,33.089598],[35.503509,33.089483],[35.50333,33.089513],[35.502912,33.089729],[35.502018,33.089982],[35.4999,33.09054],[35.498274,33.090849],[35.494971,33.091465],[35.494598,33.09132],[35.494386,33.090988],[35.494216,33.090071],[35.494141,33.08928],[35.493998,33.088795],[35.493734,33.088776],[35.49361,33.088929],[35.49351,33.089446],[35.493334,33.090314],[35.492945,33.09129],[35.492489,33.09152],[35.492036,33.091537],[35.491637,33.091342],[35.490818,33.090027],[35.490634,33.089736],[35.490447,33.089699],[35.490045,33.089796],[35.489622,33.089954],[35.488451,33.090403],[35.487522,33.090426],[35.486646,33.090392],[35.486135,33.090541],[35.485649,33.090925],[35.485149,33.091413],[35.484161,33.092192],[35.483662,33.092351],[35.483011,33.092455],[35.48245,33.092427],[35.481512,33.092249],[35.480356,33.091939],[35.479871,33.09165],[35.47986,33.091896],[35.479795,33.09236],[35.479483,33.092685],[35.478989,33.092756],[35.478276,33.092814],[35.472647,33.092927],[35.469322,33.093018],[35.466118,33.093089],[35.462935,33.093143],[35.461101,33.092895],[35.458798,33.092586],[35.457675,33.092444],[35.457122,33.092245],[35.456317,33.091803],[35.455407,33.091794],[35.45426,33.091816],[35.45345,33.091856],[35.45253,33.091726],[35.449973,33.091355],[35.447392,33.090957],[35.446439,33.090828],[35.445865,33.090649],[35.445523,33.090353],[35.444782,33.088989],[35.444697,33.088675],[35.444931,33.088054],[35.445132,33.087702],[35.445179,33.087568],[35.445104,33.087453],[35.444962,33.08742],[35.444763,33.087509],[35.444301,33.087854],[35.443986,33.087767],[35.444083,33.085923],[35.444082,33.085685],[35.444048,33.085458],[35.44381,33.085324],[35.443529,33.085263],[35.442748,33.085007],[35.442347,33.084681],[35.441921,33.084133],[35.440758,33.082137],[35.43969,33.08043],[35.438583,33.078614],[35.437002,33.075963],[35.436378,33.074792],[35.43618,33.073754],[35.435281,33.070474],[35.434983,33.070097],[35.434692,33.069753],[35.434356,33.069419],[35.434134,33.068982],[35.433854,33.068984],[35.433467,33.068858],[35.432924,33.068496],[35.432578,33.067802],[35.432479,33.066909],[35.43241,33.066263],[35.431742,33.065825],[35.431441,33.065437],[35.430947,33.065441],[35.429854,33.065442],[35.42837,33.065498],[35.427241,33.065524],[35.425427,33.065236],[35.422388,33.064796],[35.419914,33.064461],[35.41862,33.064308],[35.416868,33.064085],[35.411374,33.063332],[35.411001,33.062931],[35.410724,33.062975],[35.410056,33.06253],[35.409306,33.062013],[35.408784,33.061299],[35.408362,33.060835],[35.408301,33.060821],[35.40843,33.061282],[35.408344,33.062427],[35.408121,33.06278],[35.407679,33.062882],[35.407217,33.062819],[35.406939,33.062549],[35.406997,33.062015],[35.406969,33.061688],[35.406846,33.061443],[35.406674,33.061183],[35.406326,33.060885],[35.40591,33.060942],[35.405389,33.061004],[35.405165,33.061059],[35.405517,33.061193],[35.40638,33.061341],[35.406644,33.061882],[35.406339,33.062242],[35.405878,33.062543],[35.404276,33.062334],[35.403404,33.06227],[35.401603,33.062003],[35.39853,33.061445],[35.398103,33.061098],[35.397123,33.060499],[35.396425,33.060056],[35.395113,33.059849],[35.394397,33.05976],[35.394165,33.05984],[35.394061,33.060188],[35.394092,33.060427],[35.394061,33.060799],[35.393697,33.060916],[35.393386,33.061009],[35.393057,33.060827],[35.392005,33.059432],[35.391517,33.058767],[35.391281,33.058676],[35.391021,33.058745],[35.39069,33.058914],[35.39054,33.059092],[35.390504,33.059244],[35.390545,33.059486],[35.390607,33.059746],[35.390824,33.060128],[35.390922,33.060652],[35.390522,33.06083],[35.390113,33.060938],[35.38978,33.060769],[35.389632,33.060562],[35.388979,33.059417],[35.388782,33.058875],[35.388829,33.059508],[35.388834,33.060128],[35.388472,33.060933],[35.388284,33.060976],[35.387913,33.061061],[35.38754,33.060857],[35.387464,33.060656],[35.38751,33.060345],[35.387579,33.05988],[35.387447,33.059236],[35.387366,33.059582],[35.387324,33.060136],[35.386978,33.061211],[35.3865,33.061334],[35.385768,33.06143],[35.382183,33.061504],[35.381636,33.0608],[35.38127,33.060184],[35.380547,33.059078],[35.379986,33.058264],[35.379707,33.057342],[35.378282,33.055047],[35.377761,33.05435],[35.377261,33.053526],[35.37719,33.052556],[35.377278,33.051772],[35.377445,33.05098],[35.377786,33.050204],[35.378261,33.049532],[35.379138,33.048811],[35.37948,33.048598],[35.379779,33.048407],[35.380042,33.048328],[35.38005,33.048214],[35.379913,33.047986],[35.37973,33.048051],[35.379487,33.048229],[35.378965,33.048563],[35.378325,33.049077],[35.377776,33.049425],[35.377399,33.049616],[35.377155,33.04978],[35.376856,33.05027],[35.376592,33.050625],[35.376582,33.051267],[35.376334,33.051843],[35.376028,33.052311],[35.375894,33.052853],[35.375455,33.05365],[35.375212,33.053958],[35.375108,33.054313],[35.375076,33.054709],[35.374969,33.055049],[35.374523,33.055188],[35.374055,33.055181],[35.373811,33.054863],[35.373283,33.054043],[35.372865,33.053352],[35.372435,33.052772],[35.372032,33.052805],[35.37104,33.053914],[35.370274,33.054192],[35.368943,33.054265],[35.367747,33.054571],[35.366752,33.054398],[35.365838,33.054177],[35.365653,33.053878],[35.36566,33.053533],[35.365935,33.052937],[35.366517,33.052341],[35.367002,33.05188],[35.367218,33.051533],[35.367271,33.051312],[35.36666,33.05037],[35.36624,33.049856],[35.366076,33.049671],[35.365801,33.049521],[35.365436,33.049499],[35.365043,33.049546],[35.364448,33.049863],[35.363935,33.050108],[35.363497,33.050253],[35.36287,33.050124],[35.36192,33.04965],[35.361657,33.049889],[35.360783,33.050513],[35.360256,33.051132],[35.35962,33.05196],[35.359258,33.054083],[35.359325,33.054932],[35.359263,33.055374],[35.359506,33.055964],[35.359568,33.056575],[35.359299,33.056822],[35.358989,33.056982],[35.358293,33.057035],[35.357807,33.056973],[35.357258,33.05699],[35.356382,33.057163],[35.355735,33.057218],[35.35513,33.057209],[35.354849,33.057087],[35.354613,33.056907],[35.354352,33.05659],[35.354259,33.056666],[35.353737,33.057138],[35.353059,33.057714],[35.352444,33.058156],[35.351746,33.058507],[35.350071,33.059174],[35.348386,33.059781],[35.348081,33.060067],[35.347673,33.060565],[35.346913,33.061245],[35.346292,33.06167],[35.345475,33.06284],[35.344726,33.064131],[35.344152,33.065036],[35.34379,33.065457],[35.343273,33.065678],[35.341914,33.06634],[35.340756,33.06712],[35.339675,33.067575],[35.339215,33.067857],[35.338827,33.068281],[35.338093,33.069217],[35.337586,33.069702],[35.337359,33.070058],[35.337023,33.071414],[35.336185,33.07202],[35.335715,33.07264],[35.335374,33.073203],[35.335379,33.073601],[35.335234,33.074186],[35.334857,33.074728],[35.334748,33.075317],[35.33451,33.07588],[35.334066,33.076304],[35.33322,33.076495],[35.332282,33.076644],[35.331155,33.076603],[35.330261,33.076547],[35.330375,33.07672],[35.331181,33.076894],[35.331497,33.077145],[35.331409,33.077691],[35.330876,33.07787],[35.329475,33.077721],[35.328205,33.077496],[35.327017,33.077472],[35.326336,33.07745],[35.326187,33.077682],[35.326203,33.077903],[35.326942,33.07841],[35.327816,33.079133],[35.327495,33.079774],[35.326549,33.080766],[35.323792,33.083739],[35.322656,33.085353],[35.321969,33.086302],[35.321219,33.087493],[35.321007,33.087948],[35.321038,33.088173],[35.321224,33.08855],[35.321674,33.089408],[35.322548,33.091175],[35.323964,33.094124],[35.324207,33.094752],[35.324342,33.09551],[35.324264,33.096073],[35.324099,33.096602],[35.323204,33.097697],[35.322474,33.097687],[35.321901,33.097207],[35.321649,33.097187],[35.320875,33.09742],[35.320433,33.097457],[35.319933,33.097404],[35.319585,33.097312],[35.319647,33.097433],[35.320676,33.097762],[35.321188,33.097996],[35.321519,33.098464],[35.3214,33.098797],[35.321074,33.099326],[35.320707,33.099915],[35.320754,33.100504],[35.320759,33.101032],[35.320056,33.10108],[35.319667,33.100848],[35.319071,33.100417],[35.319609,33.101335],[35.319588,33.101941],[35.319288,33.102504],[35.318625,33.102407],[35.318372,33.102191],[35.318044,33.101644],[35.317525,33.101289],[35.31691,33.101066],[35.317003,33.101239],[35.317572,33.101516],[35.317892,33.102157],[35.317861,33.103413],[35.317758,33.104418],[35.317397,33.104684],[35.31683,33.104905],[35.315963,33.104484],[35.309206,33.100833],[35.30802,33.100686],[35.304968,33.100628],[35.301889,33.100517],[35.300572,33.10047],[35.300199,33.100637],[35.300048,33.100998],[35.300234,33.101511],[35.30052,33.102097],[35.300701,33.102888],[35.300234,33.103953],[35.299505,33.105172],[35.298544,33.10576],[35.296928,33.10671],[35.295104,33.107832],[35.29462,33.108031],[35.294162,33.108094],[35.293708,33.108055],[35.2933,33.108002],[35.291891,33.107476],[35.289841,33.106655],[35.287962,33.105818],[35.287019,33.105211],[35.286051,33.104303],[35.284903,33.103477],[35.282949,33.102304],[35.281467,33.101378],[35.280572,33.100956],[35.280031,33.100842],[35.279618,33.100722],[35.278747,33.100712],[35.277947,33.100744],[35.277083,33.100614],[35.276083,33.100617],[35.273693,33.100581],[35.272497,33.100495],[35.271281,33.100393],[35.270619,33.100272],[35.269364,33.099866],[35.267789,33.099407],[35.266384,33.09901],[35.265087,33.09855],[35.263958,33.098488],[35.263207,33.098451],[35.262681,33.098288],[35.262077,33.097854],[35.261672,33.097351],[35.261347,33.097069],[35.259504,33.096761],[35.258257,33.096449],[35.256161,33.095718],[35.254844,33.09548],[35.251494,33.095885],[35.250272,33.095666],[35.247697,33.095124],[35.246555,33.094871],[35.245497,33.094725],[35.24484,33.094454],[35.244188,33.094174],[35.243113,33.093508],[35.240004,33.092659],[35.239175,33.092387],[35.238467,33.092245],[35.237245,33.092301],[35.236188,33.092439],[35.235511,33.092598],[35.234796,33.092851],[35.23327,33.093291],[35.232556,33.093311],[35.231973,33.09339],[35.231191,33.093888],[35.23016,33.094518],[35.229562,33.094896],[35.229084,33.095321],[35.227995,33.096318],[35.227834,33.096774],[35.227636,33.097424],[35.226841,33.098391],[35.226221,33.098654],[35.225254,33.098748],[35.223806,33.098806],[35.223071,33.099037],[35.222575,33.099189],[35.222167,33.099314],[35.220421,33.099418],[35.21969,33.099438],[35.219046,33.099314],[35.218664,33.099225],[35.218287,33.099297],[35.217589,33.099555],[35.216855,33.099861],[35.216261,33.100003],[35.215719,33.099989],[35.214917,33.099877],[35.214021,33.099837],[35.213182,33.099855],[35.21224,33.099865],[35.211698,33.099751],[35.211344,33.099411],[35.211274,33.099174],[35.211198,33.098947],[35.211037,33.098568],[35.210794,33.098332],[35.210539,33.098199],[35.210158,33.098068],[35.209908,33.097975],[35.209497,33.097736],[35.209258,33.097364],[35.209161,33.096975],[35.209147,33.096575],[35.209119,33.096086],[35.209063,33.095708],[35.208292,33.095068],[35.207864,33.09468],[35.207714,33.094414],[35.207655,33.094065],[35.207971,33.092995],[35.20825,33.092754],[35.20868,33.092567],[35.208874,33.092402],[35.208932,33.09231],[35.208873,33.092163],[35.208483,33.091724],[35.20857,33.091289],[35.208533,33.090815],[35.208201,33.09035],[35.207614,33.089545],[35.207148,33.088603],[35.207129,33.088244],[35.207426,33.087863],[35.207519,33.087756],[35.207561,33.087659],[35.207523,33.08757],[35.207382,33.087517],[35.207138,33.087549],[35.204761,33.088201],[35.20426,33.088172],[35.203921,33.088084],[35.203091,33.087784],[35.20257,33.08758],[35.201846,33.087341],[35.201478,33.087294],[35.200903,33.087337],[35.200339,33.087486],[35.199334,33.087369],[35.198744,33.087182],[35.198497,33.087069],[35.198243,33.086952],[35.197454,33.086457],[35.196856,33.085959],[35.196256,33.085861],[35.195504,33.085974],[35.195199,33.085953],[35.194743,33.085834],[35.193992,33.085618],[35.193583,33.085261],[35.193207,33.084794],[35.192965,33.08464],[35.192669,33.084592],[35.192488,33.084716],[35.192445,33.085026],[35.192326,33.085658],[35.191933,33.086126],[35.192013,33.086469],[35.191957,33.086556],[35.191879,33.086675],[35.191634,33.086698],[35.191375,33.08652],[35.191351,33.086232],[35.191346,33.086164],[35.191409,33.08557],[35.191003,33.084932],[35.190664,33.084539],[35.19028,33.084349],[35.189925,33.084176],[35.189683,33.08397],[35.189469,33.083544],[35.189269,33.083521],[35.189158,33.083665],[35.189268,33.084099],[35.189622,33.084804],[35.189687,33.084932],[35.189316,33.086147],[35.189448,33.086476],[35.189648,33.086865],[35.189681,33.087229],[35.189003,33.088294],[35.188658,33.088901],[35.188107,33.089444],[35.187387,33.089531],[35.186094,33.089548],[35.185617,33.089604],[35.18384,33.090868],[35.183099,33.091278],[35.183021,33.091282],[35.182653,33.091298],[35.181425,33.091299],[35.179788,33.091263],[35.179468,33.091256],[35.179142,33.091339],[35.178997,33.091376],[35.178676,33.091571],[35.178174,33.092091],[35.177819,33.09241],[35.1777,33.092516],[35.17734,33.092587],[35.177046,33.092584],[35.176853,33.092505],[35.176658,33.092425],[35.176117,33.092065],[35.175607,33.091924],[35.175122,33.091902],[35.174715,33.092058],[35.174614,33.092084],[35.174283,33.092167],[35.174243,33.092177],[35.173754,33.092185],[35.17353,33.092189],[35.173227,33.091981],[35.173074,33.091876],[35.17298,33.091484],[35.173214,33.091062],[35.173481,33.090761],[35.173741,33.090433],[35.173772,33.09],[35.173573,33.089551],[35.173192,33.089328],[35.172971,33.089338],[35.172731,33.089412],[35.172378,33.089525],[35.17169,33.089746],[35.170785,33.089754],[35.170237,33.089657],[35.169301,33.089416],[35.168935,33.089404],[35.167944,33.089386],[35.167686,33.089295],[35.167207,33.088877],[35.166896,33.088653],[35.166559,33.08843],[35.16586,33.088312],[35.164647,33.08811],[35.163484,33.087879],[35.16278,33.087715],[35.161912,33.087587],[35.160847,33.087571],[35.160297,33.087508],[35.160016,33.087163],[35.159945,33.086189],[35.159958,33.08603],[35.159968,33.085915],[35.160186,33.085585],[35.160499,33.085313],[35.160579,33.085195],[35.160472,33.085202],[35.159559,33.085946],[35.15953,33.085967],[35.15951,33.086317],[35.159326,33.086475],[35.159042,33.086449],[35.158854,33.086239],[35.15893,33.085846],[35.158983,33.085576],[35.158939,33.084707],[35.158791,33.08433],[35.158619,33.084512],[35.158506,33.084789],[35.15823,33.085532],[35.157998,33.08587],[35.157946,33.085945],[35.1576,33.086099],[35.157463,33.086159],[35.157037,33.086157],[35.155615,33.085696],[35.155156,33.085704],[35.153513,33.085942],[35.152858,33.086037],[35.152764,33.086058],[35.151713,33.086294],[35.150652,33.086531],[35.149567,33.086903],[35.149175,33.087153],[35.14889,33.087365],[35.148901,33.087415],[35.148995,33.087362],[35.149397,33.087137],[35.15013,33.087006],[35.151982,33.087302],[35.152597,33.087444],[35.152962,33.08774],[35.153306,33.088192],[35.153396,33.088314],[35.153532,33.088385],[35.153732,33.088493],[35.153721,33.08874],[35.153672,33.088782],[35.153496,33.088936],[35.153247,33.088884],[35.152901,33.088583],[35.15234,33.088309],[35.151689,33.088255],[35.151026,33.088342],[35.150441,33.088475],[35.1501,33.088589],[35.149984,33.088628],[35.149528,33.088961],[35.149329,33.089111],[35.148885,33.089286],[35.14893,33.089371],[35.148986,33.089346],[35.149849,33.088954],[35.15053,33.088814],[35.150929,33.08902],[35.151343,33.089232],[35.152016,33.089699],[35.152157,33.090071],[35.152307,33.090463],[35.152537,33.090622],[35.153956,33.090886],[35.15507,33.091047],[35.155583,33.091057],[35.155752,33.091256],[35.155571,33.091529],[35.151795,33.09133],[35.151328,33.091203],[35.150503,33.090872],[35.148549,33.091117],[35.14634,33.091639],[35.145156,33.091913],[35.142966,33.091995],[35.140623,33.092075],[35.139686,33.091969],[35.138442,33.091763],[35.137118,33.091601],[35.135046,33.091159],[35.131366,33.091811],[35.129864,33.092045],[35.127585,33.092402],[35.126563,33.092547],[35.125885,33.092667],[35.124939,33.092696],[35.116568,33.092482],[35.115634,33.092488],[35.114255,33.092939],[35.112743,33.09338],[35.112188,33.093499],[35.111129,33.093725],[35.11071,33.093814],[35.107962,33.09423],[35.10743,33.094215],[35.106709,33.094132],[35.106286,33.094167],[35.105967,33.094311],[35.105492,33.094321],[35.104299,33.094288],[35.103588,33.094211],[35.103614,33.094048],[35.103959,33.094086],[35.103898,33.093572],[35.104159,33.093469],[35.103837,33.093225],[35.103821,33.092878],[35.104259,33.092884],[35.104189,33.092519],[35.104417,33.092605],[35.104471,33.092377],[35.104649,33.092288],[35.105002,33.092352],[35.105833,33.092016],[35.105983,33.091851],[35.105661,33.091581],[35.105615,33.091376],[35.105998,33.091209],[35.10548,33.091175],[35.105435,33.091016],[35.105539,33.090823],[35.105132,33.090691],[35.105037,33.090512],[35.105107,33.090158],[35.105154,33.089445],[35.105462,33.088639],[35.105722,33.088537],[35.105631,33.088292],[35.105539,33.088074],[35.105483,33.087481],[35.105348,33.08645],[35.105257,33.086035],[35.105485,33.085849],[35.105528,33.08577],[35.105017,33.085299],[35.105324,33.084811],[35.105692,33.082756],[35.105271,33.075811],[35.104731,33.073013],[35.104463,33.07006],[35.104679,33.069709],[35.104387,33.067893],[35.104582,33.066613],[35.103956,33.065169],[35.103387,33.06251],[35.103897,33.062205],[35.103351,33.060969],[35.103113,33.057374],[35.102631,33.057321],[35.102491,33.056871],[35.102126,33.056705],[35.102027,33.056392],[35.102141,33.055944],[35.102466,33.055843],[35.10246,33.055586],[35.101793,33.055203],[35.101691,33.054971],[35.101877,33.054858],[35.102297,33.054602],[35.102209,33.054262],[35.101848,33.05355],[35.101728,33.053054],[35.102108,33.052721],[35.102076,33.052252],[35.101593,33.052195],[35.10124,33.051923],[35.101423,33.051535],[35.101677,33.05135],[35.101908,33.051101],[35.101848,33.050542],[35.101386,33.050336],[35.100997,33.050104],[35.100735,33.049948],[35.100497,33.04976],[35.10034,33.049498],[35.100487,33.049326],[35.100882,33.04924],[35.101024,33.049051],[35.101114,33.048782],[35.100875,33.048687],[35.100478,33.048774],[35.100237,33.048701],[35.099917,33.048078],[35.100181,33.047968],[35.100548,33.047801],[35.100805,33.047289],[35.10058,33.047137],[35.100269,33.046885],[35.1006,33.046358],[35.10064,33.045602],[35.100038,33.043548],[35.099224,33.043352],[35.098042,33.043068],[35.098047,33.042389],[35.097253,33.041924],[35.096933,33.041287],[35.096937,33.041035],[35.097012,33.040897],[35.096848,33.040009],[35.097652,33.039476],[35.096924,33.037396],[35.096634,33.036866],[35.096041,33.036285],[35.09434,33.03005],[35.094213,33.02951],[35.093825,33.028233],[35.09356,33.027722],[35.093159,33.026542],[35.093009,33.026327],[35.092914,33.026191],[35.092519,33.024766],[35.089148,33.012608],[35.08908,33.012521],[35.088972,33.012501],[35.088804,33.012541],[35.0887,33.012602],[35.088618,33.012896],[35.088573,33.013108],[35.088413,33.013167],[35.088514,33.012364],[35.088757,33.012367],[35.088918,33.01233],[35.089059,33.012302],[35.089139,33.012182],[35.089169,33.012017],[35.089084,33.011697],[35.089057,33.011594],[35.089023,33.011477],[35.08891,33.011403],[35.088753,33.011349],[35.088581,33.011299],[35.08844,33.011285],[35.088335,33.011345],[35.088408,33.011625],[35.088327,33.011656],[35.087457,33.01001],[35.087543,33.009974],[35.087717,33.010306],[35.087904,33.0105],[35.088096,33.010564],[35.088286,33.010539],[35.088492,33.010449],[35.088603,33.01039],[35.08867,33.010298],[35.088702,33.010208],[35.088707,33.010098],[35.088478,33.009296],[35.088342,33.009241],[35.088185,33.009113],[35.088089,33.009074],[35.088004,33.008963],[35.08793,33.008873],[35.087779,33.008921],[35.087657,33.008971],[35.087509,33.008982],[35.087531,33.008892],[35.087606,33.008829],[35.087763,33.008801],[35.087984,33.008774],[35.088128,33.008632],[35.088122,33.008336],[35.088083,33.008163],[35.08798,33.008036],[35.087853,33.007808],[35.087732,33.007002],[35.087017,33.004904],[35.086029,33.000901],[35.085388,32.999333],[35.084646,32.996736],[35.083918,32.994828],[35.082492,32.992095],[35.08146,32.988554],[35.081323,32.988121],[35.081175,32.987579],[35.08138,32.985073],[35.08155,32.983783],[35.081232,32.983466],[35.081201,32.983273],[35.080841,32.983334],[35.080506,32.983596],[35.080324,32.983646],[35.079859,32.983357],[35.079785,32.983271],[35.079832,32.982909],[35.079947,32.982872],[35.080035,32.982916],[35.079985,32.983111],[35.080059,32.983227],[35.080365,32.983408],[35.080618,32.983254],[35.080818,32.982847],[35.080744,32.982353],[35.08073,32.981529],[35.080409,32.980909],[35.079733,32.978093],[35.0786,32.975285],[35.077814,32.973047],[35.077047,32.970223],[35.076911,32.969815],[35.076859,32.969581],[35.076948,32.969303],[35.076672,32.969185],[35.075945,32.965748],[35.075832,32.965414],[35.075922,32.965099],[35.075835,32.964515],[35.075609,32.964176],[35.075743,32.96411],[35.075517,32.963029],[35.075404,32.96279],[35.075515,32.962748],[35.075364,32.962588],[35.075244,32.962265],[35.075406,32.962034],[35.075229,32.961747],[35.075223,32.960485],[35.0752,32.959727],[35.075165,32.959253],[35.074864,32.958931],[35.074598,32.958847],[35.074898,32.958275],[35.074841,32.957256],[35.074962,32.957056],[35.07495,32.956521],[35.074816,32.955968],[35.074772,32.955505],[35.074841,32.955235],[35.074733,32.954933],[35.07467,32.954311],[35.07474,32.954182],[35.074555,32.952818],[35.074409,32.952354],[35.074386,32.951804],[35.07445,32.95108],[35.074337,32.950726],[35.074376,32.950402],[35.07428,32.949348],[35.074149,32.949248],[35.07398,32.947509],[35.073828,32.94682],[35.073682,32.946705],[35.073676,32.946531],[35.073477,32.946476],[35.07342,32.946317],[35.073397,32.946105],[35.073394,32.945971],[35.073359,32.944952],[35.073402,32.944844],[35.073509,32.944645],[35.073445,32.944411],[35.073359,32.944285],[35.073188,32.944141],[35.073123,32.943979],[35.073016,32.943583],[35.073302,32.94279],[35.073374,32.941882],[35.072986,32.940769],[35.072839,32.94063],[35.072903,32.940517],[35.072817,32.940262],[35.072832,32.939944],[35.072415,32.939477],[35.072419,32.939158],[35.072562,32.938921],[35.072473,32.938494],[35.072347,32.938354],[35.072375,32.938214],[35.072407,32.937364],[35.072279,32.937082],[35.072288,32.936845],[35.072369,32.936652],[35.072442,32.936046],[35.072314,32.936046],[35.072348,32.935964],[35.072377,32.935676],[35.072336,32.93525],[35.072104,32.935013],[35.071934,32.934974],[35.071871,32.934692],[35.072026,32.934558],[35.072095,32.934183],[35.071784,32.933346],[35.071454,32.932964],[35.071281,32.93302],[35.071155,32.932733],[35.071031,32.932538],[35.070928,32.932298],[35.070702,32.932226],[35.070782,32.932151],[35.070619,32.931963],[35.070534,32.931796],[35.070654,32.931683],[35.070554,32.931429],[35.070355,32.93123],[35.070111,32.931238],[35.06987,32.930829],[35.069868,32.930717],[35.069934,32.93045],[35.069703,32.93018],[35.069719,32.929954],[35.069624,32.929895],[35.069504,32.929531],[35.069233,32.929155],[35.069202,32.928859],[35.069265,32.928846],[35.06904,32.928576],[35.068971,32.928264],[35.06894,32.928141],[35.069009,32.928091],[35.06895,32.927352],[35.068791,32.927073],[35.068706,32.926678],[35.068496,32.926436],[35.068455,32.925975],[35.06831,32.925962],[35.06832,32.92542],[35.068046,32.924903],[35.067859,32.924982],[35.067665,32.924979],[35.067563,32.924871],[35.067556,32.924726],[35.067757,32.92461],[35.067585,32.924304],[35.067492,32.92429],[35.067472,32.924169],[35.067552,32.924158],[35.067074,32.922633],[35.066968,32.922647],[35.066925,32.922473],[35.066987,32.922465],[35.066464,32.920861],[35.066199,32.920857],[35.066066,32.920862],[35.065738,32.920638],[35.065574,32.92048],[35.065569,32.920364],[35.065467,32.920354],[35.06538,32.920313],[35.065386,32.920211],[35.06542,32.920138],[35.065378,32.920093],[35.06537,32.920035],[35.065285,32.919986],[35.065278,32.919873],[35.065483,32.91981],[35.065386,32.919767],[35.065451,32.919692],[35.06553,32.919589],[35.065575,32.919472],[35.06571,32.919429],[35.065841,32.919441],[35.066239,32.91915],[35.066298,32.919042],[35.066478,32.919028],[35.066558,32.919133],[35.066741,32.919159],[35.067004,32.91909],[35.06757,32.919104],[35.067696,32.919182],[35.06777,32.919197],[35.067823,32.91927],[35.067931,32.919266],[35.067936,32.919322],[35.068107,32.919322],[35.068287,32.919164],[35.068228,32.919042],[35.068362,32.918911],[35.068508,32.918888],[35.068503,32.919054],[35.068589,32.919054],[35.068583,32.919107],[35.068899,32.919245],[35.068867,32.919041],[35.068789,32.91901],[35.068659,32.919008],[35.068674,32.918963],[35.068817,32.918959],[35.068979,32.918846],[35.069921,32.918766],[35.070058,32.918728],[35.070283,32.918897],[35.07019,32.918908],[35.070304,32.919508],[35.070254,32.919513],[35.070134,32.918915],[35.069785,32.918955],[35.069857,32.919431],[35.069805,32.919436],[35.069729,32.918962],[35.069403,32.919002],[35.069466,32.919269],[35.069417,32.919276],[35.069352,32.919012],[35.069279,32.919014],[35.069154,32.919079],[35.069139,32.919156],[35.069165,32.919512],[35.069212,32.919637],[35.069602,32.919923],[35.069717,32.919596],[35.069755,32.919607],[35.069696,32.919825],[35.069737,32.919838],[35.0697,32.919948],[35.070157,32.919996],[35.070227,32.919773],[35.070298,32.919799],[35.07025,32.919974],[35.070305,32.920045],[35.070172,32.920136],[35.070195,32.920275],[35.070441,32.920596],[35.070593,32.920567],[35.071019,32.921049],[35.071547,32.9213],[35.07192,32.921632],[35.072143,32.921622],[35.073067,32.921482],[35.07313,32.921394],[35.073511,32.921304],[35.073558,32.921404],[35.07433,32.921151],[35.074723,32.920959],[35.075263,32.920698],[35.076991,32.919875],[35.07714,32.920011],[35.077451,32.919951],[35.07868,32.918582],[35.079326,32.917603],[35.080089,32.915641],[35.080584,32.9136],[35.080676,32.911328],[35.080818,32.908383],[35.080678,32.906285],[35.080474,32.902932],[35.079849,32.898417],[35.078434,32.893218],[35.077016,32.888009],[35.076016,32.884345],[35.073741,32.878214],[35.067659,32.861936],[35.066537,32.859316],[35.066487,32.859222],[35.06648,32.859205],[35.066128,32.85855],[35.064522,32.854978],[35.060817,32.848002],[35.060006,32.846474],[35.05911,32.844787],[35.058543,32.843875],[35.05607,32.839861],[35.056043,32.839825],[35.053723,32.836701],[35.053167,32.835952],[35.052594,32.83518],[35.052178,32.83462],[35.051273,32.833666],[35.050618,32.832975],[35.049362,32.831325],[35.047799,32.829552],[35.046547,32.82803],[35.044053,32.8255],[35.043117,32.824488],[35.041055,32.822641],[35.039391,32.821235],[35.037569,32.820024],[35.037299,32.820163],[35.037185,32.820363],[35.035994,32.819749],[35.032786,32.817937],[35.032765,32.817856],[35.032378,32.817613],[35.031559,32.817296],[35.028684,32.816458],[35.026717,32.815832],[35.023093,32.817441],[35.022957,32.81755],[35.022832,32.817591],[35.022717,32.817551],[35.022692,32.817494],[35.022686,32.817467],[35.022761,32.817386],[35.022937,32.817315],[35.023083,32.817287],[35.025712,32.816133],[35.025696,32.816104],[35.025651,32.816026],[35.026583,32.81561],[35.027884,32.815067],[35.030548,32.815893],[35.031044,32.814654],[35.031273,32.814709],[35.031377,32.814474],[35.031134,32.814403],[35.03193,32.812569],[35.03342,32.81305],[35.034362,32.813322],[35.035136,32.813566],[35.035921,32.813847],[35.036753,32.811821],[35.030038,32.809517],[35.029765,32.808637],[35.029749,32.808641],[35.029744,32.808624],[35.029239,32.808758],[35.029006,32.808712],[35.028838,32.808596],[35.028724,32.808275],[35.028821,32.808209],[35.028741,32.807847],[35.028722,32.807329],[35.028851,32.807244],[35.028836,32.807195],[35.028781,32.807012],[35.031945,32.806311],[35.031348,32.804375],[35.029693,32.804726],[35.029585,32.804861],[35.029537,32.805777],[35.028593,32.806006],[35.028577,32.806142],[35.028523,32.806218],[35.028446,32.80626],[35.028335,32.806259],[35.028244,32.806241],[35.028185,32.806173],[35.028124,32.806089],[35.027512,32.806221],[35.027543,32.806582],[35.027905,32.806768],[35.027994,32.807033],[35.02801,32.807063],[35.028155,32.807049],[35.028229,32.807475],[35.028021,32.807474],[35.0279,32.807352],[35.02807,32.808381],[35.028186,32.808552],[35.028253,32.808774],[35.028245,32.808971],[35.027978,32.808963],[35.027959,32.812102],[35.025733,32.813953],[35.025482,32.813723],[35.025276,32.813692],[35.025276,32.81371],[35.025253,32.813689],[35.025268,32.814255],[35.025055,32.814445],[35.024713,32.814748],[35.024696,32.814729],[35.024777,32.814668],[35.024691,32.814588],[35.024815,32.814485],[35.024852,32.814513],[35.024862,32.814504],[35.024875,32.814516],[35.025217,32.81422],[35.025202,32.813629],[35.025146,32.813625],[35.025124,32.813656],[35.02498,32.813811],[35.024866,32.814149],[35.024548,32.814321],[35.023977,32.814152],[35.023361,32.814281],[35.023074,32.814821],[35.023077,32.814901],[35.023024,32.814949],[35.022955,32.814939],[35.022916,32.815004],[35.02284,32.815005],[35.022812,32.814952],[35.022884,32.814886],[35.022894,32.814824],[35.022967,32.814786],[35.023175,32.814351],[35.023131,32.814254],[35.023245,32.814209],[35.023601,32.813479],[35.023095,32.813293],[35.022393,32.813234],[35.01961,32.812734],[35.019589,32.812863],[35.019704,32.813605],[35.019863,32.813978],[35.020037,32.814153],[35.020122,32.81415],[35.020209,32.814214],[35.020166,32.814277],[35.020423,32.814462],[35.021426,32.814831],[35.021493,32.814799],[35.021561,32.814831],[35.021589,32.814891],[35.022081,32.815128],[35.022295,32.815271],[35.022371,32.815345],[35.022445,32.815292],[35.022477,32.815231],[35.022533,32.815233],[35.022543,32.815315],[35.022446,32.815396],[35.022883,32.815849],[35.022973,32.815869],[35.022995,32.815978],[35.022928,32.816038],[35.022846,32.816058],[35.02274,32.815998],[35.022646,32.815824],[35.022337,32.815515],[35.021665,32.815064],[35.020325,32.814572],[35.020051,32.814412],[35.019721,32.814058],[35.01954,32.813766],[35.019285,32.812512],[35.018952,32.812421],[35.017746,32.812458],[35.017698,32.812459],[35.016255,32.820192],[35.015937,32.820592],[35.015567,32.821031],[35.012921,32.820681],[35.014119,32.814534],[35.014044,32.814523],[35.014049,32.814495],[35.013477,32.814438],[35.013236,32.814447],[35.011442,32.814133],[35.009429,32.822801],[35.008454,32.822936],[35.008147,32.822803],[35.007113,32.822356],[35.007099,32.822378],[35.007087,32.8224],[35.007072,32.822418],[35.007048,32.822432],[35.007011,32.822442],[35.006972,32.822441],[35.006936,32.82243],[35.006906,32.822409],[35.006886,32.822382],[35.006876,32.82235],[35.00688,32.822318],[35.006896,32.822288],[35.006908,32.822277],[35.006942,32.822262],[35.00698,32.822256],[35.007018,32.822261],[35.007063,32.822273],[35.00711,32.822305],[35.008171,32.822736],[35.008172,32.822716],[35.008192,32.822725],[35.008236,32.822151],[35.007862,32.822011],[35.007883,32.821677],[35.007175,32.821641],[35.007055,32.821575],[35.007041,32.821472],[35.007407,32.81983],[35.006746,32.819681],[35.006673,32.819575],[35.00667,32.819493],[35.00673,32.819432],[35.006552,32.819214],[35.006904,32.818223],[35.006744,32.818205],[35.006717,32.818202],[35.005557,32.821699],[35.005436,32.821815],[35.005374,32.821672],[35.006551,32.818162],[35.005705,32.818111],[35.004832,32.820603],[35.004814,32.82062],[35.00477,32.820643],[35.004698,32.820586],[35.005473,32.81832],[35.005486,32.818093],[35.004318,32.818023],[35.000644,32.821859],[34.999108,32.823366],[34.995075,32.824833],[34.991489,32.826087],[34.991941,32.8271],[34.991959,32.827094],[34.991973,32.827125],[34.992215,32.827046],[34.9923,32.82722],[34.99236,32.827201],[34.992386,32.827246],[34.994101,32.826637],[34.994193,32.826772],[34.992154,32.827444],[34.992365,32.827917],[34.991487,32.828229],[34.991474,32.828195],[34.991454,32.828202],[34.991443,32.828184],[34.990811,32.828407],[34.990604,32.828692],[34.990711,32.828653],[34.99067,32.828737],[34.990575,32.828773],[34.990662,32.828924],[34.990934,32.829398],[34.992012,32.828987],[34.992074,32.829127],[34.990575,32.829663],[34.990664,32.829836],[34.990767,32.829797],[34.990772,32.829809],[34.991465,32.829566],[34.991557,32.829781],[34.991584,32.829776],[34.991613,32.829835],[34.992094,32.829704],[34.992159,32.82987],[34.991561,32.830074],[34.991655,32.830276],[34.991669,32.830271],[34.991674,32.83028],[34.991818,32.830218],[34.992499,32.82998],[34.993955,32.829335],[34.994042,32.829468],[34.994125,32.829602],[34.994285,32.829538],[34.994513,32.829348],[34.994323,32.829003],[34.994309,32.828973],[34.994381,32.828949],[34.99439,32.828965],[34.994568,32.829312],[34.994584,32.829312],[34.99459,32.829322],[34.994804,32.829346],[34.994991,32.829273],[34.995111,32.829125],[34.994917,32.828757],[34.99497,32.828738],[34.995155,32.829098],[34.99518,32.829086],[34.995189,32.829101],[34.99533,32.829059],[34.995383,32.829118],[34.995399,32.829113],[34.995418,32.82914],[34.995789,32.829009],[34.996901,32.828617],[34.99684,32.828424],[34.997254,32.828291],[34.99683,32.827457],[34.996956,32.827408],[34.997344,32.828199],[34.997366,32.82819],[34.997388,32.828234],[34.998117,32.827992],[34.998088,32.827864],[34.998228,32.82779],[34.997882,32.827126],[34.997972,32.827077],[34.99832,32.827759],[34.998368,32.827736],[34.998374,32.827746],[34.998818,32.827559],[34.998805,32.827534],[34.998393,32.826697],[34.998504,32.826631],[34.99852,32.826625],[34.99895,32.827491],[34.998976,32.827482],[34.998982,32.827495],[34.99975,32.827218],[34.999743,32.827204],[34.999809,32.82718],[34.999381,32.826327],[34.999527,32.826273],[34.999953,32.827134],[35.000068,32.827097],[35.000391,32.826993],[35.000675,32.827285],[35.004975,32.825782],[35.005768,32.825581],[35.006263,32.825506],[35.006913,32.825421],[35.007283,32.825395],[35.008741,32.82544],[35.010103,32.825536],[35.014564,32.826717],[35.015921,32.827244],[35.016453,32.827304],[35.016529,32.827457],[35.016494,32.827644],[35.016326,32.827699],[35.014717,32.826959],[35.009348,32.825695],[35.008052,32.825625],[35.006909,32.825675],[35.006156,32.825736],[35.005091,32.825921],[35.000763,32.827436],[34.999612,32.827838],[34.998741,32.82819],[34.997776,32.828549],[34.997919,32.829078],[34.997937,32.829274],[34.998401,32.831053],[34.998318,32.831077],[34.997829,32.829374],[34.996638,32.829803],[34.992643,32.831221],[34.992486,32.831044],[34.991197,32.831608],[34.991792,32.832742],[34.991865,32.832734],[34.997637,32.833335],[34.998141,32.833312],[34.998205,32.833273],[34.998509,32.833312],[34.998493,32.833417],[34.998052,32.833442],[34.998047,32.833536],[34.997564,32.833534],[34.996457,32.833503],[34.99523,32.833373],[34.993471,32.833145],[34.992381,32.833004],[34.991862,32.833026],[34.990902,32.833304],[34.990657,32.833223],[34.990631,32.833027],[34.990721,32.832886],[34.99089,32.832794],[34.991122,32.832805],[34.991205,32.832903],[34.991306,32.832888],[34.99138,32.832865],[34.991567,32.83278],[34.991214,32.832065],[34.990969,32.831582],[34.989107,32.832177],[34.989049,32.832039],[34.988845,32.832071],[34.988743,32.832114],[34.988558,32.832243],[34.988329,32.832456],[34.988257,32.832641],[34.988189,32.833272],[34.988265,32.833362],[34.988344,32.833382],[34.988703,32.833285],[34.988795,32.833298],[34.988793,32.833403],[34.988174,32.83366],[34.987578,32.834043],[34.98739,32.834056],[34.987332,32.834087],[34.987178,32.834224],[34.986978,32.834404],[34.986353,32.835078],[34.986335,32.835152],[34.986327,32.835288],[34.986353,32.835311],[34.986413,32.83539],[34.986396,32.835451],[34.986315,32.83553],[34.986176,32.835631],[34.986058,32.835706],[34.985964,32.835733],[34.985818,32.835704],[34.985702,32.835619],[34.985621,32.835555],[34.985505,32.835477],[34.985365,32.83541],[34.985271,32.835473],[34.985241,32.835518],[34.985233,32.83559],[34.985316,32.835685],[34.985406,32.835736],[34.985463,32.835761],[34.985471,32.835799],[34.985335,32.835802],[34.985169,32.83578],[34.984963,32.835761],[34.984812,32.83585],[34.984233,32.836128],[34.983548,32.836377],[34.982841,32.83652],[34.982023,32.836577],[34.981238,32.836619],[34.980841,32.836567],[34.980557,32.836481],[34.980337,32.836468],[34.98016,32.836546],[34.980374,32.836598],[34.980352,32.836638],[34.98032,32.836668],[34.980184,32.836709],[34.98003,32.836734],[34.979905,32.836729],[34.979822,32.836674],[34.979804,32.836616],[34.979838,32.836561],[34.979941,32.836523],[34.980046,32.836407],[34.980182,32.836261],[34.980204,32.836188],[34.980251,32.836056],[34.980219,32.83602],[34.980125,32.835953],[34.979993,32.835906],[34.979972,32.835898],[34.979654,32.836259],[34.979614,32.836304],[34.979587,32.836329],[34.979518,32.836299],[34.97949,32.83627],[34.979482,32.836234],[34.979816,32.835847],[34.979826,32.835776],[34.979802,32.835687],[34.979679,32.835604],[34.979546,32.835521],[34.979483,32.835491],[34.979316,32.8354],[34.979132,32.835336],[34.978901,32.835261],[34.978848,32.835336],[34.978772,32.835414],[34.978707,32.835502],[34.978652,32.835505],[34.97861,32.835472],[34.978607,32.835339],[34.978586,32.835276],[34.978524,32.835237],[34.97844,32.835218],[34.978309,32.835223],[34.978239,32.835226],[34.978185,32.835229],[34.978052,32.835242],[34.97797,32.83525],[34.977902,32.835278],[34.977901,32.835296],[34.97789,32.835306],[34.977854,32.835313],[34.977836,32.835302],[34.977808,32.835314],[34.977737,32.835355],[34.977724,32.835419],[34.977732,32.835477],[34.977745,32.835605],[34.977759,32.835818],[34.977834,32.835961],[34.977961,32.836168],[34.978083,32.836285],[34.978074,32.836319],[34.978022,32.836337],[34.977966,32.836338],[34.977919,32.836318],[34.977855,32.83626],[34.977796,32.836195],[34.977757,32.836137],[34.977724,32.836071],[34.97768,32.835958],[34.977641,32.835837],[34.977594,32.83567],[34.977577,32.835506],[34.977573,32.835396],[34.977585,32.835306],[34.977598,32.835264],[34.977613,32.835239],[34.977654,32.835176],[34.977645,32.835071],[34.977629,32.835009],[34.977582,32.834962],[34.977239,32.8348],[34.977105,32.834731],[34.976996,32.83462],[34.977099,32.834438],[34.977031,32.834378],[34.977048,32.834263],[34.976962,32.834231],[34.976938,32.834275],[34.976679,32.834176],[34.976635,32.834206],[34.976555,32.834176],[34.976576,32.834118],[34.976633,32.833988],[34.975589,32.833603],[34.974711,32.833204],[34.973802,32.832877],[34.972947,32.832524],[34.972626,32.832468],[34.97248,32.832472],[34.972465,32.832591],[34.972456,32.832621],[34.972425,32.832641],[34.972374,32.832678],[34.972314,32.832678],[34.97216,32.832639],[34.971978,32.832615],[34.97192,32.832579],[34.971907,32.83249],[34.971914,32.832344],[34.971983,32.832337],[34.971989,32.832327],[34.971944,32.832268],[34.9718,32.832176],[34.971512,32.832083],[34.970727,32.83181],[34.970463,32.831737],[34.970209,32.831631],[34.969964,32.831571],[34.969254,32.831435],[34.96896,32.831417],[34.968666,32.831422],[34.968477,32.831488],[34.968388,32.831616],[34.968409,32.8317],[34.968467,32.831889],[34.968462,32.832004],[34.968236,32.831827],[34.967932,32.831695],[34.967643,32.831638],[34.96748,32.831647],[34.967312,32.831717],[34.967113,32.831731],[34.965728,32.831365],[34.964458,32.830959],[34.963278,32.830404],[34.962087,32.829636],[34.961032,32.828508],[34.960518,32.827983],[34.960418,32.827741],[34.959558,32.826969],[34.958734,32.826281],[34.958351,32.826109],[34.958077,32.826127],[34.95768,32.825956],[34.957212,32.825867],[34.957002,32.825911],[34.956893,32.825967],[34.956861,32.825977],[34.956811,32.826009],[34.956898,32.826074],[34.956725,32.826237],[34.956693,32.826264],[34.956546,32.826158],[34.95641,32.826268],[34.95631,32.826167],[34.956263,32.826347],[34.955692,32.825843],[34.954995,32.825655],[34.954808,32.82495],[34.954486,32.824341],[34.954531,32.823185],[34.954218,32.822314],[34.954254,32.822021],[34.954095,32.819057],[34.954044,32.818061],[34.954295,32.817504],[34.954277,32.814605],[34.954335,32.813649],[34.954456,32.813295],[34.955558,32.80966],[34.955931,32.80829],[34.956006,32.808127],[34.95595,32.807712],[34.955675,32.807075],[34.955162,32.806367],[34.954711,32.806166],[34.954324,32.806034],[34.954324,32.806047],[34.954269,32.80603],[34.954343,32.805412],[34.954415,32.805393],[34.954503,32.805237],[34.955087,32.805076],[34.955436,32.80495],[34.955719,32.804841],[34.956134,32.804528],[34.956112,32.803482],[34.956135,32.803428],[34.95626,32.803271],[34.95642,32.803181],[34.95651,32.802858],[34.956446,32.802263],[34.956299,32.801558],[34.956257,32.801113],[34.956235,32.800397],[34.956131,32.800099],[34.95603,32.799728],[34.955601,32.796835],[34.955385,32.79671],[34.954943,32.796714],[34.954932,32.796623],[34.9555,32.796563],[34.955597,32.796363],[34.955574,32.795712],[34.955342,32.794165],[34.955088,32.79412],[34.955302,32.794037],[34.955361,32.793474],[34.955149,32.792848],[34.955144,32.792233],[34.955248,32.791672],[34.954893,32.789808],[34.954673,32.788309],[34.954321,32.785621],[34.954327,32.784272],[34.954203,32.783679],[34.954152,32.782651],[34.95388,32.779986],[34.95369,32.778011],[34.953548,32.777591],[34.952259,32.767854],[34.95101,32.758429],[34.950204,32.752344],[34.949971,32.750592],[34.949302,32.745566],[34.948515,32.739531],[34.948272,32.737661],[34.947424,32.73286],[34.946622,32.727607],[34.945665,32.72319],[34.945565,32.722784],[34.94467,32.719177],[34.944387,32.71736],[34.942687,32.711578],[34.942257,32.710862],[34.941637,32.709829],[34.940422,32.708275],[34.939061,32.706859],[34.93796,32.706052],[34.937245,32.706017],[34.936498,32.705785],[34.93527,32.705724],[34.934835,32.706187],[34.934757,32.706055],[34.934159,32.706095],[34.933759,32.706172],[34.933807,32.706312],[34.933945,32.706664],[34.933811,32.706854],[34.933531,32.706656],[34.933431,32.706165],[34.932978,32.706111],[34.932627,32.706227],[34.932274,32.706182],[34.932255,32.705908],[34.932565,32.705627],[34.932348,32.705242],[34.932133,32.705169],[34.932007,32.704853],[34.931986,32.704625],[34.932438,32.70457],[34.933197,32.704602],[34.933314,32.704834],[34.93362,32.704735],[34.933679,32.704735],[34.933943,32.70474],[34.934389,32.704499],[34.934757,32.704387],[34.935369,32.703478],[34.935398,32.702244],[34.934367,32.699933],[34.932107,32.698641],[34.931937,32.698583],[34.931508,32.698465],[34.93142,32.698426],[34.930775,32.698409],[34.930137,32.698501],[34.9295,32.6988],[34.929145,32.699297],[34.927981,32.69937],[34.928083,32.698836],[34.928237,32.698653],[34.928632,32.698478],[34.929194,32.698332],[34.929701,32.698275],[34.929737,32.698166],[34.929691,32.698074],[34.929432,32.697995],[34.928808,32.698031],[34.928339,32.698186],[34.927904,32.698208],[34.927605,32.698107],[34.927371,32.697863],[34.927311,32.697584],[34.927372,32.697348],[34.927605,32.696349],[34.927654,32.696222],[34.927544,32.696106],[34.927154,32.69615],[34.927136,32.695657],[34.92746,32.695585],[34.927683,32.695602],[34.927748,32.69543],[34.927678,32.695357],[34.927262,32.69529],[34.927125,32.695127],[34.926852,32.694345],[34.92686,32.693414],[34.927008,32.692943],[34.926664,32.692491],[34.927894,32.691338],[34.928485,32.690744],[34.928173,32.690342],[34.927875,32.690021],[34.927764,32.689514],[34.928014,32.689142],[34.928413,32.689271],[34.928741,32.68935],[34.929045,32.68897],[34.929052,32.688586],[34.928881,32.688281],[34.928403,32.68793],[34.92815,32.687662],[34.927906,32.687743],[34.927874,32.68789],[34.927988,32.687989],[34.927875,32.688044],[34.927719,32.687903],[34.927732,32.687719],[34.927729,32.687603],[34.927406,32.687486],[34.927306,32.687371],[34.927548,32.687309],[34.927682,32.687197],[34.928079,32.687198],[34.928192,32.687029],[34.92822,32.686821],[34.928139,32.686531],[34.927772,32.686179],[34.927426,32.68618],[34.927211,32.686449],[34.926939,32.686437],[34.926978,32.686142],[34.926928,32.685877],[34.926287,32.685683],[34.926227,32.685496],[34.926346,32.685159],[34.926419,32.684953],[34.926673,32.685117],[34.927158,32.684957],[34.927244,32.684846],[34.927083,32.684671],[34.927055,32.684492],[34.927309,32.684526],[34.927588,32.684673],[34.927749,32.684652],[34.92787,32.684508],[34.92791,32.684367],[34.927649,32.684313],[34.927601,32.684217],[34.927863,32.683976],[34.928113,32.68385],[34.928135,32.683556],[34.928064,32.683358],[34.928002,32.683136],[34.92784,32.68297],[34.927691,32.682784],[34.927374,32.682943],[34.927198,32.682988],[34.926935,32.682984],[34.926775,32.683061],[34.926639,32.68297],[34.926635,32.682814],[34.926691,32.682517],[34.926728,32.682294],[34.926866,32.682156],[34.927112,32.682129],[34.92724,32.682014],[34.9273,32.681837],[34.927473,32.681789],[34.92759,32.681671],[34.927582,32.681484],[34.927416,32.68131],[34.926785,32.681252],[34.926452,32.681134],[34.926339,32.680984],[34.926323,32.680763],[34.926412,32.68061],[34.926686,32.680539],[34.926851,32.680596],[34.926899,32.68054],[34.926891,32.68036],[34.926824,32.680213],[34.926678,32.680237],[34.926582,32.680344],[34.926402,32.680504],[34.926207,32.680552],[34.926185,32.680466],[34.926325,32.680365],[34.926308,32.680196],[34.926437,32.680131],[34.926441,32.679978],[34.926326,32.679893],[34.9261,32.679923],[34.925914,32.679826],[34.92631,32.679409],[34.926087,32.678939],[34.926812,32.678662],[34.927257,32.679066],[34.92762,32.679283],[34.928439,32.678755],[34.928888,32.677875],[34.929049,32.677033],[34.928896,32.676436],[34.929145,32.674989],[34.929106,32.674618],[34.928916,32.674296],[34.929222,32.674068],[34.928435,32.67069],[34.928356,32.670531],[34.928119,32.670054],[34.927775,32.669832],[34.927555,32.669382],[34.927672,32.669164],[34.928025,32.668987],[34.927766,32.665725],[34.927625,32.665488],[34.926921,32.665586],[34.926663,32.665369],[34.926827,32.665053],[34.927531,32.664934],[34.927438,32.664657],[34.927132,32.662345],[34.926733,32.661949],[34.926663,32.661376],[34.926268,32.660804],[34.925395,32.66102],[34.924676,32.660864],[34.924174,32.660921],[34.924385,32.660427],[34.924972,32.660427],[34.925583,32.659814],[34.925911,32.659676],[34.926545,32.659537],[34.926874,32.659004],[34.926987,32.658322],[34.925614,32.650085],[34.925262,32.64964],[34.924584,32.648783],[34.924789,32.648157],[34.924496,32.647595],[34.923799,32.647651],[34.92282,32.647707],[34.922238,32.647344],[34.92212,32.646833],[34.922753,32.646729],[34.922471,32.646211],[34.922022,32.645932],[34.922059,32.645345],[34.922521,32.645275],[34.923633,32.645191],[34.924218,32.644781],[34.923434,32.64445],[34.923401,32.644184],[34.923766,32.643835],[34.923648,32.643522],[34.923052,32.643345],[34.922238,32.643765],[34.921923,32.643639],[34.921837,32.643289],[34.92174,32.642772],[34.921026,32.642576],[34.920974,32.642308],[34.922006,32.641276],[34.922321,32.640927],[34.922902,32.641094],[34.923035,32.640787],[34.922703,32.640633],[34.92269,32.640305],[34.923085,32.639626],[34.92345,32.638773],[34.922967,32.638668],[34.922687,32.638508],[34.922886,32.63806],[34.922355,32.63799],[34.921837,32.637081],[34.921159,32.63704],[34.920761,32.63683],[34.920777,32.63648],[34.921126,32.636466],[34.921358,32.636313],[34.921524,32.635767],[34.921773,32.635474],[34.922169,32.635241],[34.92179,32.634942],[34.921375,32.63476],[34.921242,32.634383],[34.921538,32.633898],[34.921591,32.633418],[34.921292,32.632915],[34.921388,32.632421],[34.921401,32.632021],[34.921425,32.631724],[34.921068,32.631537],[34.920795,32.631301],[34.920616,32.631185],[34.920454,32.630849],[34.92037,32.630578],[34.920083,32.630497],[34.91986,32.630619],[34.919807,32.630598],[34.919878,32.630515],[34.920028,32.630397],[34.919814,32.630174],[34.919333,32.630032],[34.919154,32.629914],[34.91915,32.62978],[34.919291,32.629618],[34.91951,32.629504],[34.919716,32.62948],[34.919839,32.62957],[34.919983,32.629946],[34.920098,32.630029],[34.920519,32.629971],[34.920738,32.629699],[34.920843,32.629443],[34.920848,32.629237],[34.920814,32.62909],[34.920684,32.62899],[34.920382,32.629049],[34.919962,32.629139],[34.919547,32.629158],[34.919159,32.628942],[34.918988,32.628846],[34.918846,32.628665],[34.918895,32.628536],[34.918973,32.628524],[34.919261,32.628642],[34.9194,32.62878],[34.919522,32.6288],[34.919616,32.628773],[34.919723,32.628693],[34.919769,32.628583],[34.91958,32.628406],[34.919534,32.628359],[34.919549,32.628302],[34.919632,32.628189],[34.919904,32.628104],[34.919997,32.628021],[34.920003,32.627938],[34.919936,32.627848],[34.919838,32.627795],[34.919688,32.627714],[34.919654,32.627643],[34.919682,32.627554],[34.919851,32.627163],[34.919452,32.627013],[34.919416,32.626418],[34.91918,32.626243],[34.918954,32.626183],[34.918642,32.626276],[34.918542,32.626149],[34.918555,32.626037],[34.918669,32.625888],[34.918689,32.625708],[34.9188,32.625572],[34.918821,32.625413],[34.91891,32.625215],[34.919063,32.625218],[34.91921,32.625296],[34.919331,32.625264],[34.919488,32.625159],[34.919448,32.625063],[34.919299,32.625037],[34.919079,32.625042],[34.918668,32.6249],[34.918408,32.624804],[34.918303,32.624699],[34.918353,32.624455],[34.918423,32.624388],[34.918605,32.624445],[34.918867,32.624426],[34.919247,32.624378],[34.919528,32.624321],[34.919644,32.624254],[34.919831,32.623965],[34.919857,32.62379],[34.919816,32.62362],[34.919677,32.623585],[34.919467,32.623588],[34.919349,32.623518],[34.919051,32.623201],[34.918784,32.623172],[34.918875,32.622994],[34.919536,32.62312],[34.919711,32.623091],[34.919912,32.623012],[34.920209,32.622812],[34.9204,32.622442],[34.920366,32.622207],[34.920176,32.621954],[34.919962,32.62174],[34.919234,32.621323],[34.91885,32.6213],[34.918669,32.621178],[34.918403,32.620693],[34.918004,32.620581],[34.917285,32.620517],[34.917523,32.620805],[34.917307,32.621112],[34.916842,32.621057],[34.916576,32.620595],[34.916405,32.620206],[34.916294,32.61942],[34.916947,32.619058],[34.916848,32.618475],[34.916311,32.618357],[34.915713,32.618176],[34.915746,32.617728],[34.915119,32.617517],[34.915521,32.616902],[34.914843,32.616588],[34.914916,32.616176],[34.915464,32.61605],[34.915411,32.61552],[34.915763,32.615546],[34.916053,32.615921],[34.916693,32.615896],[34.917294,32.615892],[34.917633,32.615051],[34.917632,32.614629],[34.91735,32.614141],[34.917122,32.613895],[34.91682,32.613701],[34.916535,32.613576],[34.916041,32.613596],[34.915788,32.614352],[34.914873,32.614336],[34.914645,32.613478],[34.914156,32.613613],[34.914063,32.613253],[34.914444,32.612975],[34.914282,32.612702],[34.91455,32.612506],[34.915132,32.612567],[34.915398,32.612665],[34.916306,32.612485],[34.916331,32.612194],[34.916294,32.61184],[34.915979,32.611302],[34.916139,32.61077],[34.916307,32.610199],[34.916386,32.609788],[34.915979,32.609236],[34.915848,32.608783],[34.915854,32.608437],[34.916013,32.608237],[34.916518,32.608004],[34.91689,32.607657],[34.917102,32.606893],[34.917026,32.606152],[34.916979,32.605515],[34.917025,32.604115],[34.916757,32.603109],[34.916099,32.601297],[34.916001,32.600501],[34.9164,32.599772],[34.916351,32.5991],[34.915993,32.597827],[34.915947,32.59729],[34.915718,32.597147],[34.915558,32.596026],[34.915457,32.595098],[34.914779,32.590292],[34.914341,32.588896],[34.914093,32.5863],[34.913088,32.582547],[34.912874,32.580017],[34.911178,32.572559],[34.908974,32.56384],[34.908285,32.560507],[34.907022,32.557918],[34.905975,32.556465],[34.905226,32.555731],[34.904817,32.555064],[34.904795,32.554357],[34.904909,32.553731],[34.905138,32.553107],[34.905042,32.551996],[34.905197,32.549464],[34.903822,32.544341],[34.903584,32.543313],[34.903421,32.542608],[34.902071,32.539899],[34.901855,32.539756],[34.901136,32.539619],[34.900963,32.539348],[34.900904,32.539122],[34.900719,32.539094],[34.900694,32.538958],[34.900921,32.538854],[34.901785,32.537275],[34.901448,32.536857],[34.901397,32.534948],[34.901053,32.533552],[34.900455,32.532285],[34.900127,32.528522],[34.899674,32.527784],[34.899291,32.527613],[34.899411,32.527201],[34.899503,32.526424],[34.899378,32.52576],[34.898881,32.525116],[34.898344,32.524714],[34.898541,32.524458],[34.898675,32.524076],[34.898636,32.523195],[34.898072,32.522662],[34.898027,32.522479],[34.898088,32.522207],[34.897918,32.521487],[34.898097,32.521169],[34.897969,32.520275],[34.898039,32.519875],[34.897862,32.518693],[34.897833,32.518208],[34.897632,32.517874],[34.897672,32.517559],[34.897618,32.517265],[34.897159,32.516536],[34.897004,32.516303],[34.897142,32.515721],[34.896991,32.515163],[34.896707,32.514649],[34.896252,32.514345],[34.896174,32.513886],[34.896005,32.513727],[34.895797,32.513678],[34.895515,32.513737],[34.895431,32.513417],[34.895715,32.513181],[34.895639,32.51283],[34.895574,32.512529],[34.895812,32.512274],[34.896087,32.511752],[34.89602,32.511268],[34.895837,32.510585],[34.895569,32.510258],[34.895447,32.509734],[34.895218,32.509503],[34.89523,32.509276],[34.895111,32.508958],[34.894272,32.507907],[34.893749,32.50715],[34.893559,32.507089],[34.893276,32.506792],[34.892915,32.506757],[34.892661,32.506593],[34.892538,32.506318],[34.891976,32.506291],[34.891752,32.506167],[34.891744,32.50583],[34.89156,32.505231],[34.891375,32.505101],[34.890886,32.505129],[34.890759,32.505021],[34.89076,32.504779],[34.891085,32.504569],[34.891091,32.50436],[34.891001,32.504141],[34.890508,32.504086],[34.890283,32.50416],[34.88989,32.503992],[34.889597,32.504001],[34.889588,32.503834],[34.88937,32.503791],[34.889548,32.503651],[34.889799,32.503129],[34.890406,32.503306],[34.890736,32.502788],[34.891068,32.502493],[34.890886,32.502137],[34.89068,32.501872],[34.890585,32.501804],[34.890538,32.501903],[34.890398,32.502002],[34.890398,32.501903],[34.890324,32.501858],[34.890217,32.501893],[34.890189,32.501966],[34.890313,32.502066],[34.890266,32.502111],[34.890064,32.501974],[34.889972,32.501979],[34.889986,32.502079],[34.889826,32.502034],[34.889748,32.502113],[34.88971,32.502055],[34.888951,32.50232],[34.888914,32.502447],[34.888951,32.502763],[34.88893,32.502854],[34.888889,32.502909],[34.888802,32.502914],[34.888799,32.502626],[34.888782,32.502412],[34.888805,32.502274],[34.888791,32.501971],[34.888918,32.50189],[34.88908,32.501903],[34.889295,32.501804],[34.889395,32.501663],[34.890021,32.50132],[34.89018,32.501308],[34.890413,32.501148],[34.890484,32.50089],[34.89053,32.500085],[34.890228,32.498829],[34.88999,32.498109],[34.889765,32.497826],[34.889495,32.497611],[34.889241,32.497684],[34.889124,32.497809],[34.889006,32.497775],[34.888785,32.497846],[34.888577,32.497711],[34.888601,32.497638],[34.888719,32.497582],[34.888826,32.497587],[34.888958,32.497608],[34.888877,32.497468],[34.888679,32.497445],[34.888451,32.497407],[34.888281,32.497594],[34.888125,32.497354],[34.888071,32.497199],[34.88795,32.497084],[34.888522,32.496727],[34.888753,32.496821],[34.889195,32.496793],[34.889344,32.496774],[34.889419,32.496856],[34.889534,32.496719],[34.889583,32.496566],[34.889564,32.496287],[34.889493,32.495901],[34.889397,32.495757],[34.889389,32.495469],[34.889558,32.495272],[34.889841,32.494888],[34.889872,32.494494],[34.889882,32.494044],[34.889634,32.493774],[34.889178,32.493472],[34.888849,32.493522],[34.888762,32.493692],[34.888667,32.493883],[34.888494,32.494102],[34.88862,32.494205],[34.888817,32.494188],[34.888831,32.494254],[34.888617,32.494346],[34.888419,32.494224],[34.888033,32.494208],[34.887638,32.494371],[34.887229,32.494326],[34.886888,32.494162],[34.886877,32.493942],[34.887179,32.493726],[34.887326,32.493705],[34.88753,32.493772],[34.887647,32.493679],[34.887891,32.493668],[34.888015,32.493627],[34.888004,32.493501],[34.888162,32.493483],[34.888206,32.493607],[34.888318,32.493521],[34.888256,32.493364],[34.888366,32.493143],[34.888158,32.493167],[34.887952,32.493018],[34.887773,32.492884],[34.887233,32.492688],[34.886947,32.492655],[34.886827,32.492489],[34.886717,32.492367],[34.886785,32.492229],[34.88705,32.492232],[34.887236,32.492275],[34.887397,32.492453],[34.887541,32.492541],[34.888008,32.492683],[34.88829,32.492894],[34.888575,32.491937],[34.888531,32.491509],[34.888156,32.490594],[34.888409,32.489972],[34.888635,32.489439],[34.888798,32.488247],[34.888697,32.487111],[34.888456,32.485883],[34.888118,32.483987],[34.887751,32.482911],[34.887054,32.480983],[34.88687,32.479977],[34.885629,32.476992],[34.885419,32.476417],[34.884507,32.473924],[34.88418,32.473067],[34.8828,32.4734],[34.882204,32.473524],[34.881364,32.473385],[34.881209,32.473306],[34.881137,32.473196],[34.881191,32.473037],[34.881341,32.473007],[34.881501,32.473036],[34.881752,32.473133],[34.882033,32.473145],[34.882249,32.473001],[34.882242,32.47283],[34.882098,32.472279],[34.882177,32.47221],[34.882448,32.472218],[34.882572,32.472307],[34.882731,32.472279],[34.882842,32.472802],[34.88524,32.472339],[34.884973,32.471334],[34.885062,32.471237],[34.885057,32.471108],[34.884942,32.47097],[34.884895,32.470683],[34.884449,32.469633],[34.884363,32.468856],[34.884215,32.468508],[34.883832,32.468117],[34.883699,32.467896],[34.883324,32.467683],[34.882985,32.467631],[34.881411,32.46798],[34.881138,32.46802],[34.880903,32.4684],[34.8805,32.470011],[34.879677,32.473289],[34.87974,32.473483],[34.879703,32.473646],[34.879586,32.473709],[34.879415,32.473713],[34.879261,32.473636],[34.879196,32.473477],[34.879317,32.472568],[34.879459,32.472225],[34.880442,32.468452],[34.880666,32.467874],[34.881297,32.467174],[34.881927,32.466758],[34.882347,32.466595],[34.883458,32.466322],[34.883591,32.465356],[34.883656,32.4652],[34.883949,32.46519],[34.883921,32.464949],[34.883794,32.464422],[34.883672,32.464097],[34.88317,32.463282],[34.879775,32.452578],[34.879975,32.452241],[34.87968,32.451836],[34.879733,32.451436],[34.879331,32.450801],[34.878982,32.450669],[34.878933,32.449671],[34.879228,32.44958],[34.879314,32.449316],[34.879238,32.448973],[34.879111,32.448893],[34.878943,32.448849],[34.878367,32.449166],[34.878323,32.449035],[34.878839,32.448635],[34.878746,32.448321],[34.878569,32.447722],[34.878017,32.447115],[34.878127,32.446775],[34.877877,32.446389],[34.877767,32.446096],[34.878172,32.445498],[34.878366,32.444993],[34.878354,32.444658],[34.878541,32.444449],[34.878534,32.444228],[34.8781,32.443904],[34.877917,32.443808],[34.877807,32.443751],[34.877618,32.443479],[34.877769,32.443144],[34.877763,32.442821],[34.877578,32.442637],[34.877321,32.442576],[34.877103,32.442576],[34.876743,32.44212],[34.876732,32.441335],[34.876741,32.441154],[34.877156,32.441197],[34.877533,32.441134],[34.877645,32.440736],[34.877113,32.43826],[34.876681,32.436628],[34.876342,32.435348],[34.875997,32.434739],[34.875524,32.434425],[34.875523,32.433952],[34.875258,32.433335],[34.874951,32.432907],[34.87516,32.432481],[34.87488,32.432303],[34.874998,32.432171],[34.875214,32.432011],[34.875411,32.431649],[34.875275,32.431005],[34.874585,32.431321],[34.874345,32.43133],[34.874151,32.431232],[34.874234,32.430992],[34.874441,32.43068],[34.874475,32.430423],[34.874221,32.430157],[34.87443,32.429735],[34.874283,32.429616],[34.874203,32.429325],[34.874459,32.429232],[34.874434,32.429136],[34.873997,32.428708],[34.874116,32.428368],[34.874413,32.428235],[34.874384,32.427985],[34.874113,32.426961],[34.873802,32.426259],[34.873339,32.42619],[34.873273,32.425968],[34.873653,32.425678],[34.873279,32.423731],[34.872625,32.422051],[34.872227,32.418382],[34.871197,32.416498],[34.870716,32.413694],[34.870338,32.412585],[34.869626,32.411446],[34.868787,32.410159],[34.868211,32.408657],[34.866922,32.40525],[34.866485,32.404641],[34.866307,32.40398],[34.866436,32.403536],[34.865841,32.403163],[34.865861,32.403147],[34.866483,32.403504],[34.866735,32.40346],[34.866867,32.403383],[34.866848,32.403278],[34.86689,32.403196],[34.866958,32.403133],[34.866997,32.403018],[34.866971,32.402793],[34.86689,32.402703],[34.866532,32.402605],[34.866177,32.402572],[34.866093,32.402597],[34.866045,32.402583],[34.866012,32.402531],[34.866032,32.402482],[34.866106,32.402471],[34.866161,32.402496],[34.866567,32.402528],[34.866916,32.402651],[34.866951,32.402618],[34.866926,32.402466],[34.866845,32.402381],[34.866732,32.402308],[34.866613,32.402264],[34.866264,32.401673],[34.86616,32.401639],[34.865661,32.401869],[34.865564,32.402038],[34.865583,32.402215],[34.865577,32.402319],[34.865722,32.402823],[34.865661,32.402833],[34.86533,32.402008],[34.865125,32.401832],[34.865339,32.401416],[34.865553,32.400814],[34.865908,32.39977],[34.866034,32.399398],[34.866059,32.399002],[34.865518,32.396565],[34.865301,32.395693],[34.862985,32.387247],[34.862213,32.383884],[34.860568,32.378666],[34.85918,32.371854],[34.857141,32.365616],[34.853665,32.351064],[34.831499,32.268785],[34.829472,32.261256],[34.828868,32.259609],[34.825878,32.24984],[34.821758,32.236773],[34.818378,32.227691],[34.816605,32.220794],[34.814203,32.216435],[34.812488,32.210053],[34.810943,32.207147],[34.809303,32.202172],[34.807335,32.198422],[34.805623,32.193064],[34.80459,32.191323],[34.804078,32.187107],[34.803073,32.184288],[34.803014,32.183856],[34.802632,32.182982],[34.802615,32.182394],[34.80196,32.180315],[34.801682,32.179141],[34.800946,32.176552],[34.80075,32.175427],[34.799987,32.173269],[34.799495,32.171822],[34.79906,32.171127],[34.798254,32.170552],[34.798323,32.169779],[34.79792,32.169545],[34.797318,32.169226],[34.797668,32.168739],[34.797704,32.168226],[34.797269,32.167782],[34.796358,32.167477],[34.796974,32.167209],[34.797193,32.166644],[34.7972,32.166101],[34.796996,32.165629],[34.796712,32.165253],[34.796524,32.165055],[34.796083,32.16478],[34.795091,32.164955],[34.794817,32.164915],[34.793743,32.164667],[34.793371,32.164743],[34.793216,32.164752],[34.793117,32.164707],[34.793127,32.164655],[34.793174,32.164624],[34.793261,32.164614],[34.79369,32.164507],[34.79378,32.164504],[34.794087,32.164574],[34.794188,32.164436],[34.794369,32.164526],[34.794423,32.164456],[34.794376,32.164374],[34.794297,32.164335],[34.794661,32.163885],[34.794693,32.163852],[34.795021,32.16402],[34.795301,32.163637],[34.795521,32.163751],[34.795577,32.163667],[34.795781,32.163366],[34.796017,32.163004],[34.796286,32.162626],[34.796062,32.162512],[34.796179,32.162327],[34.7949,32.161686],[34.794744,32.161134],[34.794424,32.160194],[34.79447,32.160127],[34.794512,32.160095],[34.795062,32.159986],[34.794898,32.159508],[34.794866,32.159437],[34.79479,32.159369],[34.794654,32.159298],[34.794461,32.159258],[34.793875,32.159394],[34.794602,32.161689],[34.794549,32.161778],[34.794485,32.161752],[34.793799,32.162748],[34.793853,32.162763],[34.793923,32.16284],[34.793934,32.162906],[34.793879,32.162983],[34.793812,32.163033],[34.793747,32.163033],[34.79368,32.163022],[34.793609,32.16295],[34.793603,32.162857],[34.793616,32.162801],[34.793506,32.162466],[34.793338,32.161962],[34.793219,32.161595],[34.793096,32.161205],[34.792978,32.160831],[34.792857,32.16048],[34.792733,32.160097],[34.792617,32.159725],[34.792534,32.159452],[34.792543,32.159395],[34.792566,32.159311],[34.792699,32.159142],[34.792925,32.159056],[34.793125,32.159008],[34.79292,32.158462],[34.792501,32.158621],[34.792132,32.158807],[34.791894,32.158983],[34.79168,32.159335],[34.791588,32.159657],[34.791559,32.160106],[34.792765,32.165658],[34.792842,32.165724],[34.792891,32.165807],[34.792853,32.1659],[34.792748,32.165977],[34.792633,32.165972],[34.792506,32.165873],[34.791355,32.160715],[34.791244,32.160161],[34.791281,32.159632],[34.79143,32.159156],[34.791793,32.158665],[34.792305,32.158374],[34.794687,32.157789],[34.794888,32.1565],[34.793858,32.152992],[34.791528,32.146015],[34.791467,32.145825],[34.790686,32.143406],[34.790032,32.14149],[34.78965,32.140329],[34.788539,32.137558],[34.787921,32.135894],[34.787375,32.134518],[34.786853,32.133194],[34.785339,32.128932],[34.784787,32.127276],[34.783967,32.124896],[34.783698,32.124163],[34.783125,32.12261],[34.782765,32.122142],[34.782435,32.121968],[34.781967,32.121832],[34.781453,32.12194],[34.780928,32.121051],[34.781409,32.120925],[34.781759,32.120394],[34.781698,32.12],[34.780971,32.118045],[34.780278,32.115827],[34.77988,32.115109],[34.780006,32.114525],[34.779753,32.114022],[34.779467,32.113599],[34.779312,32.112568],[34.779034,32.112265],[34.778732,32.11177],[34.778131,32.111347],[34.77824,32.111118],[34.77799,32.110929],[34.77785,32.110868],[34.777853,32.110698],[34.777896,32.110322],[34.7777,32.110087],[34.777485,32.109771],[34.777151,32.109069],[34.776782,32.109061],[34.77648,32.109009],[34.774971,32.108415],[34.774822,32.10843],[34.774737,32.10848],[34.774607,32.108483],[34.774497,32.108427],[34.774436,32.108347],[34.774432,32.108237],[34.774462,32.108157],[34.774555,32.108086],[34.774685,32.108053],[34.774833,32.108074],[34.775745,32.10845],[34.776637,32.10749],[34.776432,32.107324],[34.77633,32.107208],[34.775921,32.10723],[34.77579,32.107224],[34.77508,32.107087],[34.775027,32.107048],[34.775023,32.106994],[34.775051,32.106963],[34.775118,32.106952],[34.775906,32.107086],[34.776125,32.107084],[34.776257,32.107038],[34.776375,32.106968],[34.776416,32.106749],[34.776348,32.106422],[34.776604,32.106305],[34.777044,32.106373],[34.777557,32.106668],[34.777632,32.106482],[34.777489,32.106292],[34.777369,32.105978],[34.777354,32.1058],[34.777393,32.105743],[34.777344,32.105504],[34.777178,32.105344],[34.777128,32.105097],[34.777183,32.105066],[34.77708,32.104887],[34.77677,32.105129],[34.776744,32.105579],[34.776577,32.105797],[34.776315,32.105896],[34.775837,32.105939],[34.775841,32.105817],[34.776168,32.105702],[34.776071,32.105492],[34.775904,32.105379],[34.775535,32.105298],[34.774986,32.105933],[34.775057,32.106054],[34.775064,32.106138],[34.774973,32.106188],[34.774798,32.106123],[34.773652,32.107522],[34.773699,32.107685],[34.773593,32.107813],[34.773432,32.107829],[34.773314,32.10809],[34.773346,32.108375],[34.773461,32.108678],[34.773703,32.10898],[34.77373,32.10909],[34.77368,32.109174],[34.773599,32.109235],[34.773489,32.109249],[34.773366,32.109208],[34.773296,32.109139],[34.773048,32.108457],[34.77306,32.107873],[34.773255,32.107606],[34.774026,32.106711],[34.775643,32.104894],[34.776017,32.104473],[34.775966,32.103401],[34.775854,32.102515],[34.775836,32.102492],[34.775608,32.10246],[34.775367,32.10221],[34.774922,32.101633],[34.774534,32.101282],[34.774181,32.100566],[34.773574,32.099738],[34.772799,32.098869],[34.772331,32.098971],[34.772297,32.098966],[34.772283,32.098936],[34.772293,32.09891],[34.772784,32.098753],[34.77338,32.098669],[34.773414,32.098698],[34.773633,32.098651],[34.773688,32.098614],[34.773201,32.096698],[34.77255,32.096815],[34.772927,32.098144],[34.772878,32.098152],[34.772834,32.098279],[34.772758,32.098365],[34.77266,32.098426],[34.772565,32.098459],[34.77227,32.098487],[34.772619,32.098371],[34.772716,32.098286],[34.772768,32.09821],[34.772352,32.096815],[34.772005,32.095452],[34.771943,32.095436],[34.771838,32.095103],[34.771893,32.095066],[34.771685,32.09468],[34.770919,32.094476],[34.770039,32.094374],[34.76965,32.094485],[34.769402,32.093895],[34.769315,32.09368],[34.769857,32.093469],[34.77016,32.093227],[34.770519,32.092817],[34.770683,32.092405],[34.770739,32.092188],[34.770648,32.091738],[34.770184,32.091104],[34.76976,32.090806],[34.769174,32.090631],[34.768741,32.090629],[34.768211,32.090836],[34.768033,32.090433],[34.768772,32.090346],[34.769051,32.090215],[34.769305,32.090006],[34.769508,32.089693],[34.769622,32.088787],[34.76949,32.088152],[34.769298,32.087703],[34.769166,32.087432],[34.768973,32.087157],[34.768719,32.087187],[34.767336,32.087347],[34.767202,32.087423],[34.767045,32.087365],[34.767032,32.087223],[34.76713,32.08715],[34.767241,32.087157],[34.76757,32.087134],[34.768157,32.087038],[34.768153,32.086868],[34.768003,32.086178],[34.767887,32.085677],[34.767785,32.085434],[34.767548,32.085143],[34.767513,32.085101],[34.766846,32.085437],[34.76657,32.085702],[34.766473,32.085902],[34.766402,32.086193],[34.766434,32.086465],[34.766718,32.087737],[34.766823,32.087815],[34.766843,32.087932],[34.766762,32.088028],[34.766614,32.088036],[34.76653,32.088001],[34.766445,32.087888],[34.766115,32.086209],[34.766183,32.085906],[34.766378,32.085529],[34.766813,32.085167],[34.767422,32.084901],[34.767447,32.084891],[34.767991,32.084698],[34.767958,32.084543],[34.767548,32.084021],[34.767044,32.083777],[34.766577,32.083754],[34.766947,32.083527],[34.767129,32.083231],[34.767108,32.082697],[34.766909,32.082309],[34.766563,32.081882],[34.766365,32.081764],[34.766341,32.081484],[34.766551,32.081055],[34.766339,32.080233],[34.766084,32.079843],[34.765884,32.079494],[34.765639,32.079152],[34.765588,32.078409],[34.765375,32.078037],[34.764763,32.077539],[34.764735,32.077535],[34.764624,32.077567],[34.764613,32.077464],[34.764799,32.077394],[34.764916,32.077313],[34.765022,32.077198],[34.765145,32.076823],[34.765123,32.076313],[34.764923,32.075888],[34.764447,32.075306],[34.764049,32.075114],[34.763975,32.074724],[34.764033,32.074145],[34.763625,32.07335],[34.763267,32.07312],[34.763466,32.072804],[34.763303,32.072203],[34.76323,32.071833],[34.762904,32.070992],[34.762869,32.070901],[34.762862,32.069905],[34.762624,32.069344],[34.762427,32.069143],[34.761685,32.068742],[34.761353,32.068687],[34.761284,32.068647],[34.761206,32.068627],[34.761406,32.068284],[34.761058,32.067177],[34.76101,32.066651],[34.760724,32.065995],[34.760523,32.065285],[34.760375,32.064634],[34.760315,32.064521],[34.760009,32.064217],[34.75945,32.063007],[34.75968,32.062499],[34.759812,32.062211],[34.758226,32.059983],[34.75823,32.05972],[34.758116,32.059462],[34.757418,32.058265],[34.757297,32.058054],[34.756213,32.056872],[34.754422,32.055657],[34.753864,32.055799],[34.753177,32.055779],[34.751643,32.055326],[34.751156,32.055071],[34.750904,32.054816],[34.750729,32.054624],[34.750753,32.054533],[34.750434,32.054164],[34.750376,32.054092],[34.750255,32.053977],[34.750182,32.053889],[34.750003,32.053817],[34.749854,32.053629],[34.749691,32.05333],[34.749656,32.053289],[34.749634,32.053008],[34.74963,32.052944],[34.749595,32.052557],[34.749577,32.052257],[34.749576,32.052207],[34.749544,32.051844],[34.749532,32.051822],[34.749435,32.051649],[34.748839,32.051647],[34.748761,32.051649],[34.748522,32.051646],[34.748524,32.05148],[34.748479,32.051486],[34.748476,32.051305],[34.748446,32.051305],[34.748436,32.051647],[34.748368,32.05165],[34.748377,32.052032],[34.748416,32.052263],[34.749746,32.054594],[34.750206,32.055706],[34.750055,32.055758],[34.749598,32.054736],[34.748462,32.052774],[34.748198,32.052269],[34.748116,32.051755],[34.748101,32.051566],[34.748297,32.051387],[34.74828,32.05053],[34.747354,32.049054],[34.746915,32.048349],[34.745602,32.048011],[34.744929,32.046961],[34.745059,32.046403],[34.744882,32.045908],[34.744444,32.045236],[34.744111,32.045029],[34.744145,32.044875],[34.744301,32.044845],[34.744456,32.044947],[34.745021,32.044674],[34.745105,32.044451],[34.745504,32.044305],[34.745512,32.043863],[34.745383,32.043592],[34.74525,32.043312],[34.745157,32.043185],[34.745126,32.043067],[34.745085,32.042868],[34.744832,32.042335],[34.744654,32.041795],[34.74463,32.041566],[34.744667,32.041366],[34.744696,32.041323],[34.744732,32.041281],[34.74492,32.041064],[34.744959,32.041016],[34.745132,32.040785],[34.744954,32.040173],[34.744651,32.039368],[34.744945,32.039052],[34.745112,32.03869],[34.745191,32.038219],[34.745047,32.037944],[34.744645,32.037407],[34.744356,32.037043],[34.744258,32.036931],[34.744236,32.036795],[34.744285,32.036457],[34.743989,32.035841],[34.74353,32.03518],[34.743277,32.034978],[34.742999,32.034549],[34.74278,32.034356],[34.742739,32.033882],[34.742509,32.033461],[34.742419,32.033332],[34.74244,32.033144],[34.742374,32.033013],[34.742323,32.032797],[34.742316,32.03255],[34.742207,32.032192],[34.741974,32.031736],[34.74169,32.031273],[34.741363,32.030823],[34.741013,32.03049],[34.740801,32.030279],[34.740671,32.030274],[34.740715,32.029731],[34.740831,32.029176],[34.740504,32.028207],[34.740336,32.027467],[34.739892,32.026707],[34.739638,32.026356],[34.739407,32.025847],[34.739273,32.025358],[34.739247,32.025261],[34.739348,32.024855],[34.739194,32.024451],[34.73911,32.024207],[34.738898,32.023832],[34.738862,32.023716],[34.738756,32.023533],[34.738677,32.023304],[34.738668,32.023147],[34.738721,32.022907],[34.738703,32.022679],[34.738632,32.02221],[34.738495,32.021956],[34.738389,32.021862],[34.738219,32.02177],[34.738435,32.021612],[34.738578,32.021226],[34.738616,32.021051],[34.738656,32.020872],[34.738665,32.020731],[34.738647,32.020334],[34.738527,32.019512],[34.738275,32.018748],[34.73795,32.018086],[34.737621,32.01709],[34.737374,32.0158],[34.737251,32.015468],[34.737181,32.015373],[34.737035,32.015315],[34.737052,32.015113],[34.736816,32.014518],[34.736671,32.01379],[34.736365,32.013071],[34.736188,32.012386],[34.736113,32.012084],[34.735987,32.011779],[34.735867,32.011381],[34.73574,32.010927],[34.735532,32.010461],[34.735451,32.010301],[34.734868,32.009057],[34.734688,32.008298],[34.734447,32.007857],[34.734363,32.007623],[34.733824,32.006126],[34.733557,32.005378],[34.733228,32.004728],[34.733187,32.00424],[34.732919,32.003664],[34.732695,32.002767],[34.732155,32.001926],[34.732209,32.001519],[34.731995,32.000878],[34.731642,32.000555],[34.731499,31.999917],[34.731394,31.999351],[34.730968,31.998124],[34.730925,31.998003],[34.730565,31.997332],[34.730452,31.996785],[34.73014,31.996133],[34.729605,31.994715],[34.727184,31.988285],[34.722308,31.976665],[34.712671,31.953691],[34.710384,31.948238],[34.708411,31.943533],[34.707983,31.942515],[34.704722,31.935523],[34.702667,31.934165],[34.702174,31.933612],[34.702123,31.933395],[34.701664,31.932888],[34.701266,31.932704],[34.700516,31.932401],[34.698134,31.929755],[34.698306,31.928589],[34.697736,31.927998],[34.696761,31.926987],[34.695731,31.924801],[34.69402,31.922903],[34.693796,31.922842],[34.693144,31.922993],[34.692956,31.922836],[34.692996,31.922646],[34.693253,31.922486],[34.693075,31.921896],[34.693033,31.921299],[34.692339,31.919805],[34.690317,31.915412],[34.682854,31.89936],[34.676431,31.886019],[34.673234,31.879029],[34.675599,31.877702],[34.666928,31.860604],[34.664527,31.856053],[34.662295,31.856749],[34.659681,31.85231],[34.657383,31.848408],[34.657432,31.847717],[34.6566,31.846149],[34.655782,31.844758],[34.655601,31.844731],[34.655264,31.844723],[34.654969,31.844621],[34.654761,31.844487],[34.65443,31.844163],[34.653863,31.843549],[34.653601,31.843387],[34.653303,31.843285],[34.653168,31.843236],[34.653147,31.843137],[34.65322,31.843027],[34.653454,31.843042],[34.653796,31.843205],[34.65415,31.843466],[34.654659,31.844012],[34.65502,31.84445],[34.655204,31.844428],[34.655359,31.844354],[34.655642,31.844307],[34.654945,31.843103],[34.654322,31.841853],[34.65379,31.841517],[34.653525,31.84137],[34.652752,31.841409],[34.652689,31.841357],[34.652681,31.841262],[34.652664,31.841195],[34.65271,31.841097],[34.652962,31.841179],[34.65354,31.841172],[34.653637,31.841029],[34.653691,31.840838],[34.653667,31.840614],[34.653579,31.840466],[34.653456,31.840262],[34.653356,31.840126],[34.653495,31.840066],[34.653411,31.839945],[34.653349,31.839928],[34.653252,31.839753],[34.653682,31.839572],[34.653656,31.839504],[34.653217,31.839657],[34.653142,31.839613],[34.653106,31.839534],[34.653089,31.839449],[34.653163,31.8394],[34.653519,31.839285],[34.653458,31.83919],[34.653044,31.839341],[34.652925,31.839284],[34.65286,31.839153],[34.652876,31.839029],[34.652848,31.838932],[34.652673,31.838692],[34.65249,31.838748],[34.652335,31.8389],[34.652149,31.839159],[34.652061,31.839417],[34.652043,31.839536],[34.652141,31.841364],[34.652251,31.841487],[34.652341,31.843655],[34.652433,31.843722],[34.652482,31.843828],[34.652497,31.843959],[34.652445,31.844074],[34.65232,31.844104],[34.652228,31.844091],[34.652125,31.84406],[34.652044,31.843992],[34.651988,31.843903],[34.651966,31.843804],[34.651863,31.841352],[34.651775,31.839653],[34.651782,31.839409],[34.651835,31.83926],[34.651933,31.839057],[34.651999,31.838901],[34.652079,31.838796],[34.652228,31.8387],[34.652303,31.838521],[34.65251,31.83837],[34.652371,31.838274],[34.652402,31.83815],[34.652237,31.838109],[34.652106,31.837987],[34.652027,31.837785],[34.651528,31.837495],[34.650843,31.837745],[34.650555,31.837798],[34.649993,31.837849],[34.649556,31.837809],[34.644587,31.836279],[34.644313,31.836226],[34.644301,31.836673],[34.644221,31.836679],[34.644224,31.836078],[34.643937,31.836063],[34.643952,31.834173],[34.650314,31.834233],[34.650303,31.83197],[34.641353,31.831957],[34.641193,31.831441],[34.640805,31.831554],[34.640327,31.83157],[34.640092,31.831547],[34.639818,31.831438],[34.63978,31.831306],[34.639726,31.831147],[34.640007,31.830955],[34.64013,31.831073],[34.640215,31.831246],[34.640268,31.831318],[34.640555,31.831341],[34.640538,31.831304],[34.641808,31.830931],[34.64165,31.830473],[34.640709,31.830844],[34.640537,31.830575],[34.643572,31.829347],[34.647883,31.827502],[34.647208,31.826335],[34.641274,31.828773],[34.641133,31.826902],[34.645718,31.825018],[34.64499,31.82382],[34.640457,31.825686],[34.639957,31.824823],[34.643167,31.822009],[34.643102,31.821909],[34.643971,31.82119],[34.642997,31.820342],[34.641143,31.822003],[34.640946,31.821854],[34.642763,31.820268],[34.642109,31.819629],[34.640469,31.818359],[34.63968,31.818845],[34.63946,31.818579],[34.638366,31.819309],[34.637741,31.819844],[34.637144,31.820424],[34.637019,31.820647],[34.636913,31.820902],[34.636947,31.820928],[34.636929,31.821007],[34.635763,31.823482],[34.635496,31.823402],[34.635362,31.823437],[34.635299,31.823456],[34.634984,31.824572],[34.634826,31.825419],[34.634801,31.826308],[34.634875,31.827269],[34.634983,31.827968],[34.635248,31.828876],[34.635586,31.829747],[34.637591,31.833968],[34.637821,31.833975],[34.638014,31.834095],[34.63806,31.834271],[34.638005,31.834387],[34.637916,31.834475],[34.637709,31.834535],[34.637604,31.834618],[34.637135,31.835551],[34.63697,31.836022],[34.636828,31.836526],[34.636733,31.837149],[34.636699,31.83781],[34.636749,31.838485],[34.636849,31.839159],[34.638035,31.843376],[34.638041,31.843882],[34.638112,31.844111],[34.638074,31.844316],[34.637924,31.844592],[34.637711,31.844678],[34.637578,31.844658],[34.637442,31.844577],[34.637354,31.844424],[34.637392,31.844241],[34.637518,31.843907],[34.637553,31.843639],[34.637511,31.84336],[34.636428,31.839205],[34.636303,31.838202],[34.636311,31.837377],[34.636403,31.836339],[34.636694,31.835451],[34.637101,31.834593],[34.637226,31.834271],[34.637124,31.834081],[34.637221,31.833908],[34.635188,31.82987],[34.634821,31.828821],[34.634566,31.828022],[34.6345,31.827327],[34.634456,31.826345],[34.634425,31.825695],[34.634494,31.825059],[34.634584,31.824479],[34.634699,31.824007],[34.634776,31.823683],[34.634996,31.823493],[34.635037,31.823382],[34.635396,31.822427],[34.636436,31.820808],[34.636918,31.820251],[34.637659,31.819501],[34.638795,31.818639],[34.639912,31.817945],[34.640356,31.817762],[34.640162,31.81667],[34.639835,31.816196],[34.63961,31.815869],[34.637862,31.812085],[34.637142,31.810124],[34.635893,31.807664],[34.634409,31.804612],[34.632379,31.80088],[34.630999,31.798953],[34.630171,31.797939],[34.629164,31.797162],[34.628552,31.79681],[34.628249,31.796917],[34.627975,31.796983],[34.627704,31.797029],[34.627449,31.797039],[34.627172,31.797013],[34.626898,31.796961],[34.62665,31.796887],[34.62639,31.796758],[34.626143,31.796577],[34.625961,31.79635],[34.625882,31.796358],[34.625828,31.796325],[34.625802,31.796259],[34.625818,31.796191],[34.625886,31.796149],[34.626018,31.796141],[34.62611,31.796194],[34.626201,31.796281],[34.626254,31.796249],[34.626455,31.796456],[34.626737,31.796624],[34.627009,31.796727],[34.627353,31.796794],[34.627596,31.796794],[34.62784,31.796762],[34.628099,31.796682],[34.628782,31.796373],[34.628874,31.796103],[34.629177,31.796182],[34.629209,31.796092],[34.628904,31.796013],[34.628915,31.79598],[34.62913,31.79604],[34.629153,31.795977],[34.628938,31.795915],[34.629247,31.795007],[34.629008,31.794842],[34.628823,31.794667],[34.628766,31.794577],[34.628348,31.79475],[34.62852,31.795096],[34.628166,31.796154],[34.628069,31.796126],[34.628412,31.795115],[34.62808,31.794987],[34.627661,31.7964],[34.627554,31.796382],[34.627983,31.794941],[34.627887,31.794905],[34.627554,31.795032],[34.627527,31.795113],[34.627136,31.7963],[34.627039,31.796281],[34.627436,31.795096],[34.626889,31.795324],[34.626799,31.795568],[34.626788,31.795596],[34.626727,31.795761],[34.626666,31.795926],[34.626653,31.795962],[34.626385,31.795898],[34.626417,31.795844],[34.626605,31.795882],[34.626642,31.795799],[34.626438,31.795744],[34.62646,31.79568],[34.626664,31.795726],[34.626696,31.795643],[34.626492,31.795598],[34.626535,31.795507],[34.626702,31.795563],[34.626728,31.79547],[34.62661,31.795452],[34.626556,31.795388],[34.62661,31.795206],[34.626428,31.795142],[34.626331,31.795288],[34.626267,31.795251],[34.626385,31.795069],[34.626873,31.795253],[34.627414,31.795014],[34.626224,31.794531],[34.626267,31.794458],[34.6275,31.794969],[34.627854,31.79485],[34.627887,31.794741],[34.626438,31.794148],[34.62647,31.794066],[34.62793,31.794668],[34.62808,31.794376],[34.626653,31.793783],[34.626696,31.793719],[34.628139,31.794332],[34.628313,31.794643],[34.628739,31.794514],[34.628676,31.794398],[34.628667,31.794192],[34.628696,31.793982],[34.628667,31.793903],[34.626646,31.793087],[34.626382,31.793359],[34.626011,31.793902],[34.625695,31.794546],[34.625521,31.795141],[34.625434,31.795826],[34.625444,31.796574],[34.625359,31.796593],[34.625512,31.797301],[34.62571,31.797892],[34.625866,31.798183],[34.625915,31.798227],[34.62595,31.798292],[34.62595,31.798353],[34.625937,31.79841],[34.625882,31.798465],[34.625805,31.798487],[34.625719,31.798468],[34.625619,31.798287],[34.625618,31.798271],[34.625465,31.797958],[34.625232,31.797326],[34.625112,31.796541],[34.625118,31.795838],[34.625181,31.79511],[34.625395,31.794465],[34.625704,31.79382],[34.626176,31.793163],[34.626699,31.792696],[34.627471,31.792232],[34.614046,31.768227],[34.610132,31.761226],[34.607491,31.756503],[34.599257,31.744107],[34.590171,31.72948],[34.581572,31.715635],[34.581407,31.715369],[34.567308,31.694895],[34.565585,31.692698],[34.562877,31.688471],[34.562469,31.688257],[34.562033,31.688163],[34.562003,31.688079],[34.56207,31.687847],[34.562117,31.687476],[34.562018,31.687146],[34.561698,31.68687],[34.561357,31.686714],[34.560812,31.686682],[34.560775,31.686653],[34.560956,31.68633],[34.561003,31.686005],[34.560906,31.685729],[34.560614,31.685484],[34.560211,31.685314],[34.559629,31.68536],[34.559565,31.685309],[34.559756,31.684795],[34.559701,31.684622],[34.559624,31.684524],[34.559281,31.684284],[34.558338,31.683716],[34.558037,31.683457],[34.557479,31.68371],[34.557171,31.683811],[34.556372,31.683892],[34.55631,31.683914],[34.556219,31.683932],[34.556159,31.683922],[34.55609,31.683879],[34.556064,31.683808],[34.556082,31.683754],[34.55614,31.683711],[34.556209,31.683705],[34.556263,31.68374],[34.556593,31.68373],[34.556592,31.683654],[34.556459,31.683656],[34.556459,31.683587],[34.556379,31.683587],[34.556381,31.683552],[34.556593,31.683548],[34.556591,31.683489],[34.556373,31.683493],[34.556369,31.683466],[34.55642,31.683464],[34.556393,31.683258],[34.557365,31.682659],[34.557264,31.682538],[34.557358,31.682482],[34.556768,31.681732],[34.556691,31.681775],[34.55666,31.681738],[34.556624,31.681695],[34.556615,31.681685],[34.556734,31.681614],[34.555498,31.680066],[34.554318,31.680764],[34.554177,31.680612],[34.553973,31.68094],[34.553892,31.681234],[34.553865,31.681457],[34.553902,31.681691],[34.554005,31.681948],[34.556086,31.684988],[34.55615,31.685042],[34.556224,31.685099],[34.55621,31.685171],[34.55617,31.685228],[34.55609,31.685245],[34.555996,31.685233],[34.555902,31.68516],[34.553695,31.681972],[34.553627,31.681719],[34.55361,31.68146],[34.553634,31.6812],[34.553726,31.680916],[34.553852,31.680683],[34.55403,31.680406],[34.554634,31.680018],[34.55464,31.679758],[34.554538,31.679365],[34.554392,31.67893],[34.554345,31.678772],[34.554316,31.678642],[34.554256,31.678507],[34.554136,31.678411],[34.553938,31.678327],[34.553841,31.678297],[34.552781,31.677746],[34.552543,31.677497],[34.55215,31.677266],[34.552006,31.677115],[34.551831,31.676653],[34.551613,31.674678],[34.549721,31.672166],[34.548938,31.670623],[34.547384,31.668704],[34.546105,31.666738],[34.545062,31.665521],[34.543923,31.663676],[34.5422,31.661432],[34.540965,31.659918],[34.537718,31.655753],[34.533862,31.650836],[34.531599,31.647327],[34.530466,31.646108],[34.530407,31.645726],[34.529936,31.64519],[34.529522,31.645141],[34.52876,31.644144],[34.52853,31.643785],[34.528233,31.643479],[34.527901,31.643341],[34.527457,31.643528],[34.527402,31.643529],[34.527382,31.643485],[34.527398,31.643453],[34.527659,31.643334],[34.528005,31.643059],[34.528052,31.642856],[34.52797,31.642624],[34.52783,31.642437],[34.527685,31.642371],[34.527486,31.642331],[34.527314,31.642311],[34.527146,31.642208],[34.526299,31.641181],[34.526237,31.641051],[34.526291,31.640885],[34.526182,31.640649],[34.524764,31.639368],[34.524325,31.639068],[34.524033,31.638871],[34.523227,31.638489],[34.52266,31.638751],[34.5225,31.638795],[34.522322,31.638829],[34.521486,31.639268],[34.521473,31.639316],[34.521572,31.639394],[34.521607,31.639455],[34.521614,31.639521],[34.521596,31.639593],[34.52151,31.639653],[34.52142,31.639668],[34.521335,31.639659],[34.521256,31.639634],[34.521199,31.639553],[34.520895,31.638519],[34.520919,31.638441],[34.521005,31.638383],[34.521081,31.638376],[34.521173,31.638398],[34.521214,31.638458],[34.521309,31.638752],[34.521528,31.638744],[34.521526,31.638638],[34.522824,31.637867],[34.522868,31.637911],[34.52244,31.638187],[34.522552,31.63833],[34.522662,31.638284],[34.522738,31.638299],[34.523198,31.638082],[34.523732,31.637743],[34.523795,31.637644],[34.523786,31.637557],[34.523738,31.637481],[34.523674,31.637521],[34.52342,31.637227],[34.523588,31.637115],[34.523507,31.637018],[34.523344,31.637036],[34.523232,31.636882],[34.523301,31.63677],[34.523226,31.636698],[34.523078,31.636618],[34.522884,31.636558],[34.522646,31.636558],[34.522398,31.636627],[34.522149,31.636735],[34.521825,31.636899],[34.521555,31.637077],[34.521353,31.63728],[34.521269,31.637409],[34.521245,31.637505],[34.521121,31.63762],[34.521032,31.637631],[34.520962,31.637597],[34.520908,31.637538],[34.520902,31.637477],[34.521166,31.637146],[34.521515,31.636843],[34.521824,31.636648],[34.521295,31.636011],[34.52087,31.635494],[34.520706,31.635491],[34.520402,31.635237],[34.520118,31.635399],[34.520074,31.63568],[34.520146,31.635772],[34.518373,31.636841],[34.518281,31.63673],[34.518207,31.636769],[34.518065,31.636769],[34.517931,31.636744],[34.517781,31.636759],[34.517375,31.637008],[34.517345,31.637076],[34.517371,31.637152],[34.517897,31.637827],[34.517946,31.637849],[34.517992,31.637855],[34.518042,31.637849],[34.518475,31.637575],[34.518511,31.637534],[34.518514,31.637499],[34.518506,31.637458],[34.518439,31.637359],[34.518445,31.63732],[34.518481,31.637277],[34.518525,31.637274],[34.518565,31.637288],[34.518874,31.637657],[34.518902,31.637635],[34.51895,31.637694],[34.518916,31.63772],[34.51893,31.63776],[34.518917,31.637791],[34.518887,31.637809],[34.518854,31.637811],[34.518813,31.637798],[34.518727,31.637695],[34.518679,31.637669],[34.518622,31.637667],[34.51856,31.637689],[34.518136,31.63794],[34.518111,31.637984],[34.518109,31.638036],[34.518132,31.638085],[34.518543,31.638477],[34.518726,31.638776],[34.519635,31.639965],[34.519847,31.640157],[34.520035,31.64025],[34.520113,31.640326],[34.520125,31.640428],[34.520094,31.640535],[34.520035,31.640604],[34.519894,31.640638],[34.519762,31.640631],[34.519617,31.640551],[34.518313,31.638897],[34.517999,31.638362],[34.516928,31.637136],[34.516891,31.637025],[34.516925,31.636916],[34.517001,31.636822],[34.517103,31.636783],[34.517251,31.636763],[34.517824,31.636456],[34.517847,31.636187],[34.517817,31.635952],[34.517703,31.635717],[34.517509,31.63522],[34.517396,31.634652],[34.517497,31.634386],[34.517609,31.63417],[34.518248,31.633854],[34.518782,31.633553],[34.519383,31.63358],[34.519402,31.63341],[34.519033,31.633319],[34.518914,31.632923],[34.518336,31.632234],[34.518358,31.632019],[34.518068,31.631737],[34.517838,31.631739],[34.516815,31.630353],[34.51668,31.630203],[34.516296,31.63001],[34.516022,31.629783],[34.515672,31.629588],[34.515312,31.628958],[34.514981,31.62868],[34.514283,31.627189],[34.507762,31.617892],[34.506105,31.615725],[34.498836,31.605534],[34.496775,31.60225],[34.491304,31.595064],[34.491248,31.594987],[34.493813,31.593182],[34.496572,31.59125],[34.499348,31.589314],[34.502071,31.587437],[34.504949,31.585583],[34.507733,31.58369],[34.510571,31.581775],[34.513205,31.579929],[34.516003,31.577758],[34.518486,31.575976],[34.521748,31.574025],[34.524146,31.572176],[34.526944,31.570278],[34.529722,31.568333],[34.5325,31.566111],[34.535,31.564444],[34.537778,31.562222],[34.540444,31.560414],[34.543311,31.558273],[34.544047,31.557445],[34.548178,31.554468],[34.551165,31.552746],[34.552574,31.551534],[34.555914,31.548654],[34.558057,31.547221],[34.558781,31.546777],[34.565041,31.542689],[34.56668,31.541464],[34.567324,31.540121],[34.566313,31.536152],[34.565431,31.533243],[34.564546,31.531913],[34.560595,31.529287],[34.559051,31.528414],[34.558429,31.527611],[34.558192,31.525123],[34.554806,31.522803],[34.553784,31.521246],[34.553911,31.519914],[34.554224,31.518741],[34.55009,31.516721],[34.546753,31.513034],[34.542251,31.511275],[34.538524,31.510117],[34.53508,31.508626],[34.531372,31.507078],[34.529587,31.50622],[34.528179,31.505052],[34.524727,31.502945],[34.518137,31.501716],[34.516712,31.501555],[34.51271,31.500695],[34.508516,31.498326],[34.504569,31.495184],[34.496389,31.489167],[34.492422,31.486085],[34.489045,31.48272],[34.488685,31.482456],[34.486543,31.480879],[34.485184,31.480051],[34.480831,31.478085],[34.480374,31.477843],[34.478638,31.476757],[34.477907,31.476212],[34.475952,31.473855],[34.47443,31.471838],[34.471923,31.469346],[34.469386,31.466889],[34.467269,31.464713],[34.466293,31.463352],[34.465063,31.46149],[34.464727,31.461139],[34.462577,31.459392],[34.459673,31.457039],[34.457028,31.454835],[34.453179,31.452052],[34.451289,31.449477],[34.4493,31.447247],[34.447015,31.445071],[34.44555,31.443788],[34.441901,31.44299],[34.439918,31.441928],[34.43706,31.44027],[34.433549,31.436117],[34.432414,31.434247],[34.430513,31.431192],[34.429111,31.429852],[34.428089,31.428877],[34.426341,31.426615],[34.426111,31.426389],[34.423603,31.423373],[34.420668,31.421778],[34.418304,31.420996],[34.416398,31.419725],[34.414861,31.417646],[34.412353,31.415638],[34.410269,31.414297],[34.407518,31.411583],[34.404831,31.412084],[34.4042,31.411642],[34.402764,31.410467],[34.39997,31.407118],[34.397464,31.404644],[34.395842,31.403279],[34.395024,31.401853],[34.39161,31.399249],[34.389293,31.397409],[34.388463,31.396117],[34.386682,31.395117],[34.384633,31.393167],[34.382301,31.391415],[34.380266,31.389573],[34.380287,31.387627],[34.379749,31.38696],[34.379053,31.385807],[34.376456,31.382494],[34.374837,31.380404],[34.374016,31.378801],[34.373162,31.375974],[34.373073,31.373873],[34.37294,31.373661],[34.372249,31.373011],[34.371541,31.372271],[34.371449,31.371982],[34.371857,31.37095],[34.371834,31.370221],[34.371354,31.369649],[34.370454,31.36932],[34.370055,31.369315],[34.368893,31.369862],[34.36807,31.369932],[34.367166,31.369583],[34.36649,31.36854],[34.365922,31.367275],[34.365569,31.365727],[34.365055,31.364411],[34.365104,31.363342],[34.364724,31.361667],[34.364989,31.359956],[34.366728,31.347592],[34.368302,31.336486],[34.370058,31.32627],[34.371979,31.314382],[34.372973,31.307858],[34.373288,31.306174],[34.370996,31.299952],[34.369269,31.295541],[34.366547,31.290529],[34.35502,31.284869],[34.349708,31.282208],[34.347306,31.280988],[34.34521,31.279993],[34.34374,31.279172],[34.342197,31.278252],[34.341411,31.276523],[34.34032,31.274607],[34.339083,31.272604],[34.337845,31.270776],[34.336361,31.268399],[34.334818,31.266508],[34.332926,31.264331],[34.331616,31.262851],[34.330539,31.261855],[34.32872,31.260288],[34.325809,31.257974],[34.324048,31.256692],[34.319434,31.253606],[34.317891,31.252648],[34.316188,31.251703],[34.312375,31.250272],[34.308634,31.24899],[34.306698,31.248156],[34.304151,31.246837],[34.301357,31.245593],[34.298911,31.244423],[34.296233,31.243353],[34.293468,31.242134],[34.291911,31.2412],[34.29063,31.240093],[34.288359,31.237778],[34.2867,31.236036],[34.285172,31.234418],[34.280907,31.230572],[34.27967,31.229577],[34.278477,31.228506],[34.276555,31.227087],[34.274372,31.225457],[34.271571,31.223149],[34.268491,31.220655],[34.267499,31.220129],[34.267511,31.220103],[34.268158,31.218585],[34.269138,31.216043],[34.269849,31.214087],[34.270194,31.213126],[34.271021,31.210836],[34.271476,31.209538],[34.272331,31.207241],[34.273128,31.205067],[34.273961,31.202838],[34.274744,31.200579],[34.275658,31.198123],[34.276686,31.195854],[34.27752,31.193632],[34.278353,31.19141],[34.279619,31.188419],[34.280289,31.186309],[34.281039,31.183976],[34.28186,31.181443],[34.282749,31.178694],[34.283075,31.177521],[34.283908,31.175299],[34.284331,31.173512],[34.284863,31.171644],[34.285727,31.169289],[34.286353,31.167645],[34.286992,31.16582],[34.287636,31.163911],[34.288415,31.161819],[34.289179,31.159688],[34.289995,31.157393],[34.29073,31.155313],[34.291652,31.152803],[34.293187,31.14849],[34.296653,31.138908],[34.297283,31.137173],[34.297752,31.135862],[34.298938,31.132569],[34.300083,31.129558],[34.301064,31.126809],[34.30233,31.123217],[34.303353,31.120576],[34.303581,31.119641],[34.304451,31.117346],[34.305655,31.114131],[34.307028,31.110252],[34.308233,31.107004],[34.309186,31.104465],[34.309908,31.10231],[34.310835,31.099823],[34.311552,31.097846],[34.312976,31.094003],[34.313669,31.092036],[34.313908,31.091132],[34.314766,31.088957],[34.315575,31.08641],[34.316686,31.084187],[34.31752,31.081965],[34.318353,31.079743],[34.319186,31.077243],[34.319742,31.075021],[34.320575,31.072799],[34.321408,31.070576],[34.32252,31.068076],[34.323353,31.065854],[34.324186,31.063632],[34.324742,31.06141],[34.325607,31.058847],[34.326435,31.056582],[34.327018,31.054356],[34.328102,31.052163],[34.328956,31.049612],[34.329781,31.047372],[34.330358,31.045153],[34.331178,31.043212],[34.332024,31.040695],[34.332861,31.038488],[34.333976,31.036004],[34.33497,31.033987],[34.335808,31.032109],[34.336168,31.031341],[34.338654,31.025844],[34.340911,31.020826],[34.342663,31.016301],[34.34375,31.013451],[34.34486,31.010517],[34.346264,31.007285],[34.347501,31.00452],[34.35613,30.980576],[34.362912,30.964468],[34.38078,30.917474],[34.390008,30.894657],[34.393592,30.882445],[34.394949,30.878324],[34.396823,30.876106],[34.397221,30.875293],[34.397587,30.8743],[34.398159,30.872459],[34.399194,30.869608],[34.402366,30.861433],[34.403429,30.858308],[34.408211,30.849738],[34.412445,30.842998],[34.418968,30.830114],[34.420464,30.827256],[34.430884,30.807178],[34.441973,30.786835],[34.448018,30.773855],[34.452934,30.765306],[34.453904,30.762267],[34.456614,30.75725],[34.459721,30.752393],[34.462229,30.746409],[34.469046,30.733134],[34.472035,30.727248],[34.474585,30.722485],[34.47614,30.719547],[34.478683,30.71395],[34.480621,30.710909],[34.482938,30.707275],[34.485723,30.701486],[34.486255,30.700309],[34.487167,30.698463],[34.48898,30.695072],[34.490734,30.691314],[34.492233,30.689083],[34.494242,30.685337],[34.4964,30.680851],[34.492242,30.678631],[34.492797,30.676131],[34.493628,30.67515],[34.495825,30.674868],[34.496566,30.673042],[34.49774,30.671132],[34.498066,30.668524],[34.499068,30.666131],[34.500744,30.663248],[34.502404,30.658111],[34.502801,30.655427],[34.503921,30.652287],[34.504932,30.648192],[34.506029,30.642833],[34.506784,30.640137],[34.506855,30.639885],[34.507438,30.636861],[34.508176,30.63481],[34.509981,30.630665],[34.510382,30.629091],[34.510593,30.623968],[34.512032,30.618825],[34.515526,30.607002],[34.518972,30.603329],[34.517328,30.597498],[34.515575,30.593908],[34.516131,30.591685],[34.516964,30.589463],[34.516131,30.587844],[34.517461,30.585917],[34.516028,30.583392],[34.517051,30.578348],[34.516798,30.577089],[34.514706,30.57564],[34.514569,30.574929],[34.516721,30.571661],[34.514322,30.567271],[34.51509,30.565545],[34.516476,30.565072],[34.516438,30.560246],[34.51585,30.553373],[34.516,30.55025],[34.514738,30.549167],[34.514742,30.547241],[34.514742,30.545019],[34.51502,30.542519],[34.515297,30.540297],[34.515575,30.538074],[34.515575,30.535852],[34.515575,30.53363],[34.516131,30.532797],[34.518075,30.530574],[34.52002,30.528074],[34.521964,30.525852],[34.524186,30.52363],[34.526131,30.521408],[34.527797,30.519185],[34.531177,30.514919],[34.53214,30.516181],[34.532123,30.517777],[34.53258,30.518646],[34.536792,30.514666],[34.54373,30.50809],[34.553725,30.497914],[34.550478,30.494407],[34.549199,30.492931],[34.549236,30.492502],[34.550017,30.489222],[34.548581,30.486206],[34.547463,30.485184],[34.54733,30.483138],[34.546236,30.478453],[34.547324,30.476531],[34.54694,30.474367],[34.548734,30.472929],[34.548528,30.469409],[34.548099,30.468854],[34.546974,30.46807],[34.546219,30.467297],[34.546607,30.464734],[34.546264,30.462596],[34.544607,30.461318],[34.544609,30.457563],[34.544972,30.455859],[34.543575,30.452876],[34.542586,30.45272],[34.541809,30.453436],[34.540734,30.453351],[34.539979,30.453954],[34.539357,30.453895],[34.539374,30.453137],[34.541393,30.451507],[34.542099,30.450773],[34.541987,30.449977],[34.540822,30.448823],[34.54059,30.448253],[34.541747,30.44664],[34.541359,30.445051],[34.539048,30.439031],[34.537657,30.436319],[34.53585,30.431022],[34.536254,30.429968],[34.538192,30.428719],[34.541584,30.427827],[34.542251,30.426819],[34.54235,30.418124],[34.54244,30.413722],[34.542685,30.413044],[34.544588,30.411427],[34.54762,30.409623],[34.546964,30.405574],[34.549742,30.403908],[34.552813,30.403145],[34.555364,30.404751],[34.558071,30.404354],[34.560299,30.400716],[34.563677,30.398538],[34.566209,30.395788],[34.568195,30.393901],[34.570963,30.393709],[34.573865,30.393444],[34.577968,30.392421],[34.5807,30.390682],[34.582887,30.387313],[34.584186,30.384741],[34.586964,30.383352],[34.589464,30.381685],[34.592242,30.380297],[34.59502,30.37863],[34.59752,30.377519],[34.600575,30.375852],[34.603075,30.374463],[34.605853,30.372797],[34.608353,30.371408],[34.611131,30.369741],[34.613631,30.368352],[34.613908,30.368074],[34.614464,30.365574],[34.61502,30.363352],[34.615297,30.36113],[34.616131,30.358908],[34.616686,30.356685],[34.616964,30.354185],[34.61752,30.351963],[34.618075,30.349741],[34.618631,30.347519],[34.618908,30.345019],[34.619742,30.342797],[34.620958,30.340755],[34.622327,30.338263],[34.625861,30.330856],[34.626646,30.328824],[34.62749,30.326649],[34.628682,30.323004],[34.63143,30.316396],[34.63405,30.309693],[34.636533,30.303649],[34.638034,30.299776],[34.640932,30.291414],[34.644153,30.282923],[34.64537,30.280708],[34.648306,30.272806],[34.649852,30.268743],[34.650933,30.265179],[34.652002,30.262787],[34.652699,30.260662],[34.653635,30.258311],[34.654364,30.256092],[34.65502,30.253629],[34.656288,30.251463],[34.657029,30.249323],[34.65807,30.246791],[34.659171,30.244422],[34.66002,30.242241],[34.660575,30.240019],[34.663741,30.232813],[34.666717,30.224528],[34.668947,30.218106],[34.67263,30.208055],[34.675015,30.20203],[34.685934,30.171702],[34.690973,30.160464],[34.699488,30.137206],[34.70516,30.1268],[34.709742,30.121407],[34.710575,30.118907],[34.711686,30.116684],[34.71252,30.114462],[34.713631,30.112518],[34.714464,30.110018],[34.715575,30.107796],[34.716408,30.105573],[34.717242,30.103073],[34.718075,30.100573],[34.719186,30.098351],[34.72002,30.096129],[34.721131,30.093907],[34.721964,30.091684],[34.723075,30.089462],[34.723908,30.08724],[34.724742,30.085018],[34.725575,30.082518],[34.726686,30.080296],[34.727797,30.078073],[34.728631,30.075851],[34.729464,30.073351],[34.730607,30.061936],[34.733832,30.054179],[34.736651,30.047397],[34.747905,30.019824],[34.751123,30.008751],[34.75598,29.9962],[34.758666,29.988376],[34.76105,29.98163],[34.763319,29.975758],[34.766652,29.966648],[34.770514,29.956056],[34.774744,29.944454],[34.778211,29.93409],[34.781223,29.924765],[34.784392,29.916409],[34.788063,29.907013],[34.789326,29.904],[34.793467,29.893225],[34.796783,29.884333],[34.801344,29.872431],[34.805402,29.86255],[34.811114,29.84966],[34.815776,29.83949],[34.817201,29.835653],[34.817823,29.832784],[34.819375,29.833324],[34.819741,29.834673],[34.820304,29.834625],[34.823609,29.830346],[34.822749,29.826449],[34.822802,29.826146],[34.824294,29.817602],[34.825661,29.815871],[34.824795,29.813294],[34.82601,29.8086],[34.827018,29.807182],[34.832285,29.806192],[34.833187,29.806946],[34.834161,29.805115],[34.83385,29.802645],[34.830068,29.80088],[34.832036,29.794692],[34.833502,29.793331],[34.838126,29.791169],[34.838251,29.789869],[34.835753,29.788262],[34.836622,29.786008],[34.837981,29.786892],[34.83885,29.786054],[34.836601,29.784663],[34.840384,29.783112],[34.843791,29.77919],[34.847669,29.76259],[34.850565,29.740458],[34.851705,29.731612],[34.852842,29.721092],[34.855503,29.69915],[34.858191,29.685854],[34.862648,29.680338],[34.862952,29.676874],[34.865655,29.670942],[34.865732,29.670391],[34.866707,29.669513],[34.869755,29.67012],[34.870035,29.66936],[34.870347,29.660548],[34.871138,29.658901],[34.872377,29.657193],[34.874853,29.652628],[34.87502,29.650996],[34.875702,29.649814],[34.87659,29.648809],[34.880253,29.648694],[34.880221,29.648448],[34.879646,29.64814],[34.879311,29.647103],[34.879234,29.645987],[34.878462,29.644765],[34.87815,29.627896],[34.874473,29.614105],[34.86992,29.604146],[34.867466,29.599083],[34.867023,29.598211],[34.866414,29.597609],[34.872457,29.57867],[34.874085,29.569812],[34.876095,29.558884],[34.876098,29.558861],[34.878553,29.543323],[34.884801,29.527432],[34.895221,29.512645],[34.89723,29.508072],[34.903618,29.493529],[34.903193,29.492143],[34.90283,29.490964],[34.902707,29.49062],[34.903201,29.490804],[34.904633,29.492269],[34.905975,29.493887],[34.906856,29.495023],[34.907322,29.495535],[34.907896,29.495747],[34.908855,29.49594],[34.909162,29.496219],[34.909959,29.496769],[34.910588,29.497288],[34.910949,29.497601],[34.911428,29.497723],[34.912283,29.49777],[34.912637,29.497936],[34.913119,29.498228],[34.913719,29.498437],[34.914366,29.499051],[34.914719,29.499549],[34.915161,29.500112],[34.915647,29.500558],[34.916336,29.500965],[34.917307,29.501899],[34.917636,29.501974],[34.918127,29.502516],[34.918209,29.50254],[34.918236,29.502911],[34.918369,29.503232],[34.918377,29.503707],[34.918464,29.504095],[34.91852,29.504657],[34.918652,29.504975],[34.919574,29.506159],[34.919885,29.506437],[34.920132,29.506744],[34.920702,29.507166],[34.921068,29.507423],[34.921648,29.507885],[34.921959,29.508421],[34.922267,29.508761],[34.922986,29.509183],[34.923487,29.510988],[34.923778,29.511464],[34.924163,29.51186],[34.9246,29.512029],[34.924771,29.512078],[34.925345,29.512242],[34.925582,29.51231],[34.925729,29.512303],[34.926347,29.512996],[34.926538,29.513353],[34.926701,29.513759],[34.926745,29.513868],[34.926693,29.514244],[34.926439,29.514743],[34.926604,29.514889],[34.926707,29.515099],[34.926709,29.515279],[34.926582,29.515392],[34.926497,29.515413],[34.926494,29.515353],[34.926558,29.515173],[34.926536,29.515018],[34.926353,29.514912],[34.92621,29.515063],[34.926018,29.515359],[34.925962,29.51568],[34.926008,29.515927],[34.926119,29.516065],[34.926321,29.516038],[34.926485,29.515953],[34.926541,29.515988],[34.926582,29.516065],[34.926501,29.516031],[34.926454,29.516049],[34.926362,29.516102],[34.926136,29.516222],[34.926121,29.516652],[34.92647,29.517056],[34.927406,29.517582],[34.927817,29.517724],[34.927847,29.517902],[34.928872,29.518947],[34.9292,29.519257],[34.929578,29.51947],[34.929822,29.519675],[34.930022,29.519886],[34.93058,29.520143],[34.931099,29.521068],[34.931609,29.522499],[34.932939,29.523925],[34.933975,29.524397],[34.93495,29.524532],[34.936146,29.526345],[34.938389,29.528768],[34.939047,29.528836],[34.939664,29.52914],[34.941232,29.531101],[34.942902,29.533074],[34.942792,29.533201],[34.943137,29.533709],[34.942796,29.533885],[34.942356,29.533433],[34.942101,29.533629],[34.943647,29.53519],[34.943966,29.535731],[34.943638,29.53635],[34.944735,29.537549],[34.944704,29.53778],[34.945432,29.538494],[34.945789,29.538662],[34.945777,29.538809],[34.945886,29.538974],[34.94635,29.539501],[34.947292,29.540051],[34.947494,29.540263],[34.947476,29.540527],[34.947707,29.541115],[34.948517,29.541809],[34.948605,29.541883],[34.949216,29.542085],[34.949889,29.54166],[34.949883,29.541595],[34.949942,29.54156],[34.95,29.54159],[34.950082,29.541524],[34.950184,29.541442],[34.951301,29.542931],[34.951714,29.543505],[34.952094,29.544104],[34.952393,29.544682],[34.952233,29.54473],[34.952023,29.54424],[34.95149,29.54447],[34.951682,29.544895],[34.952199,29.545566],[34.952631,29.546273],[34.953268,29.5473],[34.953341,29.547499],[34.953495,29.547776],[34.953787,29.548393],[34.954262,29.549229],[34.954684,29.54962],[34.955177,29.549731],[34.956092,29.549703],[34.957027,29.549604],[34.959176,29.549171],[34.959462,29.549085],[34.959585,29.549002],[34.959609,29.548747],[34.959617,29.54863],[34.959689,29.54852],[34.960026,29.548271],[34.96032,29.548085],[34.960422,29.548212],[34.96019,29.548365],[34.959931,29.548555],[34.95984,29.548679],[34.959828,29.548927],[34.959841,29.54912],[34.960053,29.549388],[34.960046,29.54955],[34.960089,29.552007],[34.960009,29.552138],[34.958217,29.553585],[34.958235,29.553712],[34.958622,29.554302],[34.961163,29.553528],[34.961193,29.553599],[34.962175,29.553292],[34.962582,29.553165],[34.962651,29.5531],[34.962974,29.553002],[34.963043,29.553182],[34.963819,29.552958],[34.963733,29.552744],[34.963963,29.552712],[34.964342,29.552716],[34.966196,29.553468],[34.966481,29.552823],[34.966108,29.551913],[34.96424,29.552459],[34.962185,29.553021],[34.961602,29.552991],[34.961325,29.552595],[34.961079,29.552579],[34.961066,29.552498],[34.961043,29.552357],[34.961032,29.552199],[34.961027,29.552089],[34.961086,29.55181],[34.961032,29.551145],[34.960658,29.551022],[34.960393,29.550851],[34.960363,29.549634],[34.960381,29.549497],[34.960408,29.549354],[34.960488,29.549195],[34.96057,29.549143],[34.960686,29.549136],[34.960771,29.549201],[34.961081,29.54914],[34.961248,29.549017],[34.96157,29.548855],[34.961641,29.548734],[34.961322,29.54822],[34.961166,29.548079],[34.960961,29.547989],[34.96089,29.547942],[34.960955,29.547828],[34.96107,29.547851],[34.961177,29.547934],[34.961248,29.548007],[34.9614,29.548126],[34.961537,29.548347],[34.961641,29.548538],[34.96198,29.548538],[34.963116,29.548188],[34.964324,29.547778],[34.965522,29.547341],[34.966179,29.547105],[34.966461,29.546999],[34.966708,29.546886],[34.966654,29.546759],[34.966618,29.54663],[34.96661,29.546503],[34.966618,29.546377],[34.966685,29.546174],[34.966838,29.545975],[34.967069,29.545808],[34.967348,29.545669],[34.967411,29.545672],[34.96746,29.545698],[34.967486,29.545735],[34.967483,29.545783],[34.967453,29.545821],[34.967158,29.545956],[34.967052,29.546025],[34.966959,29.546093],[34.966893,29.546172],[34.966824,29.546283],[34.966794,29.546393],[34.966776,29.546504],[34.966773,29.546591],[34.966787,29.546681],[34.966865,29.546857],[34.96702,29.546849],[34.967148,29.546859],[34.967226,29.546886],[34.967283,29.546959],[34.967935,29.548546],[34.968003,29.548731],[34.968084,29.548894],[34.968074,29.549001],[34.967927,29.549318],[34.967846,29.549596],[34.967851,29.549757],[34.967871,29.549919],[34.968756,29.551884],[34.969015,29.552088],[34.969308,29.552226],[34.969584,29.552273],[34.970002,29.552218],[34.970429,29.552061],[34.971128,29.551893],[34.971349,29.55171],[34.971451,29.551506],[34.971489,29.550685],[34.97146,29.549889],[34.971251,29.549572],[34.970893,29.549364],[34.970592,29.549305],[34.970315,29.549327],[34.969633,29.549609],[34.969241,29.549685],[34.968916,29.549521],[34.96878,29.54943],[34.968699,29.549263],[34.96857,29.54929],[34.968119,29.548266],[34.967591,29.54695],[34.967572,29.546848],[34.967601,29.546738],[34.967682,29.546668],[34.967777,29.546613],[34.967633,29.546374],[34.967453,29.546191],[34.967524,29.546117],[34.967588,29.546105],[34.967656,29.546115],[34.967779,29.546314],[34.967884,29.546509],[34.968327,29.546413],[34.969217,29.546121],[34.970986,29.545482],[34.971207,29.545525],[34.971255,29.54538],[34.972112,29.545075],[34.972689,29.54481],[34.973312,29.544557],[34.973395,29.544464],[34.973461,29.544371],[34.973457,29.544313],[34.973364,29.544199],[34.973483,29.544148],[34.973565,29.544262],[34.973681,29.544308],[34.973699,29.544345],[34.973785,29.544422],[34.973874,29.544428],[34.974002,29.544397],[34.97421,29.544336],[34.974472,29.544176],[34.974686,29.543998],[34.975621,29.543616],[34.976006,29.543457],[34.976454,29.543238],[34.977364,29.542925],[34.977467,29.543255],[34.977386,29.543641],[34.977259,29.543924],[34.977215,29.544238],[34.977156,29.544788],[34.977098,29.545327],[34.977185,29.546773],[34.977237,29.54813],[34.977315,29.549261],[34.977303,29.549664],[34.97727,29.55073],[34.977185,29.551579],[34.9771,29.552058],[34.977219,29.552303],[34.977442,29.552497],[34.97762,29.552652],[34.977725,29.552908],[34.977913,29.55592],[34.978051,29.558119],[34.978533,29.565817],[34.978435,29.568143],[34.978041,29.575018],[34.978085,29.576097],[34.978294,29.577293],[34.978405,29.577504],[34.978564,29.577805],[34.978732,29.578121],[34.980325,29.580908],[34.980398,29.581114],[34.980457,29.581282],[34.980867,29.583359],[34.984841,29.59065],[34.986108,29.592245],[34.987115,29.593744],[34.988557,29.597313],[34.99016,29.600817],[34.990575,29.602404],[34.991142,29.603517],[34.997717,29.614656],[35.000671,29.621793],[35.014605,29.639091],[35.019669,29.656024],[35.021085,29.672525],[35.011944,29.696796],[35.012931,29.705333],[35.013274,29.710868],[35.015399,29.717652],[35.018338,29.729168],[35.019089,29.73146],[35.025548,29.755605],[35.02999,29.771922],[35.032372,29.776988],[35.043937,29.788088],[35.045375,29.802314],[35.050718,29.810879],[35.049881,29.819145],[35.058614,29.840664],[35.062112,29.848797],[35.067197,29.856223],[35.069021,29.863201],[35.078827,29.871779],[35.078827,29.877491],[35.084535,29.885547],[35.084664,29.890143],[35.083655,29.900151],[35.081724,29.922191],[35.077283,29.924906],[35.077819,29.930039],[35.080544,29.933237],[35.084406,29.939894],[35.083612,29.947053],[35.075287,29.950344],[35.07827,29.957185],[35.088998,29.963413],[35.092002,29.969622],[35.088183,29.972633],[35.094384,29.981443],[35.09889,29.99148],[35.116228,29.995234],[35.116765,30.001255],[35.110241,30.003113],[35.110392,30.009208],[35.100864,30.012255],[35.103868,30.018832],[35.112709,30.039193],[35.118288,30.045917],[35.130712,30.061556],[35.14584,30.062763],[35.146998,30.067907],[35.148779,30.073626],[35.151569,30.082613],[35.153221,30.094217],[35.157491,30.11421],[35.162191,30.122488],[35.15777,30.12865],[35.160924,30.13444],[35.151011,30.143588],[35.154959,30.155],[35.144595,30.162588],[35.146548,30.184162],[35.151397,30.202504],[35.151097,30.214539],[35.145239,30.241385],[35.150153,30.253045],[35.148801,30.266853],[35.146011,30.282048],[35.15468,30.306727],[35.161295,30.311995],[35.165238,30.315211],[35.169121,30.320157],[35.17352,30.324639],[35.192038,30.346085],[35.188433,30.355695],[35.17985,30.37271],[35.178734,30.375672],[35.178176,30.376671],[35.170773,30.390943],[35.169166,30.394039],[35.165731,30.40066],[35.165048,30.403894],[35.161933,30.418648],[35.161954,30.441312],[35.171331,30.455408],[35.178176,30.466376],[35.181502,30.471425],[35.186346,30.487796],[35.193154,30.498903],[35.194356,30.52166],[35.195085,30.534007],[35.198347,30.539053],[35.203904,30.548496],[35.203647,30.566401],[35.203754,30.575214],[35.204033,30.581956],[35.205857,30.585023],[35.211607,30.593926],[35.218946,30.607963],[35.220148,30.612857],[35.222186,30.619098],[35.227701,30.624638],[35.233666,30.631304],[35.24109,30.638356],[35.248493,30.645316],[35.261285,30.656789],[35.263859,30.660185],[35.266024,30.667928],[35.262677,30.672524],[35.270809,30.680109],[35.268105,30.684519],[35.273813,30.690037],[35.274715,30.695222],[35.276689,30.701476],[35.281817,30.710369],[35.2904,30.709686],[35.293662,30.712251],[35.293919,30.718726],[35.286345,30.722876],[35.289606,30.727506],[35.294541,30.734884],[35.294928,30.750836],[35.295807,30.762011],[35.30821,30.762269],[35.313813,30.769616],[35.315656,30.790163],[35.3222,30.796909],[35.336901,30.798742],[35.341104,30.815486],[35.337392,30.818969],[35.335869,30.823171],[35.335556,30.824444],[35.329861,30.841467],[35.33117,30.855578],[35.331341,30.859004],[35.331492,30.860865],[35.331706,30.862209],[35.333056,30.867222],[35.341641,30.884991],[35.343424,30.888499],[35.345804,30.893057],[35.348207,30.897052],[35.351168,30.902539],[35.35428,30.908302],[35.355567,30.910069],[35.358957,30.913475],[35.371167,30.926784],[35.381617,30.927281],[35.394084,30.926582],[35.397881,30.931404],[35.402001,30.933208],[35.404708,30.936364],[35.416466,30.95094],[35.417582,30.960214],[35.418097,30.968236],[35.418208,31.004104],[35.421015,31.016723],[35.42595,31.044815],[35.427367,31.050187],[35.432988,31.058007],[35.43813,31.066168],[35.442685,31.072729],[35.445373,31.077672],[35.448558,31.085546],[35.450326,31.089522],[35.45182,31.094616],[35.453536,31.100091],[35.454738,31.104449],[35.455073,31.10819],[35.455201,31.113731],[35.456171,31.122526],[35.456197,31.128294],[35.454094,31.137242],[35.453545,31.143751],[35.451631,31.14788],[35.449253,31.157377],[35.444764,31.165008],[35.441709,31.16943],[35.438301,31.173351],[35.434885,31.179843],[35.430216,31.186194],[35.425882,31.193096],[35.422817,31.199506],[35.418466,31.203602],[35.414011,31.206921],[35.410964,31.210202],[35.408132,31.216977],[35.405471,31.222328],[35.404121,31.2259],[35.401995,31.232736],[35.400107,31.239216],[35.399231,31.245226],[35.3993,31.252945],[35.401377,31.266519],[35.40348,31.27387],[35.406638,31.28147],[35.409951,31.286611],[35.413797,31.292743],[35.41868,31.300884],[35.421805,31.305482],[35.424423,31.31008],[35.426937,31.313996],[35.428889,31.3175],[35.431126,31.321549],[35.436001,31.327891],[35.438018,31.332488],[35.440996,31.33696],[35.444095,31.341241],[35.446601,31.345551],[35.45091,31.35239],[35.454197,31.357843],[35.456695,31.362409],[35.460695,31.371658],[35.46393,31.383852],[35.466316,31.390483],[35.467552,31.393758],[35.46696,31.398139],[35.468675,31.401556],[35.469664,31.411267],[35.472179,31.419566],[35.472342,31.425264],[35.474487,31.445747],[35.474711,31.453882],[35.47514,31.464989],[35.476453,31.472522],[35.475964,31.480245],[35.476917,31.484249],[35.476599,31.487096],[35.476281,31.491414],[35.474857,31.49481],[35.474899,31.496574],[35.471149,31.496274],[35.46472,31.496603],[35.460222,31.496735],[35.456858,31.49653],[35.453682,31.49664],[35.447133,31.496771],[35.437666,31.49672],[35.434576,31.496171],[35.432594,31.495542],[35.430534,31.495776],[35.427547,31.495681],[35.423032,31.496457],[35.420148,31.49634],[35.417118,31.494964],[35.413367,31.494825],[35.409565,31.49522],[35.405278,31.495],[35.402778,31.494167],[35.397222,31.4925],[35.394722,31.491667],[35.394633,31.49162],[35.394953,31.490575],[35.395106,31.49012],[35.394142,31.489565],[35.39368,31.489278],[35.392999,31.488857],[35.392891,31.488778],[35.3928,31.488684],[35.392662,31.488503],[35.392544,31.488396],[35.392405,31.488309],[35.392251,31.488244],[35.392086,31.488203],[35.391895,31.488162],[35.39174,31.488102],[35.391585,31.488007],[35.390286,31.487133],[35.388687,31.485961],[35.387913,31.485428],[35.387504,31.485093],[35.387338,31.484917],[35.386694,31.484293],[35.386389,31.484064],[35.386101,31.483823],[35.385865,31.483542],[35.385789,31.483424],[35.384957,31.482373],[35.384582,31.481947],[35.383761,31.481165],[35.383558,31.481009],[35.383388,31.48088],[35.38322,31.48075],[35.383055,31.480617],[35.382893,31.480481],[35.382798,31.4804],[35.382065,31.479765],[35.381818,31.479547],[35.381575,31.479326],[35.381337,31.479101],[35.381119,31.478888],[35.379956,31.477918],[35.379786,31.477802],[35.379547,31.477646],[35.379305,31.477493],[35.379061,31.477344],[35.378813,31.477199],[35.378582,31.477068],[35.377331,31.476235],[35.376293,31.475548],[35.376085,31.475413],[35.375874,31.475281],[35.375661,31.475152],[35.375444,31.475027],[35.375226,31.474905],[35.375005,31.474785],[35.374926,31.474744],[35.373766,31.474014],[35.373502,31.473806],[35.373327,31.473665],[35.373149,31.473526],[35.372968,31.47339],[35.37278,31.473255],[35.372627,31.473146],[35.371937,31.472748],[35.371727,31.472649],[35.371406,31.472488],[35.371107,31.472327],[35.370948,31.472236],[35.370634,31.472047],[35.370344,31.471858],[35.369385,31.471238],[35.368916,31.470917],[35.36847,31.470552],[35.368275,31.470344],[35.367914,31.46999],[35.367787,31.469892],[35.367746,31.469861],[35.367706,31.46983],[35.367667,31.469799],[35.367628,31.469767],[35.36759,31.469734],[35.367553,31.469701],[35.367516,31.469667],[35.36748,31.469632],[35.367461,31.469614],[35.366505,31.469032],[35.366116,31.468784],[35.365904,31.468652],[35.365689,31.468522],[35.365472,31.468396],[35.365252,31.468273],[35.36503,31.468154],[35.364957,31.468116],[35.364736,31.467999],[35.364518,31.467878],[35.364302,31.467755],[35.364089,31.467628],[35.363879,31.467498],[35.363864,31.467489],[35.363694,31.467383],[35.363522,31.467281],[35.363348,31.467181],[35.363172,31.467084],[35.362994,31.466989],[35.362815,31.466897],[35.362695,31.466837],[35.361828,31.466405],[35.361586,31.466282],[35.361395,31.466182],[35.361207,31.466079],[35.36102,31.465973],[35.360836,31.465865],[35.360654,31.465754],[35.360474,31.46564],[35.360297,31.465523],[35.360229,31.465478],[35.36004,31.465352],[35.359849,31.465229],[35.359655,31.465109],[35.359458,31.464992],[35.35926,31.464877],[35.359059,31.464766],[35.358855,31.464658],[35.359019,31.464818],[35.358527,31.464485],[35.358262,31.46434],[35.358,31.464192],[35.357741,31.464039],[35.357485,31.463882],[35.357371,31.46381],[35.357046,31.463608],[35.356718,31.463411],[35.3559,31.462841],[35.355774,31.462753],[35.355567,31.462572],[35.354997,31.462094],[35.354822,31.461949],[35.354644,31.461808],[35.354463,31.461669],[35.354279,31.461532],[35.35421,31.461483],[35.354102,31.461403],[35.353995,31.461322],[35.35389,31.46124],[35.353787,31.461156],[35.353686,31.46107],[35.35361,31.461005],[35.352817,31.460353],[35.352267,31.459892],[35.350983,31.458932],[35.349681,31.458168],[35.34838,31.457343],[35.347094,31.456434],[35.346799,31.45623],[35.346501,31.45603],[35.346362,31.455939],[35.346293,31.455895],[35.346224,31.455853],[35.346153,31.455811],[35.346082,31.455771],[35.34601,31.455731],[35.345951,31.4557],[35.345778,31.455609],[35.345607,31.455514],[35.345438,31.455418],[35.345271,31.455319],[35.345106,31.455217],[35.344943,31.455113],[35.344783,31.455006],[35.344624,31.454897],[35.344568,31.454857],[35.343185,31.453997],[35.341537,31.452781],[35.34069,31.452168],[35.339551,31.451413],[35.338544,31.450735],[35.338378,31.450625],[35.338209,31.450517],[35.338038,31.450412],[35.337865,31.450309],[35.33769,31.450209],[35.337507,31.450109],[35.337148,31.449912],[35.336794,31.44971],[35.336443,31.449503],[35.336297,31.449414],[35.336027,31.449245],[35.335759,31.449073],[35.335496,31.448896],[35.335235,31.448715],[35.334979,31.44853],[35.334727,31.448342],[35.334647,31.448281],[35.334513,31.44818],[35.334377,31.448081],[35.334239,31.447984],[35.334099,31.447889],[35.333957,31.447796],[35.333814,31.447706],[35.333732,31.447655],[35.333313,31.447318],[35.332353,31.446701],[35.331822,31.446353],[35.330952,31.445773],[35.330253,31.445292],[35.33013,31.445207],[35.330005,31.445125],[35.329878,31.445044],[35.32975,31.444965],[35.32962,31.444888],[35.329489,31.444813],[35.329356,31.44474],[35.329221,31.444669],[35.329086,31.4446],[35.329022,31.444568],[35.328215,31.444089],[35.328205,31.444081],[35.327256,31.443454],[35.326884,31.443222],[35.326263,31.442749],[35.325506,31.442074],[35.325231,31.441833],[35.324952,31.441596],[35.324668,31.441364],[35.32438,31.441136],[35.32434,31.441105],[35.324006,31.440851],[35.323667,31.440603],[35.323323,31.440359],[35.323312,31.440352],[35.322353,31.439697],[35.32139,31.439064],[35.321161,31.438918],[35.320928,31.438776],[35.320693,31.438637],[35.320455,31.438502],[35.320214,31.438371],[35.319971,31.438243],[35.319725,31.438118],[35.319685,31.438099],[35.319476,31.437994],[35.319268,31.437885],[35.319063,31.437774],[35.31886,31.437659],[35.31866,31.437542],[35.318462,31.437421],[35.31826,31.437294],[35.317041,31.436551],[35.315664,31.435711],[35.314972,31.435205],[35.313595,31.434336],[35.312334,31.433555],[35.312211,31.433481],[35.312066,31.433394],[35.31192,31.43331],[35.311771,31.433228],[35.311621,31.433149],[35.311469,31.433071],[35.31132,31.432998],[35.309762,31.432265],[35.308656,31.431628],[35.308331,31.431444],[35.308002,31.431265],[35.307669,31.431091],[35.307333,31.430922],[35.307231,31.430872],[35.306317,31.430428],[35.305493,31.429944],[35.305052,31.429598],[35.30479,31.429365],[35.304532,31.429129],[35.30428,31.428889],[35.304271,31.42888],[35.303655,31.42838],[35.303345,31.428185],[35.303162,31.428078],[35.302982,31.427968],[35.302804,31.427855],[35.302628,31.42774],[35.302455,31.427622],[35.302284,31.427501],[35.302116,31.427378],[35.30195,31.427252],[35.30181,31.427143],[35.301632,31.427004],[35.301451,31.426867],[35.301191,31.426693],[35.301082,31.426603],[35.300893,31.426475],[35.300701,31.42635],[35.300508,31.426228],[35.300338,31.426125],[35.300238,31.426064],[35.30014,31.426002],[35.300043,31.425938],[35.299853,31.425806],[35.299759,31.425738],[35.299577,31.425598],[35.299537,31.425565],[35.298618,31.424856],[35.297568,31.424054],[35.296181,31.423179],[35.295887,31.423031],[35.294257,31.422247],[35.293624,31.421878],[35.293077,31.421421],[35.29271,31.421001],[35.292253,31.420381],[35.291809,31.419754],[35.291378,31.419121],[35.291003,31.418549],[35.290315,31.417671],[35.289814,31.417192],[35.288953,31.416466],[35.288426,31.416034],[35.288253,31.415891],[35.288083,31.415746],[35.287916,31.415598],[35.287753,31.415448],[35.287647,31.415348],[35.287134,31.414937],[35.286851,31.414763],[35.285847,31.414184],[35.284567,31.413577],[35.283399,31.413219],[35.282885,31.413093],[35.282373,31.412959],[35.281864,31.412818],[35.281391,31.412679],[35.280505,31.412334],[35.279773,31.411912],[35.277618,31.410503],[35.276869,31.410045],[35.276718,31.409951],[35.27657,31.409855],[35.276423,31.409757],[35.276278,31.409656],[35.276136,31.409554],[35.275995,31.409449],[35.275857,31.409342],[35.275721,31.409233],[35.275639,31.409166],[35.275422,31.408989],[35.275202,31.408815],[35.274978,31.408645],[35.274751,31.408478],[35.27452,31.408314],[35.274286,31.408154],[35.274138,31.408055],[35.272865,31.407203],[35.272559,31.406993],[35.272252,31.406778],[35.271949,31.406558],[35.271788,31.406438],[35.270976,31.405753],[35.269712,31.404835],[35.269626,31.404774],[35.269538,31.404713],[35.26945,31.404655],[35.26936,31.404597],[35.269269,31.404541],[35.269177,31.404486],[35.26909,31.404436],[35.268412,31.403977],[35.267995,31.403596],[35.266458,31.402337],[35.265386,31.401274],[35.264368,31.400449],[35.263984,31.400079],[35.263883,31.399956],[35.263679,31.399737],[35.263584,31.399657],[35.26254,31.398798],[35.26206,31.3985],[35.261327,31.398046],[35.261089,31.397896],[35.260855,31.397743],[35.260623,31.397586],[35.260395,31.397426],[35.26021,31.397293],[35.259667,31.396886],[35.259132,31.396471],[35.258913,31.396298],[35.258677,31.396112],[35.258437,31.39593],[35.258193,31.395751],[35.258011,31.395622],[35.257204,31.39515],[35.257097,31.3951],[35.256874,31.394996],[35.256653,31.394889],[35.256434,31.394778],[35.256212,31.394661],[35.255309,31.394091],[35.255068,31.393936],[35.254831,31.393778],[35.254597,31.393616],[35.254366,31.393451],[35.254138,31.393282],[35.253914,31.393109],[35.253775,31.393],[35.253558,31.392823],[35.253344,31.392642],[35.253133,31.392459],[35.252927,31.392272],[35.252724,31.392083],[35.252525,31.39189],[35.252385,31.391749],[35.251223,31.39058],[35.25077,31.390073],[35.249564,31.388944],[35.249202,31.388673],[35.247869,31.387702],[35.247349,31.387314],[35.246094,31.386238],[35.24341,31.384277],[35.240859,31.382457],[35.240069,31.381791],[35.238836,31.380868],[35.237687,31.380023],[35.237235,31.379699],[35.237058,31.379571],[35.236884,31.37944],[35.236712,31.379306],[35.236544,31.379171],[35.236378,31.379032],[35.23631,31.378974],[35.235932,31.378642],[35.23556,31.378305],[35.235284,31.378047],[35.235095,31.377871],[35.234903,31.377698],[35.234707,31.377528],[35.234508,31.377361],[35.234306,31.377196],[35.2341,31.377035],[35.233891,31.376878],[35.233679,31.376723],[35.233464,31.376571],[35.233405,31.376531],[35.233182,31.376375],[35.232962,31.376216],[35.232745,31.376054],[35.232532,31.375889],[35.232322,31.37572],[35.232116,31.375549],[35.231913,31.375374],[35.231736,31.375217],[35.230745,31.374464],[35.229616,31.373871],[35.228929,31.373613],[35.228128,31.373358],[35.227322,31.373116],[35.226512,31.372885],[35.22615,31.372787],[35.224394,31.372456],[35.223417,31.372388],[35.222665,31.372372],[35.221914,31.372367],[35.221512,31.372369],[35.22013,31.372371],[35.219134,31.372359],[35.217988,31.372399],[35.215768,31.372525],[35.213667,31.372486],[35.213575,31.372477],[35.212403,31.372313],[35.212254,31.372293],[35.212105,31.372276],[35.211806,31.372248],[35.211656,31.372237],[35.211506,31.372228],[35.211356,31.372222],[35.211205,31.372218],[35.211055,31.372217],[35.210971,31.372217],[35.209587,31.372118],[35.209247,31.372062],[35.207912,31.371888],[35.206623,31.371664],[35.206407,31.371625],[35.206192,31.371583],[35.205978,31.371537],[35.205766,31.371489],[35.205554,31.371437],[35.205343,31.371382],[35.205133,31.371323],[35.204977,31.371278],[35.204163,31.371101],[35.20394,31.371075],[35.201907,31.370618],[35.199494,31.369932],[35.197634,31.369362],[35.19658,31.36914],[35.196008,31.369024],[35.195434,31.368916],[35.194858,31.368818],[35.194698,31.368792],[35.19453,31.368764],[35.194362,31.368733],[35.194196,31.3687],[35.194029,31.368664],[35.193864,31.368626],[35.193699,31.368586],[35.193536,31.368543],[35.193492,31.368531],[35.191988,31.368189],[35.190091,31.367908],[35.189542,31.36788],[35.187723,31.367689],[35.187182,31.367578],[35.186321,31.367373],[35.185464,31.367155],[35.184736,31.366959],[35.184517,31.366897],[35.184299,31.366831],[35.184083,31.366762],[35.183868,31.36669],[35.183655,31.366615],[35.183443,31.366536],[35.183233,31.366455],[35.183025,31.36637],[35.182818,31.366282],[35.182724,31.366241],[35.182473,31.366132],[35.18222,31.366027],[35.181964,31.365925],[35.181707,31.365828],[35.181448,31.365734],[35.181187,31.365645],[35.180924,31.365559],[35.180659,31.365477],[35.180594,31.365457],[35.179934,31.365267],[35.17927,31.365087],[35.178603,31.364916],[35.17786,31.364739],[35.17487,31.364288],[35.174512,31.364265],[35.172782,31.364117],[35.171865,31.364032],[35.171035,31.363943],[35.170585,31.363895],[35.170133,31.363853],[35.169681,31.363819],[35.169229,31.363791],[35.169164,31.363788],[35.168267,31.363748],[35.167369,31.363722],[35.166587,31.36371],[35.163318,31.363632],[35.161949,31.363612],[35.160017,31.363438],[35.159233,31.363282],[35.15852,31.363111],[35.157811,31.362929],[35.157105,31.362737],[35.156404,31.362534],[35.156184,31.362468],[35.155791,31.362353],[35.155406,31.362246],[35.155088,31.362163],[35.154768,31.362084],[35.154447,31.36201],[35.154124,31.361942],[35.1538,31.361877],[35.153474,31.361818],[35.153403,31.361806],[35.150663,31.361121],[35.150293,31.360993],[35.149204,31.360613],[35.148637,31.360422],[35.147415,31.360028],[35.146186,31.359651],[35.14495,31.359294],[35.144726,31.359231],[35.141292,31.357984],[35.14099,31.357843],[35.13925,31.357003],[35.137752,31.356252],[35.13662,31.355678],[35.1355,31.355221],[35.134305,31.354938],[35.133543,31.354855],[35.133185,31.354835],[35.132827,31.35482],[35.132469,31.354811],[35.13211,31.354807],[35.131751,31.354808],[35.131393,31.354815],[35.131034,31.354827],[35.130676,31.354845],[35.130319,31.354868],[35.13027,31.354871],[35.128338,31.354909],[35.125667,31.355062],[35.125253,31.355089],[35.124839,31.355122],[35.124427,31.355161],[35.124015,31.355206],[35.123604,31.355258],[35.123221,31.355312],[35.122966,31.355351],[35.122712,31.355395],[35.122459,31.355442],[35.122207,31.355493],[35.121956,31.355547],[35.121706,31.355606],[35.121458,31.355668],[35.12121,31.355734],[35.121028,31.355785],[35.119655,31.356068],[35.119101,31.356122],[35.11658,31.356297],[35.116198,31.356321],[35.115816,31.356339],[35.115434,31.356351],[35.115051,31.356358],[35.114668,31.356359],[35.114285,31.356355],[35.114202,31.356353],[35.109452,31.356224],[35.105051,31.356075],[35.104077,31.356048],[35.103174,31.356035],[35.102941,31.356031],[35.102708,31.356025],[35.102475,31.356014],[35.102242,31.356],[35.10201,31.355983],[35.101778,31.355962],[35.101547,31.355938],[35.101316,31.35591],[35.101224,31.355898],[35.099478,31.355797],[35.09879,31.355828],[35.098525,31.355847],[35.09826,31.355861],[35.097995,31.355871],[35.097729,31.355877],[35.097464,31.355879],[35.097199,31.355878],[35.096933,31.355872],[35.096757,31.355866],[35.095794,31.3559],[35.095686,31.355913],[35.095489,31.355937],[35.095292,31.355958],[35.095094,31.355976],[35.094896,31.355991],[35.094697,31.356003],[35.094499,31.356012],[35.0943,31.356017],[35.094284,31.356018],[35.091354,31.356103],[35.089122,31.356197],[35.088273,31.356231],[35.087774,31.356246],[35.08743,31.356256],[35.087086,31.356272],[35.086743,31.356293],[35.0864,31.35632],[35.086058,31.356351],[35.085716,31.356388],[35.085375,31.356429],[35.085249,31.356446],[35.084689,31.356518],[35.084128,31.356581],[35.083565,31.356636],[35.083002,31.356682],[35.082437,31.35672],[35.082197,31.356733],[35.081863,31.356754],[35.08153,31.356779],[35.081198,31.356809],[35.080866,31.356845],[35.080535,31.356885],[35.080205,31.35693],[35.079875,31.35698],[35.079627,31.357021],[35.079197,31.357091],[35.078767,31.357155],[35.078334,31.357213],[35.077901,31.357264],[35.077467,31.357308],[35.077249,31.357328],[35.076702,31.35738],[35.076158,31.35744],[35.075614,31.357507],[35.075303,31.35755],[35.074808,31.357617],[35.074311,31.357676],[35.073813,31.357727],[35.073314,31.357771],[35.072815,31.357808],[35.072305,31.357837],[35.070091,31.357932],[35.069825,31.357941],[35.067971,31.358016],[35.067402,31.358039],[35.066834,31.358054],[35.066265,31.358059],[35.065696,31.358057],[35.065127,31.358046],[35.064558,31.358026],[35.064465,31.358022],[35.063524,31.357987],[35.062582,31.357967],[35.062046,31.357961],[35.059464,31.357926],[35.057662,31.357879],[35.057208,31.357868],[35.056753,31.357864],[35.056299,31.357866],[35.056179,31.357868],[35.054836,31.357882],[35.053492,31.357875],[35.052854,31.357864],[35.050325,31.357833],[35.049635,31.357831],[35.04865,31.357824],[35.047665,31.357801],[35.046681,31.357763],[35.046412,31.35775],[35.044386,31.357801],[35.044014,31.357844],[35.042532,31.358023],[35.041162,31.358169],[35.039289,31.358346],[35.038846,31.358388],[35.03852,31.358415],[35.038192,31.358438],[35.037865,31.358455],[35.037537,31.358467],[35.037209,31.358474],[35.036881,31.358477],[35.036553,31.358475],[35.036461,31.358473],[35.034455,31.358441],[35.032978,31.358434],[35.031593,31.358447],[35.031189,31.358451],[35.030785,31.358449],[35.030382,31.35844],[35.029979,31.358425],[35.029576,31.358405],[35.029433,31.358396],[35.027823,31.358306],[35.026965,31.358267],[35.026675,31.358258],[35.026385,31.358252],[35.026095,31.358251],[35.025806,31.358255],[35.025516,31.358262],[35.025405,31.358267],[35.024792,31.358286],[35.024178,31.358297],[35.023565,31.358299],[35.022951,31.358291],[35.022587,31.358282],[35.0204,31.358211],[35.018849,31.358159],[35.018279,31.358137],[35.01771,31.358106],[35.017142,31.358067],[35.016574,31.358019],[35.016482,31.358011],[35.016206,31.357987],[35.015929,31.357967],[35.015651,31.357951],[35.015374,31.35794],[35.015096,31.357932],[35.014818,31.357929],[35.01454,31.35793],[35.014521,31.35793],[35.014278,31.357931],[35.014034,31.357929],[35.01379,31.357923],[35.013547,31.357913],[35.013303,31.357899],[35.013119,31.357887],[35.012727,31.35786],[35.012334,31.35784],[35.011942,31.357826],[35.011549,31.357817],[35.011155,31.357814],[35.01091,31.357816],[35.010422,31.357817],[35.009934,31.357811],[35.009446,31.357798],[35.008959,31.357777],[35.008472,31.357749],[35.008261,31.357734],[35.007794,31.357697],[35.007328,31.357653],[35.006862,31.357603],[35.00643,31.357549],[35.006162,31.357512],[35.005896,31.357471],[35.00563,31.357425],[35.005366,31.357376],[35.005102,31.357323],[35.00484,31.357266],[35.004579,31.357205],[35.004548,31.357198],[35.00402,31.357074],[35.00349,31.356958],[35.002957,31.35685],[35.002423,31.356749],[35.002092,31.356692],[35.000936,31.356584],[35.000848,31.356583],[35.000114,31.356523],[34.999403,31.356354],[34.999327,31.356329],[34.997644,31.355951],[34.997306,31.355877],[34.996967,31.355809],[34.996284,31.355688],[34.995941,31.355635],[34.995597,31.355587],[34.995407,31.355563],[34.994362,31.355354],[34.993375,31.354992],[34.993096,31.354856],[34.992573,31.354636],[34.992012,31.354497],[34.991829,31.354471],[34.989145,31.354019],[34.98866,31.353933],[34.988176,31.35384],[34.987694,31.35374],[34.987215,31.353633],[34.986738,31.353519],[34.986263,31.353397],[34.985939,31.35331],[34.98397,31.352751],[34.983032,31.352474],[34.982644,31.352361],[34.982254,31.352253],[34.981861,31.352152],[34.981466,31.352056],[34.98107,31.351966],[34.980671,31.351883],[34.980272,31.351805],[34.97987,31.351733],[34.979678,31.351701],[34.977,31.351049],[34.974534,31.350669],[34.973425,31.350437],[34.972446,31.350217],[34.972176,31.350157],[34.971905,31.350101],[34.971633,31.350049],[34.97136,31.350001],[34.971085,31.349957],[34.97081,31.349917],[34.970535,31.349881],[34.970258,31.34985],[34.970061,31.34983],[34.968738,31.349713],[34.967674,31.349633],[34.967354,31.349609],[34.967034,31.34958],[34.966715,31.349546],[34.966397,31.349507],[34.966079,31.349464],[34.965762,31.349415],[34.965512,31.349374],[34.963429,31.349174],[34.962753,31.349177],[34.960549,31.348974],[34.958535,31.348843],[34.957485,31.348766],[34.956437,31.348674],[34.955391,31.348566],[34.954956,31.348516],[34.954628,31.350222],[34.947423,31.349604],[34.940986,31.346232],[34.935664,31.346452],[34.933167,31.342779],[34.927167,31.341761],[34.926444,31.34169],[34.924355,31.342464],[34.923602,31.342917],[34.92206,31.343334],[34.920029,31.343567],[34.918296,31.345191],[34.915335,31.347138],[34.913953,31.348349],[34.91197,31.349886],[34.910746,31.350253],[34.910718,31.350442],[34.910729,31.350632],[34.910736,31.350672],[34.910966,31.352961],[34.910965,31.353112],[34.910881,31.353833],[34.910652,31.35453],[34.910496,31.354845],[34.91002,31.355541],[34.90941,31.356155],[34.908685,31.356669],[34.908466,31.356792],[34.908044,31.35702],[34.907627,31.357255],[34.907215,31.357496],[34.906808,31.357744],[34.906406,31.357997],[34.906009,31.358257],[34.905617,31.358522],[34.905231,31.358793],[34.90485,31.35907],[34.904693,31.359188],[34.9034,31.36],[34.903298,31.360052],[34.900878,31.361531],[34.900849,31.361549],[34.899749,31.362428],[34.898792,31.363249],[34.897818,31.364055],[34.896832,31.364842],[34.896237,31.365318],[34.895652,31.365802],[34.895076,31.366295],[34.894511,31.366797],[34.893956,31.367307],[34.893527,31.367714],[34.891538,31.369841],[34.891341,31.370056],[34.891148,31.370274],[34.89096,31.370494],[34.890776,31.370717],[34.890596,31.370943],[34.890422,31.371172],[34.890252,31.371403],[34.890087,31.371637],[34.889926,31.371873],[34.889886,31.371933],[34.889712,31.372262],[34.889607,31.372611],[34.889582,31.372783],[34.888897,31.375745],[34.887916,31.379211],[34.887756,31.379756],[34.887585,31.380297],[34.887403,31.380837],[34.887397,31.380852],[34.886546,31.382688],[34.886081,31.383414],[34.884513,31.385687],[34.883167,31.387697],[34.882682,31.388442],[34.881869,31.390009],[34.881385,31.391674],[34.881317,31.392103],[34.881186,31.393168],[34.881078,31.394236],[34.881055,31.394487],[34.881079,31.396041],[34.881258,31.397017],[34.882504,31.400732],[34.883558,31.403902],[34.884572,31.406421],[34.885911,31.40964],[34.887629,31.413294],[34.888977,31.415812],[34.890066,31.418019],[34.891535,31.420227],[34.892802,31.422058],[34.893622,31.423522],[34.894058,31.424771],[34.894223,31.425373],[34.894399,31.425974],[34.894588,31.426571],[34.894789,31.427166],[34.895002,31.427757],[34.895186,31.428242],[34.895772,31.429702],[34.896359,31.431088],[34.897401,31.432968],[34.897911,31.433658],[34.898642,31.434772],[34.89896,31.435467],[34.899041,31.435666],[34.899125,31.435864],[34.899213,31.436061],[34.899305,31.436257],[34.899379,31.436407],[34.899817,31.437104],[34.900389,31.437725],[34.900767,31.438037],[34.903516,31.440273],[34.90391,31.440599],[34.904298,31.440931],[34.904679,31.441269],[34.905145,31.441732],[34.905419,31.441961],[34.905779,31.442316],[34.905873,31.44241],[34.906539,31.443097],[34.907286,31.443897],[34.907829,31.4445],[34.908438,31.445199],[34.908606,31.445399],[34.908771,31.445602],[34.908931,31.445807],[34.909087,31.446015],[34.909239,31.446225],[34.909386,31.446438],[34.90953,31.446652],[34.909591,31.446747],[34.90979,31.44705],[34.909995,31.447351],[34.910207,31.447649],[34.910424,31.447943],[34.910648,31.448235],[34.910877,31.448522],[34.911112,31.448807],[34.911353,31.449088],[34.911524,31.449281],[34.912702,31.450512],[34.914805,31.452757],[34.918171,31.456233],[34.919613,31.457597],[34.92164,31.459886],[34.922136,31.460602],[34.922287,31.460827],[34.922442,31.46105],[34.922601,31.46127],[34.922765,31.461488],[34.922934,31.461704],[34.923106,31.461917],[34.923283,31.462128],[34.923465,31.462335],[34.923566,31.462448],[34.925026,31.464387],[34.925331,31.464909],[34.926643,31.467241],[34.927321,31.468413],[34.927506,31.46874],[34.927685,31.46907],[34.927856,31.469403],[34.927993,31.46968],[34.928111,31.469917],[34.928234,31.470153],[34.928361,31.470387],[34.928494,31.47062],[34.928631,31.47085],[34.928772,31.471078],[34.928919,31.471304],[34.929043,31.471488],[34.929556,31.472254],[34.930053,31.473027],[34.930534,31.473808],[34.930598,31.473913],[34.930697,31.474082],[34.930793,31.474253],[34.930886,31.474426],[34.930975,31.4746],[34.931061,31.474775],[34.931143,31.474951],[34.931221,31.475129],[34.931227,31.475143],[34.931381,31.475493],[34.931542,31.475841],[34.931711,31.476187],[34.931886,31.476529],[34.932068,31.47687],[34.932257,31.477207],[34.93236,31.477386],[34.932634,31.477863],[34.932898,31.478344],[34.933153,31.478829],[34.933292,31.479106],[34.933682,31.479871],[34.934088,31.48063],[34.93451,31.481383],[34.934594,31.48153],[34.935074,31.48238],[34.935536,31.483236],[34.93598,31.484098],[34.936223,31.48457],[34.936475,31.485039],[34.936738,31.485503],[34.93701,31.485964],[34.93712,31.486145],[34.938084,31.48846],[34.938391,31.489216],[34.938682,31.489978],[34.938958,31.490743],[34.939006,31.490882],[34.93973,31.492915],[34.940181,31.494121],[34.940267,31.494354],[34.940349,31.494589],[34.940425,31.494825],[34.940497,31.495062],[34.940564,31.4953],[34.940626,31.495539],[34.940684,31.495779],[34.940795,31.495968],[34.940852,31.496164],[34.94098,31.496415],[34.941305,31.497151],[34.9415,31.497715],[34.941789,31.49869],[34.941939,31.499035],[34.942269,31.499577],[34.942522,31.500833],[34.942628,31.501115],[34.943241,31.503068],[34.943726,31.504965],[34.943783,31.505418],[34.943988,31.507572],[34.944151,31.509812],[34.944134,31.510393],[34.944021,31.510896],[34.943503,31.512579],[34.943425,31.512846],[34.943256,31.513747],[34.943252,31.513805],[34.943141,31.514443],[34.94308,31.514636],[34.943006,31.514856],[34.942937,31.515077],[34.942872,31.515299],[34.942812,31.515522],[34.942756,31.515746],[34.942704,31.515971],[34.942696,31.516008],[34.942578,31.516537],[34.942448,31.517064],[34.942308,31.517589],[34.942157,31.518111],[34.941995,31.518632],[34.941823,31.51915],[34.941641,31.519665],[34.941625,31.519708],[34.941144,31.520978],[34.940637,31.52224],[34.940519,31.522525],[34.940404,31.522897],[34.940367,31.523281],[34.940409,31.523664],[34.940434,31.523768],[34.940905,31.525007],[34.940937,31.52507],[34.941567,31.526517],[34.941907,31.527572],[34.942026,31.528541],[34.941952,31.529588],[34.941897,31.52986],[34.941826,31.530427],[34.941852,31.530872],[34.941811,31.531966],[34.941715,31.534521],[34.941661,31.538713],[34.9416,31.539916],[34.941527,31.541376],[34.94135,31.544302],[34.941169,31.548421],[34.941275,31.550236],[34.94129,31.550326],[34.941311,31.550444],[34.941335,31.550562],[34.941361,31.55068],[34.94139,31.550797],[34.941421,31.550913],[34.941454,31.551029],[34.94149,31.551145],[34.941528,31.55126],[34.941569,31.551375],[34.941582,31.551411],[34.94179,31.551952],[34.942008,31.55249],[34.942212,31.552966],[34.942322,31.553225],[34.942427,31.553485],[34.942527,31.553748],[34.942622,31.554011],[34.942711,31.554276],[34.942794,31.554543],[34.942799,31.554557],[34.943083,31.555535],[34.943133,31.555714],[34.943288,31.556618],[34.943298,31.556857],[34.943248,31.559675],[34.943242,31.561735],[34.943269,31.56201],[34.943352,31.562276],[34.943487,31.562526],[34.943671,31.562752],[34.943872,31.562929],[34.944327,31.563335],[34.944693,31.563802],[34.944958,31.564317],[34.944967,31.56434],[34.945007,31.564446],[34.945045,31.564553],[34.945081,31.564661],[34.945114,31.564769],[34.945145,31.564877],[34.945174,31.564986],[34.945201,31.565095],[34.945226,31.565205],[34.945248,31.565315],[34.945265,31.565405],[34.945292,31.565573],[34.945317,31.565741],[34.945338,31.565909],[34.945355,31.566078],[34.945369,31.566247],[34.945379,31.566417],[34.945387,31.566586],[34.945388,31.566634],[34.945398,31.566908],[34.945414,31.567183],[34.945435,31.567457],[34.945461,31.567731],[34.945494,31.568004],[34.945531,31.568277],[34.945575,31.568549],[34.945594,31.568657],[34.945666,31.56909],[34.94573,31.569523],[34.945785,31.569957],[34.945831,31.570393],[34.945868,31.570828],[34.945883,31.571043],[34.946003,31.573812],[34.946021,31.574149],[34.946046,31.574486],[34.946078,31.574822],[34.946117,31.575158],[34.946162,31.575493],[34.946214,31.575827],[34.946273,31.576161],[34.946339,31.576494],[34.946412,31.576825],[34.946417,31.576848],[34.94646,31.577043],[34.946499,31.577238],[34.946534,31.577434],[34.946565,31.577631],[34.946592,31.577828],[34.946615,31.578025],[34.946634,31.578223],[34.946649,31.578421],[34.94666,31.578619],[34.946665,31.578764],[34.946921,31.580689],[34.947418,31.58222],[34.94778,31.582019],[34.948111,31.582954],[34.948453,31.583974],[34.948679,31.584648],[34.948766,31.584938],[34.948882,31.585153],[34.949242,31.586063],[34.949481,31.586702],[34.949667,31.587152],[34.949939,31.587882],[34.950171,31.588621],[34.950305,31.589076],[34.950374,31.589301],[34.950496,31.589491],[34.950647,31.589881],[34.950844,31.590461],[34.950954,31.590736],[34.95103,31.590951],[34.95107,31.591205],[34.951168,31.59145],[34.951186,31.591575],[34.951278,31.591865],[34.951551,31.592644],[34.951759,31.593359],[34.951852,31.593629],[34.951981,31.593833],[34.952086,31.594038],[34.952213,31.594353],[34.952324,31.594558],[34.952394,31.594663],[34.95251,31.594779],[34.952755,31.595034],[34.952994,31.595284],[34.953538,31.595788],[34.954295,31.596524],[34.95514,31.59734],[34.955684,31.597845],[34.956657,31.598671],[34.957251,31.599276],[34.957679,31.59975],[34.957906,31.599961],[34.958629,31.600676],[34.95938,31.601492],[34.960041,31.602162],[34.960257,31.602347],[34.960379,31.602478],[34.960618,31.602683],[34.961183,31.603328],[34.961994,31.604117],[34.962594,31.604767],[34.963357,31.605573],[34.963961,31.606193],[34.964264,31.606474],[34.964782,31.606979],[34.965621,31.6079],[34.966206,31.608514],[34.966999,31.60934],[34.967447,31.60985],[34.96778,31.610264],[34.96783,31.610321],[34.968031,31.610554],[34.968258,31.610809],[34.968339,31.610895],[34.968648,31.611185],[34.969208,31.61177],[34.969857,31.612375],[34.970306,31.612775],[34.970486,31.61295],[34.970988,31.613456],[34.972073,31.614614],[34.972737,31.61531],[34.972883,31.61546],[34.972935,31.61553],[34.973029,31.615575],[34.973105,31.615615],[34.973404,31.615934],[34.973596,31.616204],[34.973858,31.61647],[34.974086,31.61669],[34.974686,31.617245],[34.974907,31.617465],[34.975071,31.617621],[34.975257,31.617786],[34.975463,31.618],[34.976005,31.618695],[34.976505,31.619361],[34.976756,31.619741],[34.977032,31.62002],[34.977859,31.62106],[34.978553,31.622145],[34.978757,31.62245],[34.979566,31.62359],[34.979777,31.623939],[34.979928,31.624184],[34.98001,31.624294],[34.980091,31.624369],[34.980365,31.624774],[34.98097,31.625714],[34.981362,31.626299],[34.981728,31.626899],[34.982153,31.627504],[34.98245,31.627929],[34.982901,31.628468],[34.983838,31.629684],[34.984402,31.630447],[34.984639,31.630769],[34.985093,31.631374],[34.98539,31.631804],[34.985542,31.632029],[34.985676,31.632189],[34.986293,31.632939],[34.986551,31.633254],[34.987215,31.634189],[34.987846,31.635108],[34.987997,31.635318],[34.988434,31.635853],[34.989023,31.636544],[34.989553,31.637129],[34.989788,31.637403],[34.989853,31.637464],[34.990022,31.637614],[34.990272,31.637924],[34.990337,31.638014],[34.990529,31.638244],[34.991106,31.638874],[34.991724,31.63951],[34.992029,31.63982],[34.992158,31.640004],[34.992222,31.640119],[34.992327,31.640245],[34.992927,31.64097],[34.993329,31.64143],[34.993679,31.64173],[34.993901,31.641909],[34.994356,31.642439],[34.99502,31.64321],[34.995518,31.643779],[34.995991,31.644314],[34.996498,31.644879],[34.996749,31.645119],[34.997005,31.6453],[34.997265,31.645455],[34.997603,31.645664],[34.997875,31.645834],[34.998533,31.646116],[34.999381,31.646568],[34.999117,31.646967],[35.001626,31.648741],[35.003824,31.650516],[35.0046,31.651296],[35.004765,31.65146],[35.004934,31.651621],[35.005106,31.65178],[35.005282,31.651936],[35.006255,31.652651],[35.006926,31.653017],[35.007212,31.653152],[35.0075,31.653283],[35.007792,31.653409],[35.008085,31.653531],[35.008382,31.653649],[35.00868,31.653763],[35.008981,31.653871],[35.009284,31.653976],[35.009489,31.654043],[35.010227,31.654221],[35.010557,31.654264],[35.011337,31.654399],[35.011455,31.65443],[35.01283,31.6548],[35.013463,31.654962],[35.015355,31.655498],[35.015678,31.655576],[35.015842,31.655628],[35.015992,31.655705],[35.01607,31.655758],[35.016311,31.65591],[35.016579,31.656023],[35.016626,31.656038],[35.016762,31.656079],[35.016899,31.656117],[35.017036,31.656154],[35.017175,31.656188],[35.017314,31.65622],[35.017453,31.656251],[35.017594,31.656279],[35.017734,31.656305],[35.017876,31.656329],[35.018,31.656348],[35.018376,31.656433],[35.01873,31.656573],[35.018785,31.656601],[35.019131,31.656785],[35.019473,31.656975],[35.019749,31.657133],[35.020165,31.657332],[35.020614,31.657467],[35.020658,31.657476],[35.020847,31.657516],[35.021034,31.657558],[35.02122,31.657603],[35.021406,31.657651],[35.02159,31.657702],[35.021774,31.657755],[35.021956,31.657811],[35.022137,31.65787],[35.022317,31.657932],[35.022457,31.657982],[35.023932,31.658394],[35.024698,31.658516],[35.025483,31.658615],[35.02696,31.658923],[35.028067,31.659318],[35.028475,31.659496],[35.02888,31.659681],[35.029281,31.659872],[35.029531,31.659994],[35.029772,31.660117],[35.030011,31.660243],[35.030247,31.660373],[35.03048,31.660506],[35.03071,31.660642],[35.030938,31.660782],[35.031163,31.660926],[35.031252,31.660984],[35.03156,31.661183],[35.031871,31.661377],[35.032187,31.661567],[35.032506,31.661752],[35.033419,31.662261],[35.034337,31.662753],[35.034652,31.662918],[35.034791,31.662991],[35.034928,31.663067],[35.035064,31.663144],[35.035198,31.663224],[35.035331,31.663305],[35.035461,31.663389],[35.03559,31.663474],[35.035698,31.663548],[35.035855,31.663655],[35.036014,31.663759],[35.036174,31.663862],[35.036337,31.663961],[35.036502,31.664058],[35.036565,31.664094],[35.037276,31.664428],[35.037824,31.664599],[35.038902,31.664963],[35.039001,31.665006],[35.039114,31.665055],[35.039228,31.665103],[35.039343,31.665149],[35.039459,31.665193],[35.039575,31.665235],[35.039693,31.665276],[35.040069,31.665435],[35.04032,31.665586],[35.040434,31.665663],[35.04055,31.665739],[35.040667,31.665812],[35.040786,31.665885],[35.040907,31.665955],[35.041022,31.66602],[35.042663,31.667111],[35.042732,31.667166],[35.042903,31.667302],[35.043077,31.667435],[35.043254,31.667566],[35.043302,31.667601],[35.043684,31.66787],[35.044072,31.668134],[35.044127,31.668171],[35.044255,31.668255],[35.044384,31.668336],[35.044515,31.668416],[35.044648,31.668494],[35.044783,31.66857],[35.044919,31.668644],[35.045056,31.668715],[35.045195,31.668785],[35.045247,31.66881],[35.045961,31.669231],[35.046027,31.669278],[35.046642,31.669654],[35.046744,31.669704],[35.048303,31.670614],[35.04886,31.670951],[35.049337,31.67124],[35.05004,31.671654],[35.050908,31.672212],[35.051277,31.672453],[35.051774,31.672521],[35.052124,31.672816],[35.052432,31.673053],[35.052847,31.673314],[35.053194,31.673531],[35.053503,31.673721],[35.053829,31.673931],[35.05443,31.674303],[35.055125,31.67472],[35.055391,31.674859],[35.055486,31.674917],[35.055894,31.675249],[35.056447,31.67565],[35.05673,31.675863],[35.057017,31.676023],[35.057233,31.676102],[35.057988,31.676512],[35.058711,31.676894],[35.059488,31.677343],[35.060108,31.67775],[35.060994,31.678291],[35.061612,31.678705],[35.062005,31.678984],[35.062389,31.679253],[35.062725,31.679496],[35.06303,31.679748],[35.063204,31.679851],[35.063356,31.679966],[35.063537,31.680082],[35.063773,31.680217],[35.064191,31.680478],[35.064404,31.680612],[35.064719,31.680858],[35.064918,31.681032],[35.06535,31.681393],[35.066034,31.681979],[35.066351,31.682285],[35.06656,31.682497],[35.067021,31.682849],[35.067378,31.683062],[35.067887,31.683367],[35.068394,31.68365],[35.068979,31.684008],[35.069295,31.684151],[35.069924,31.684399],[35.070998,31.684879],[35.071477,31.685103],[35.071948,31.685337],[35.072245,31.685518],[35.072611,31.685692],[35.072752,31.685745],[35.073022,31.685846],[35.073571,31.686035],[35.07443,31.686345],[35.075273,31.68663],[35.076397,31.687131],[35.077297,31.687499],[35.077932,31.687742],[35.078545,31.687994],[35.079612,31.688407],[35.08042,31.68872],[35.08109,31.688984],[35.081508,31.689111],[35.081827,31.689235],[35.082544,31.689521],[35.082895,31.689688],[35.083207,31.689803],[35.083469,31.689882],[35.084145,31.690146],[35.084698,31.690358],[35.085141,31.690529],[35.085279,31.690611],[35.085314,31.690711],[35.085279,31.690817],[35.085187,31.690964],[35.084928,31.691398],[35.08479,31.691806],[35.08472,31.692191],[35.084649,31.692754],[35.084648,31.693178],[35.084657,31.693478],[35.084749,31.693983],[35.084942,31.694535],[35.085116,31.694953],[35.085264,31.695269],[35.085725,31.695955],[35.086038,31.696295],[35.086342,31.696539],[35.086801,31.696814],[35.087465,31.697264],[35.088129,31.697675],[35.088729,31.697975],[35.089596,31.69841],[35.090094,31.698726],[35.090639,31.699057],[35.091275,31.699413],[35.091964,31.699833],[35.092395,31.700163],[35.092857,31.700572],[35.093185,31.700833],[35.093739,31.701518],[35.094555,31.702506],[35.095447,31.703547],[35.095817,31.703995],[35.096217,31.704377],[35.096386,31.704522],[35.097156,31.70555],[35.098211,31.706919],[35.098811,31.707723],[35.099127,31.708132],[35.099381,31.708461],[35.09992,31.709054],[35.100582,31.709634],[35.101876,31.710925],[35.102907,31.711729],[35.103127,31.711761],[35.103345,31.711958],[35.103645,31.712239],[35.10394,31.712524],[35.104207,31.71279],[35.104411,31.712994],[35.104619,31.713195],[35.104831,31.713392],[35.105047,31.713587],[35.105267,31.713778],[35.105355,31.713852],[35.105509,31.713984],[35.105659,31.714118],[35.105808,31.714254],[35.105953,31.714392],[35.106075,31.714512],[35.106398,31.714783],[35.106771,31.715001],[35.107183,31.71516],[35.10762,31.715257],[35.108071,31.715286],[35.108188,31.715283],[35.108702,31.71522],[35.108778,31.715204],[35.109304,31.715082],[35.109827,31.714953],[35.110348,31.714815],[35.110425,31.714794],[35.111141,31.714603],[35.111861,31.714423],[35.112305,31.714318],[35.112617,31.714248],[35.11293,31.714183],[35.113245,31.714122],[35.113561,31.714066],[35.113878,31.714015],[35.113978,31.714],[35.1155,31.713776],[35.116392,31.713713],[35.117282,31.713784],[35.118145,31.713986],[35.118157,31.71399],[35.118558,31.714153],[35.118848,31.714323],[35.119132,31.714519],[35.119412,31.714718],[35.119687,31.714922],[35.119842,31.71504],[35.12017,31.715287],[35.120339,31.715412],[35.120518,31.715568],[35.120664,31.715748],[35.12077,31.715947],[35.120834,31.716159],[35.120851,31.716274],[35.121014,31.717883],[35.121053,31.718259],[35.121165,31.719644],[35.121332,31.72055],[35.121566,31.721181],[35.121844,31.721663],[35.121921,31.721767],[35.122066,31.721958],[35.122208,31.722152],[35.122345,31.722348],[35.122479,31.722545],[35.122608,31.722745],[35.122733,31.722947],[35.122854,31.72315],[35.122971,31.723355],[35.123032,31.723465],[35.12327,31.723893],[35.123517,31.724316],[35.123772,31.724736],[35.123978,31.725063],[35.124538,31.725954],[35.124693,31.726208],[35.125279,31.727152],[35.125686,31.727785],[35.125908,31.728119],[35.126138,31.72845],[35.126374,31.728778],[35.126617,31.729102],[35.126866,31.729423],[35.126963,31.729544],[35.127036,31.729634],[35.127112,31.729723],[35.127189,31.72981],[35.127268,31.729897],[35.127349,31.729982],[35.127432,31.730066],[35.127516,31.730149],[35.127602,31.730231],[35.12769,31.730311],[35.12777,31.730382],[35.128184,31.730685],[35.128527,31.730868],[35.128649,31.730925],[35.12877,31.730984],[35.12889,31.731044],[35.129008,31.731106],[35.129125,31.731171],[35.129241,31.731236],[35.129355,31.731304],[35.129468,31.731373],[35.129579,31.731444],[35.129687,31.731515],[35.130687,31.732317],[35.130799,31.732425],[35.131335,31.732873],[35.13173,31.73312],[35.132726,31.73368],[35.132842,31.733747],[35.13371,31.734157],[35.13386,31.734212],[35.13395,31.734243],[35.13404,31.734272],[35.134131,31.7343],[35.134222,31.734327],[35.134304,31.73435],[35.134407,31.734376],[35.1345,31.734399],[35.13457,31.734415],[35.134854,31.734456],[35.135142,31.734454],[35.135426,31.734409],[35.135696,31.734323],[35.135945,31.734199],[35.136164,31.734039],[35.136285,31.733921],[35.136393,31.733789],[35.136413,31.733755],[35.136407,31.733669],[35.13636,31.732698],[35.136386,31.731711],[35.136328,31.730932],[35.136157,31.730904],[35.136231,31.730375],[35.1363,31.730009],[35.136289,31.730003],[35.136574,31.729583],[35.137038,31.729168],[35.137493,31.728943],[35.138347,31.728729],[35.138972,31.728752],[35.139684,31.728844],[35.141067,31.729171],[35.142553,31.73012],[35.143195,31.73071],[35.143616,31.731196],[35.144293,31.732069],[35.144751,31.732587],[35.14522,31.733022],[35.145699,31.73353],[35.146093,31.733897],[35.146186,31.733983],[35.146478,31.734254],[35.147516,31.735095],[35.148408,31.735883],[35.148696,31.736079],[35.149334,31.736314],[35.150008,31.736424],[35.150868,31.736668],[35.150905,31.736632],[35.154033,31.733606],[35.165008,31.732347],[35.179763,31.720545],[35.186803,31.721233],[35.188826,31.721431],[35.19177,31.721809],[35.195568,31.722298],[35.196496,31.722418],[35.205758,31.723609],[35.219033,31.715578],[35.220027,31.716199],[35.220686,31.71661],[35.22452,31.719004],[35.228528,31.71756],[35.228511,31.717432],[35.228819,31.717097],[35.228872,31.716995],[35.228949,31.716854],[35.229064,31.716665],[35.229131,31.716549],[35.229154,31.716477],[35.229174,31.716422],[35.229244,31.716323],[35.229348,31.716223],[35.229361,31.716159],[35.22937,31.716113],[35.229451,31.715999],[35.229487,31.715892],[35.229472,31.715726],[35.229483,31.715591],[35.229483,31.715449],[35.229501,31.715371],[35.229527,31.715315],[35.229568,31.715165],[35.229605,31.715092],[35.229725,31.714951],[35.229754,31.714879],[35.229785,31.714717],[35.229794,31.71466],[35.229838,31.714638],[35.229925,31.714596],[35.230054,31.714517],[35.230135,31.714436],[35.230289,31.714245],[35.230425,31.714052],[35.230478,31.713961],[35.230469,31.713841],[35.230479,31.713746],[35.230493,31.713704],[35.230554,31.713662],[35.230635,31.713617],[35.230723,31.71352],[35.230837,31.713408],[35.230972,31.71335],[35.231076,31.713299],[35.231132,31.713229],[35.231179,31.713094],[35.231247,31.712947],[35.239076,31.709621],[35.242726,31.712206],[35.24277,31.712236],[35.243796,31.719956],[35.249789,31.725502],[35.251463,31.732543],[35.251474,31.732634],[35.251415,31.732776],[35.25141,31.732872],[35.251476,31.733105],[35.25155,31.733241],[35.25165,31.733329],[35.251718,31.733438],[35.251719,31.73355],[35.251677,31.733651],[35.251575,31.733806],[35.251498,31.733939],[35.251474,31.734082],[35.251544,31.734171],[35.251604,31.734244],[35.251625,31.734355],[35.251584,31.734454],[35.251506,31.734517],[35.251534,31.734566],[35.251562,31.734648],[35.251587,31.734809],[35.251612,31.734889],[35.251559,31.73499],[35.251579,31.735079],[35.251634,31.735269],[35.251715,31.735463],[35.251695,31.735617],[35.251749,31.735714],[35.251858,31.736052],[35.25199,31.736317],[35.252021,31.736472],[35.252063,31.736566],[35.252153,31.736776],[35.252255,31.736981],[35.25222,31.737275],[35.25228,31.737519],[35.25214,31.737701],[35.252093,31.737809],[35.252021,31.737942],[35.251961,31.738313],[35.25187,31.738476],[35.251591,31.738785],[35.25154,31.738838],[35.25819,31.742442],[35.260571,31.746648],[35.26194,31.747581],[35.263365,31.748573],[35.263325,31.748858],[35.263302,31.748918],[35.263298,31.748927],[35.263232,31.749094],[35.26319,31.74916],[35.263032,31.749403],[35.262854,31.74975],[35.262677,31.75007],[35.262546,31.750203],[35.262243,31.750489],[35.261937,31.750781],[35.261569,31.751112],[35.261256,31.751407],[35.261058,31.751576],[35.2609,31.751694],[35.26062,31.751908],[35.260448,31.75201],[35.260322,31.752083],[35.259935,31.752234],[35.259744,31.752302],[35.259507,31.752404],[35.25946,31.752472],[35.259428,31.752587],[35.259305,31.753171],[35.25925,31.753377],[35.259218,31.753523],[35.259215,31.753606],[35.259263,31.753904],[35.259454,31.754512],[35.259541,31.754794],[35.259642,31.75504],[35.259716,31.755247],[35.259706,31.755419],[35.259598,31.755693],[35.259468,31.755979],[35.259444,31.75619],[35.259479,31.756311],[35.259496,31.756501],[35.259546,31.756606],[35.259593,31.756695],[35.259633,31.756755],[35.259678,31.756804],[35.259725,31.756838],[35.259782,31.756871],[35.252919,31.762929],[35.252545,31.76723],[35.252496,31.767363],[35.252445,31.767473],[35.252415,31.7676],[35.252401,31.767715],[35.252367,31.767929],[35.252304,31.768191],[35.252242,31.768329],[35.252127,31.768655],[35.252051,31.768963],[35.251954,31.769284],[35.251836,31.769721],[35.251748,31.770067],[35.251745,31.770183],[35.251755,31.770463],[35.251768,31.770505],[35.252272,31.770468],[35.252445,31.770453],[35.252766,31.770519],[35.252939,31.770631],[35.253556,31.770678],[35.256988,31.780459],[35.257592,31.785361],[35.257655,31.785375],[35.257931,31.785446],[35.259174,31.785446],[35.262996,31.789966],[35.262917,31.78997],[35.262853,31.790015],[35.262811,31.790026],[35.262779,31.790019],[35.262724,31.790008],[35.262694,31.789972],[35.262625,31.789995],[35.262512,31.790009],[35.262409,31.790005],[35.262269,31.79001],[35.262005,31.790037],[35.261943,31.790087],[35.261894,31.790157],[35.261812,31.79025],[35.261738,31.790358],[35.261671,31.790435],[35.261601,31.790497],[35.261521,31.790586],[35.261451,31.790648],[35.261406,31.790701],[35.261418,31.790755],[35.261362,31.790839],[35.26133,31.790906],[35.261247,31.791052],[35.261169,31.791087],[35.261073,31.791148],[35.260909,31.791281],[35.26078,31.791349],[35.260617,31.791456],[35.260529,31.791526],[35.260511,31.791563],[35.260429,31.791662],[35.260295,31.791791],[35.260237,31.791895],[35.259982,31.792101],[35.259913,31.792299],[35.259814,31.79265],[35.259804,31.792949],[35.25944,31.800921],[35.259302,31.801077],[35.259203,31.801058],[35.259084,31.801022],[35.258881,31.801075],[35.258798,31.801118],[35.258703,31.801211],[35.2586,31.80127],[35.258479,31.801314],[35.258367,31.801428],[35.258211,31.801549],[35.258054,31.801687],[35.257886,31.801815],[35.257739,31.802308],[35.257667,31.802474],[35.257602,31.802576],[35.257406,31.802734],[35.257375,31.802755],[35.257344,31.802773],[35.257323,31.802785],[35.257269,31.802807],[35.257225,31.802825],[35.257199,31.802833],[35.257182,31.802843],[35.257164,31.802853],[35.25715,31.802866],[35.257137,31.802885],[35.257129,31.802901],[35.257125,31.802916],[35.257121,31.802934],[35.257114,31.802955],[35.257078,31.803067],[35.25693,31.803308],[35.256903,31.803351],[35.256876,31.803386],[35.256844,31.803414],[35.256706,31.803533],[35.256709,31.803549],[35.256714,31.803573],[35.256721,31.803593],[35.256713,31.80361],[35.256695,31.803619],[35.256678,31.803632],[35.256657,31.803647],[35.256641,31.803659],[35.256631,31.803663],[35.256615,31.80367],[35.256574,31.803665],[35.256555,31.803671],[35.256539,31.803683],[35.256528,31.803698],[35.256525,31.803716],[35.256512,31.803755],[35.256484,31.803772],[35.257239,31.810776],[35.255376,31.812845],[35.255445,31.81286],[35.255511,31.812882],[35.255649,31.812926],[35.25572,31.812938],[35.255807,31.812946],[35.255882,31.812958],[35.256032,31.813097],[35.25618,31.81324],[35.256268,31.813336],[35.256299,31.813395],[35.256336,31.813451],[35.25677,31.81381],[35.25684,31.813955],[35.256943,31.814146],[35.257045,31.814343],[35.257126,31.814779],[35.25732,31.815213],[35.257515,31.815698],[35.257658,31.816011],[35.257706,31.816081],[35.258032,31.816528],[35.258102,31.816665],[35.258337,31.816896],[35.258384,31.817022],[35.258412,31.81733],[35.258339,31.817369],[35.258608,31.817636],[35.258827,31.817872],[35.259062,31.818137],[35.259191,31.818204],[35.259543,31.818537],[35.259553,31.818692],[35.259786,31.818871],[35.259933,31.818967],[35.260023,31.819045],[35.260178,31.81917],[35.260491,31.819375],[35.260742,31.819493],[35.260984,31.819994],[35.260981,31.820172],[35.260984,31.820324],[35.261339,31.820653],[35.261409,31.820872],[35.261469,31.82096],[35.261541,31.821249],[35.261521,31.821367],[35.26142,31.821558],[35.261361,31.821671],[35.261347,31.821706],[35.261273,31.821895],[35.261311,31.822172],[35.26129,31.822311],[35.261284,31.822389],[35.261272,31.822575],[35.261263,31.822614],[35.26124,31.822665],[35.261291,31.822737],[35.261295,31.822783],[35.26138,31.822996],[35.2615,31.82312],[35.261545,31.823154],[35.261609,31.823195],[35.261662,31.823293],[35.261714,31.823364],[35.261786,31.823476],[35.261854,31.823572],[35.26197,31.823696],[35.262063,31.823782],[35.262201,31.823867],[35.262272,31.823912],[35.26235,31.823967],[35.262685,31.824248],[35.262961,31.824502],[35.263083,31.824635],[35.263208,31.824773],[35.263309,31.824893],[35.263398,31.824977],[35.263519,31.825068],[35.263604,31.825096],[35.26374,31.82519],[35.263889,31.825299],[35.264039,31.825461],[35.264276,31.825547],[35.264435,31.825522],[35.264591,31.825523],[35.264701,31.825567],[35.265046,31.825546],[35.264675,31.825724],[35.26444,31.82598],[35.264119,31.826373],[35.26385,31.826715],[35.263669,31.826813],[35.262781,31.827264],[35.261088,31.828023],[35.259775,31.828632],[35.258865,31.829011],[35.258375,31.82914],[35.257906,31.829225],[35.256688,31.829362],[35.256037,31.829347],[35.255606,31.829547],[35.25522,31.829742],[35.254517,31.830048],[35.253823,31.830464],[35.251096,31.830389],[35.251798,31.831908],[35.252061,31.832435],[35.25222,31.832551],[35.252395,31.832719],[35.252539,31.832898],[35.252678,31.833135],[35.252753,31.833298],[35.252805,31.83343],[35.252897,31.833843],[35.252964,31.83409],[35.253015,31.834283],[35.253098,31.834473],[35.253222,31.834691],[35.253402,31.83488],[35.253579,31.83501],[35.253944,31.835267],[35.254393,31.835561],[35.254973,31.835951],[35.255376,31.836223],[35.255684,31.836453],[35.255943,31.836712],[35.256058,31.836891],[35.256294,31.837262],[35.256634,31.837811],[35.256766,31.837999],[35.256888,31.83815],[35.257063,31.838294],[35.256922,31.83946],[35.256622,31.83967],[35.256475,31.839797],[35.256327,31.839923],[35.256151,31.840074],[35.255973,31.840221],[35.255727,31.840449],[35.255453,31.840642],[35.255336,31.840725],[35.255173,31.840839],[35.255036,31.840937],[35.254997,31.840969],[35.254762,31.841124],[35.254433,31.841271],[35.254067,31.841581],[35.253541,31.841996],[35.253495,31.842111],[35.253404,31.842178],[35.253054,31.842347],[35.252848,31.842337],[35.252666,31.842364],[35.25246,31.842477],[35.252273,31.842599],[35.252035,31.842724],[35.251962,31.84275],[35.251865,31.842862],[35.251808,31.842902],[35.251696,31.843033],[35.251655,31.84309],[35.25157,31.843186],[35.251518,31.843302],[35.251381,31.84357],[35.251323,31.843682],[35.251174,31.843799],[35.251041,31.843904],[35.250932,31.843932],[35.250707,31.843977],[35.250474,31.844028],[35.250422,31.843997],[35.250245,31.844163],[35.250216,31.84414],[35.249949,31.844318],[35.249753,31.844412],[35.249634,31.844517],[35.248635,31.845076],[35.248542,31.845085],[35.248102,31.8451],[35.248045,31.845104],[35.247389,31.845116],[35.247272,31.845117],[35.246707,31.845136],[35.246344,31.84514],[35.245327,31.845171],[35.244914,31.845254],[35.244756,31.84526],[35.243889,31.845247],[35.243264,31.84528],[35.243007,31.845292],[35.242241,31.845294],[35.241874,31.845259],[35.23337,31.841954],[35.23236,31.842328],[35.230074,31.842648],[35.229927,31.843297],[35.229641,31.844211],[35.229297,31.844976],[35.228983,31.84581],[35.228878,31.846222],[35.228845,31.846531],[35.228425,31.847937],[35.227202,31.849542],[35.225975,31.851136],[35.225353,31.852036],[35.22506,31.852526],[35.224955,31.852846],[35.224947,31.852888],[35.22486,31.853349],[35.224834,31.853484],[35.224812,31.853759],[35.224812,31.853833],[35.224808,31.854162],[35.224811,31.854198],[35.224815,31.854234],[35.224819,31.85427],[35.224824,31.854305],[35.22564,31.859271],[35.225647,31.85932],[35.225653,31.859355],[35.22566,31.859391],[35.225668,31.859426],[35.225677,31.859462],[35.225686,31.859497],[35.225696,31.859532],[35.225707,31.859567],[35.225719,31.859601],[35.225732,31.859636],[35.225745,31.85967],[35.225759,31.859704],[35.225774,31.859738],[35.225789,31.859771],[35.225805,31.859805],[35.225822,31.859838],[35.22584,31.85987],[35.225859,31.859903],[35.225878,31.859935],[35.225898,31.859967],[35.225919,31.859998],[35.22594,31.860029],[35.225962,31.86006],[35.225984,31.860091],[35.226008,31.860121],[35.226275,31.86042],[35.227113,31.861426],[35.227253,31.861623],[35.227592,31.862099],[35.227611,31.862126],[35.227639,31.862165],[35.227658,31.862198],[35.227677,31.862232],[35.227694,31.862266],[35.227714,31.862301],[35.227731,31.862332],[35.227748,31.862359],[35.227765,31.862394],[35.227783,31.862427],[35.2278,31.86246],[35.227817,31.862493],[35.227832,31.862527],[35.227847,31.86256],[35.227862,31.862594],[35.227875,31.862629],[35.227888,31.862663],[35.2279,31.862697],[35.227912,31.862732],[35.227923,31.862767],[35.227932,31.862802],[35.227942,31.862837],[35.22795,31.862873],[35.227958,31.862908],[35.227965,31.862944],[35.227972,31.862979],[35.227977,31.863015],[35.227982,31.863051],[35.227986,31.863087],[35.22799,31.863123],[35.227992,31.863159],[35.227994,31.863195],[35.227995,31.863231],[35.227996,31.863267],[35.227995,31.863303],[35.227994,31.863339],[35.227992,31.863375],[35.22799,31.863411],[35.227986,31.863447],[35.227982,31.863483],[35.227977,31.863519],[35.227972,31.863554],[35.227966,31.86359],[35.227958,31.863626],[35.227951,31.863661],[35.227942,31.863697],[35.227933,31.863732],[35.227923,31.863767],[35.227912,31.863802],[35.227901,31.863836],[35.227889,31.863871],[35.227876,31.863905],[35.227862,31.863939],[35.227848,31.863974],[35.227833,31.864007],[35.227817,31.864041],[35.227801,31.864074],[35.227784,31.864107],[35.227766,31.86414],[35.227748,31.864172],[35.227728,31.864204],[35.227709,31.864236],[35.227688,31.864268],[35.227667,31.864299],[35.227646,31.86433],[35.227623,31.864361],[35.2276,31.864391],[35.227577,31.864421],[35.227552,31.86445],[35.227528,31.86448],[35.227502,31.864508],[35.227476,31.864537],[35.22745,31.864565],[35.227422,31.864593],[35.227395,31.86462],[35.227087,31.864996],[35.226645,31.865589],[35.226287,31.866159],[35.22561,31.86745],[35.223012,31.878827],[35.220211,31.882666],[35.21373,31.882425],[35.213685,31.882397],[35.213635,31.882359],[35.213585,31.882323],[35.21348,31.882236],[35.213278,31.882053],[35.213064,31.881853],[35.212921,31.881717],[35.212792,31.881602],[35.212716,31.881524],[35.212576,31.8816],[35.212497,31.881656],[35.21246,31.88169],[35.212425,31.881713],[35.212411,31.881719],[35.212266,31.881781],[35.212045,31.881857],[35.211835,31.881924],[35.211674,31.882003],[35.211467,31.882095],[35.211329,31.882144],[35.211163,31.882185],[35.211036,31.882226],[35.210862,31.882257],[35.210532,31.88228],[35.210119,31.882309],[35.210053,31.882302],[35.209974,31.882256],[35.209888,31.882115],[35.209743,31.881817],[35.209703,31.881569],[35.209682,31.881492],[35.209626,31.881446],[35.209552,31.88143],[35.209485,31.88144],[35.209374,31.881514],[35.209207,31.881587],[35.208925,31.881665],[35.208661,31.881736],[35.208371,31.881793],[35.20813,31.881911],[35.208028,31.881957],[35.207909,31.881942],[35.207782,31.881868],[35.207499,31.881737],[35.207285,31.88174],[35.207044,31.881662],[35.206919,31.881583],[35.206841,31.881535],[35.206722,31.881403],[35.206651,31.881282],[35.206666,31.881078],[35.206746,31.88072],[35.206768,31.880537],[35.206801,31.880381],[35.20692,31.88017],[35.206947,31.880014],[35.206966,31.879737],[35.206997,31.87943],[35.207072,31.879138],[35.204601,31.873539],[35.204172,31.872577],[35.204209,31.872166],[35.20423,31.871941],[35.204261,31.871545],[35.20427,31.871341],[35.204271,31.87115],[35.204251,31.871001],[35.204211,31.870779],[35.204156,31.870696],[35.204173,31.870591],[35.204217,31.870363],[35.204254,31.870266],[35.204299,31.870177],[35.204468,31.870029],[35.204705,31.869822],[35.204761,31.869765],[35.204865,31.869607],[35.204973,31.869433],[35.205045,31.869323],[35.205043,31.869272],[35.205033,31.869171],[35.204998,31.869027],[35.204975,31.868922],[35.20497,31.868885],[35.204978,31.868818],[35.205012,31.868736],[35.205092,31.868609],[35.205143,31.868472],[35.20526,31.868263],[35.205372,31.868024],[35.205404,31.867925],[35.205415,31.86779],[35.205441,31.867734],[35.20553,31.867601],[35.205607,31.867426],[35.205686,31.86714],[35.205695,31.867039],[35.205724,31.866856],[35.205775,31.866753],[35.205843,31.866572],[35.205878,31.86651],[35.205925,31.866428],[35.205931,31.866231],[35.205936,31.866205],[35.205992,31.86614],[35.206122,31.866038],[35.20623,31.865903],[35.206368,31.865765],[35.206416,31.865696],[35.206457,31.865588],[35.206477,31.865441],[35.206477,31.865354],[35.211461,31.86299],[35.211797,31.858427],[35.214532,31.850756],[35.213807,31.847115],[35.215005,31.843135],[35.214985,31.843131],[35.216214,31.839021],[35.2153,31.826939],[35.215329,31.826642],[35.215154,31.826087],[35.215156,31.825675],[35.215217,31.825352],[35.215377,31.824949],[35.215493,31.824499],[35.215535,31.824023],[35.215481,31.823449],[35.215233,31.822728],[35.215217,31.822491],[35.215282,31.822128],[35.215492,31.821736],[35.215779,31.821444],[35.215909,31.821212],[35.215946,31.820962],[35.215868,31.820701],[35.215775,31.820525],[35.215425,31.820084],[35.215332,31.819853],[35.215284,31.819569],[35.215125,31.819039],[35.214979,31.818878],[35.214312,31.818553],[35.213956,31.818471],[35.213171,31.818368],[35.213037,31.818281],[35.212864,31.818078],[35.212821,31.818028],[35.212356,31.817938],[35.212209,31.817909],[35.211417,31.817611],[35.210195,31.817245],[35.209831,31.817136],[35.209744,31.817316],[35.209484,31.817855],[35.209449,31.818027],[35.209629,31.818348],[35.209916,31.818667],[35.210089,31.819004],[35.21016,31.819425],[35.2101,31.819764],[35.20987,31.820212],[35.209584,31.820475],[35.209124,31.820621],[35.208858,31.82067],[35.208529,31.820519],[35.208378,31.820378],[35.208184,31.820297],[35.207895,31.82036],[35.20763,31.820586],[35.207408,31.82102],[35.207359,31.821315],[35.207227,31.821683],[35.207244,31.821945],[35.207529,31.822283],[35.207635,31.822516],[35.207462,31.822956],[35.207109,31.823193],[35.206714,31.823375],[35.206234,31.823377],[35.20519,31.823254],[35.203858,31.823396],[35.203172,31.823518],[35.202892,31.823595],[35.202683,31.823809],[35.202011,31.824245],[35.201193,31.824602],[35.200542,31.824801],[35.199937,31.825089],[35.199777,31.825324],[35.199585,31.825386],[35.199125,31.825533],[35.198381,31.825684],[35.194737,31.826581],[35.189245,31.826466],[35.189047,31.826481],[35.187855,31.82641],[35.187104,31.826231],[35.185956,31.82613],[35.185327,31.826037],[35.184654,31.825896],[35.184142,31.825939],[35.183105,31.824884],[35.182439,31.824073],[35.182465,31.823826],[35.18245,31.823496],[35.182223,31.82272],[35.182278,31.82245],[35.182289,31.82219],[35.182259,31.821508],[35.182034,31.82132],[35.181862,31.821058],[35.181808,31.820811],[35.182043,31.820238],[35.182355,31.820006],[35.183194,31.819204],[35.18358,31.81867],[35.183871,31.818177],[35.18408,31.817611],[35.184171,31.817319],[35.184272,31.816772],[35.184406,31.81673],[35.18443,31.816631],[35.184393,31.816545],[35.184405,31.816351],[35.184473,31.816243],[35.184677,31.816092],[35.184697,31.815952],[35.184665,31.815856],[35.184551,31.815713],[35.184513,31.815571],[35.184584,31.815497],[35.184654,31.815261],[35.184355,31.814646],[35.184284,31.814306],[35.184299,31.814022],[35.184419,31.813849],[35.184677,31.813823],[35.185392,31.813583],[35.186492,31.8126],[35.187134,31.811965],[35.18712,31.811684],[35.186993,31.81141],[35.186999,31.811063],[35.187016,31.81098],[35.187403,31.810362],[35.187601,31.809902],[35.187642,31.80972],[35.18763,31.809505],[35.187628,31.809371],[35.187573,31.809365],[35.1869,31.809293],[35.185223,31.809115],[35.184973,31.809084],[35.184129,31.809008],[35.183764,31.808943],[35.182929,31.808646],[35.182166,31.808455],[35.182011,31.80842],[35.181145,31.808269],[35.179558,31.808021],[35.178075,31.807879],[35.177472,31.807879],[35.17613,31.807903],[35.175085,31.808016],[35.174821,31.807968],[35.173835,31.808105],[35.17362,31.808108],[35.173558,31.808109],[35.172241,31.808128],[35.172103,31.80813],[35.170767,31.808318],[35.170747,31.808321],[35.170204,31.808398],[35.169949,31.808395],[35.16993,31.808464],[35.169773,31.808488],[35.168696,31.808624],[35.167711,31.808736],[35.166995,31.808846],[35.166084,31.809103],[35.165568,31.809225],[35.164396,31.809359],[35.163805,31.809339],[35.162953,31.809271],[35.162003,31.809125],[35.160619,31.809022],[35.159912,31.809134],[35.159184,31.809399],[35.158358,31.809864],[35.15758,31.810347],[35.157202,31.810543],[35.156805,31.810679],[35.15649,31.810743],[35.155921,31.810791],[35.154947,31.810898],[35.154433,31.810926],[35.153283,31.811019],[35.152861,31.811042],[35.152177,31.81105],[35.151454,31.811106],[35.150338,31.811262],[35.149362,31.811529],[35.148366,31.811939],[35.148308,31.811965],[35.148369,31.811991],[35.148313,31.812025],[35.147999,31.812152],[35.147739,31.812266],[35.14742,31.812391],[35.147043,31.812541],[35.146972,31.812569],[35.146815,31.812598],[35.146549,31.812655],[35.146366,31.812691],[35.145959,31.812706],[35.145614,31.812747],[35.145015,31.812905],[35.14479,31.812947],[35.144753,31.812953],[35.144728,31.812952],[35.144211,31.813005],[35.143991,31.813028],[35.143323,31.813088],[35.143253,31.813096],[35.142413,31.81335],[35.141663,31.813577],[35.140029,31.814072],[35.139546,31.814232],[35.138466,31.814602],[35.138346,31.814643],[35.137292,31.815003],[35.13708,31.815043],[35.136801,31.815088],[35.136734,31.815208],[35.136233,31.815422],[35.135907,31.815591],[35.135341,31.815873],[35.134566,31.816564],[35.13389,31.816835],[35.131642,31.818076],[35.130099,31.819171],[35.130011,31.819233],[35.129687,31.81953],[35.128807,31.820325],[35.128757,31.820371],[35.128475,31.820627],[35.128405,31.82069],[35.127809,31.821224],[35.12745,31.821552],[35.127216,31.82177],[35.12716,31.82182],[35.127008,31.821958],[35.125593,31.823],[35.125529,31.82304],[35.125293,31.823179],[35.124787,31.823478],[35.124362,31.82373],[35.123697,31.824003],[35.123017,31.824283],[35.122938,31.824316],[35.121779,31.824777],[35.121211,31.825001],[35.121128,31.825032],[35.120512,31.825251],[35.120262,31.825324],[35.119837,31.825422],[35.119454,31.825511],[35.119147,31.82556],[35.11883,31.825605],[35.118565,31.825622],[35.118431,31.825621],[35.118376,31.825621],[35.11805,31.825608],[35.117738,31.825595],[35.117224,31.825532],[35.116743,31.82547],[35.11641,31.825417],[35.116225,31.825387],[35.116017,31.825352],[35.115656,31.825286],[35.115346,31.825232],[35.115056,31.825137],[35.114816,31.825042],[35.114502,31.824904],[35.113978,31.824643],[35.113611,31.824458],[35.113563,31.824435],[35.113391,31.824345],[35.113217,31.824257],[35.112815,31.824051],[35.112574,31.823952],[35.112433,31.8239],[35.112156,31.823827],[35.112019,31.823799],[35.111838,31.823764],[35.111556,31.823712],[35.111452,31.823693],[35.11127,31.823668],[35.110827,31.823612],[35.110556,31.823579],[35.110152,31.823559],[35.109924,31.82355],[35.109499,31.823525],[35.109292,31.823518],[35.108869,31.823525],[35.108473,31.823549],[35.108123,31.823595],[35.107903,31.823638],[35.107631,31.82371],[35.107181,31.823855],[35.106907,31.823975],[35.106521,31.824157],[35.106343,31.824257],[35.106012,31.824468],[35.105645,31.824754],[35.105583,31.824812],[35.105412,31.824989],[35.105205,31.825221],[35.104842,31.825698],[35.10462,31.826036],[35.104465,31.826294],[35.10435,31.826481],[35.104184,31.826833],[35.104041,31.827192],[35.103964,31.827449],[35.10394,31.827553],[35.103874,31.827886],[35.103794,31.828382],[35.103709,31.829011],[35.103592,31.829792],[35.103589,31.829808],[35.10336,31.831112],[35.103242,31.831796],[35.103188,31.832075],[35.103048,31.832679],[35.103012,31.832874],[35.102989,31.832954],[35.102608,31.832829],[35.102305,31.832748],[35.10194,31.832664],[35.101634,31.832607],[35.101368,31.832573],[35.101113,31.832548],[35.10059,31.832565],[35.10039,31.832614],[35.099998,31.832721],[35.099655,31.832837],[35.099193,31.83302],[35.098967,31.833123],[35.098649,31.833271],[35.09837,31.833428],[35.097795,31.833751],[35.097244,31.834101],[35.097003,31.834283],[35.096503,31.834716],[35.096135,31.835072],[35.095876,31.835342],[35.095725,31.835521],[35.095526,31.835783],[35.095426,31.83592],[35.094663,31.836895],[35.094616,31.836952],[35.094277,31.837432],[35.09405,31.837749],[35.093771,31.838143],[35.093703,31.838241],[35.093632,31.838339],[35.093573,31.838418],[35.093509,31.838507],[35.092986,31.839247],[35.092914,31.839351],[35.092536,31.839929],[35.09248,31.840013],[35.09237,31.840187],[35.092242,31.840381],[35.092129,31.840561],[35.091464,31.841602],[35.091174,31.842075],[35.091138,31.842139],[35.091113,31.842203],[35.091046,31.842334],[35.090894,31.842618],[35.090813,31.842796],[35.090738,31.842931],[35.090547,31.843323],[35.0905,31.843443],[35.090416,31.843614],[35.090319,31.843784],[35.0902,31.844026],[35.090086,31.844255],[35.089985,31.844469],[35.089579,31.845308],[35.089263,31.845941],[35.0892,31.84605],[35.089092,31.846248],[35.089079,31.846273],[35.08884,31.846853],[35.088467,31.847538],[35.087816,31.848407],[35.087042,31.849263],[35.086884,31.849416],[35.08686,31.849439],[35.085878,31.850394],[35.085858,31.850423],[35.083306,31.852365],[35.082919,31.852525],[35.080537,31.853511],[35.080296,31.853602],[35.077917,31.854499],[35.076507,31.854928],[35.07536,31.855348],[35.073415,31.855847],[35.072797,31.856005],[35.069754,31.856434],[35.068937,31.856544],[35.067847,31.856582],[35.06383,31.856783],[35.063538,31.856775],[35.061698,31.856723],[35.060399,31.856576],[35.060312,31.856556],[35.060253,31.856543],[35.058529,31.85615],[35.058293,31.856065],[35.058138,31.856007],[35.057983,31.855949],[35.057829,31.855889],[35.057676,31.855829],[35.057523,31.855767],[35.057371,31.855704],[35.057219,31.855641],[35.057068,31.855576],[35.056918,31.85551],[35.056768,31.855443],[35.056619,31.855375],[35.05647,31.855306],[35.056322,31.855237],[35.056175,31.855166],[35.056028,31.855094],[35.055883,31.855021],[35.055737,31.854947],[35.055593,31.854872],[35.055449,31.854796],[35.055306,31.854719],[35.055163,31.854642],[35.055022,31.854563],[35.054881,31.854483],[35.054741,31.854403],[35.054601,31.854321],[35.054463,31.854238],[35.054325,31.854155],[35.054188,31.85407],[35.054116,31.854025],[35.054051,31.853985],[35.053916,31.853899],[35.053781,31.853812],[35.053647,31.853723],[35.053583,31.85368],[35.053385,31.853547],[35.047502,31.850504],[35.046935,31.85023],[35.046696,31.849931],[35.046444,31.849653],[35.046022,31.849203],[35.045367,31.848493],[35.044698,31.847777],[35.04389,31.846907],[35.043079,31.846029],[35.043011,31.845973],[35.039923,31.842626],[35.03985,31.842547],[35.039564,31.842309],[35.038589,31.841501],[35.037984,31.840993],[35.037823,31.840851],[35.037574,31.840649],[35.037425,31.840521],[35.037308,31.840429],[35.037189,31.84034],[35.036982,31.840172],[35.036225,31.83954],[35.036129,31.839452],[35.036089,31.839415],[35.036014,31.839325],[35.035702,31.838963],[35.03548,31.838702],[35.035205,31.838375],[35.035168,31.838341],[35.035108,31.838276],[35.034874,31.838028],[35.034668,31.83782],[35.034389,31.837535],[35.034261,31.837403],[35.03382,31.836961],[35.033654,31.836794],[35.03338,31.836513],[35.033183,31.836313],[35.033051,31.836188],[35.032612,31.835772],[35.03243,31.835602],[35.03198,31.835185],[35.031782,31.834998],[35.031305,31.834544],[35.031163,31.83441],[35.030857,31.834124],[35.030715,31.833992],[35.030585,31.83388],[35.030043,31.833564],[35.02965,31.833332],[35.028744,31.832792],[35.028566,31.832672],[35.028532,31.83265],[35.028345,31.832534],[35.028314,31.832512],[35.027972,31.832299],[35.027663,31.832105],[35.027392,31.831935],[35.027369,31.83192],[35.027324,31.831895],[35.026229,31.831206],[35.026084,31.831115],[35.025806,31.831009],[35.025717,31.830972],[35.025444,31.830874],[35.025165,31.830768],[35.024458,31.830506],[35.024218,31.830414],[35.02397,31.830342],[35.023805,31.830292],[35.023745,31.830275],[35.023635,31.830242],[35.023624,31.830239],[35.02355,31.830216],[35.023499,31.830204],[35.022593,31.829933],[35.022203,31.829817],[35.021966,31.82976],[35.021799,31.829718],[35.021782,31.829718],[35.021282,31.829604],[35.02029,31.829384],[35.019563,31.829227],[35.018442,31.828982],[35.018044,31.828894],[35.017564,31.828782],[35.017262,31.828716],[35.016941,31.828648],[35.016499,31.82855],[35.016173,31.828472],[35.016024,31.828481],[35.015744,31.828498],[35.015379,31.828527],[35.015062,31.828551],[35.014668,31.828578],[35.014501,31.828591],[35.014245,31.828608],[35.014068,31.82862],[35.013921,31.828631],[35.013732,31.828651],[35.013255,31.828709],[35.01246,31.828806],[35.011812,31.828881],[35.011189,31.828952],[35.010634,31.829018],[35.010511,31.829032],[35.010122,31.829076],[35.010016,31.829093],[35.008066,31.829267],[35.006625,31.829393],[35.005767,31.829466],[35.00464,31.829559],[35.003847,31.829627],[35.003134,31.829688],[35.003022,31.829697],[35.002534,31.829738],[35.002055,31.829778],[35.001093,31.829859],[35.000208,31.82993],[34.999147,31.830021],[34.998523,31.830075],[34.998491,31.830078],[34.997995,31.830121],[34.996962,31.830195],[34.996697,31.830158],[34.994532,31.830332],[34.992448,31.830423],[34.990125,31.830374],[34.988231,31.830487],[34.986349,31.830649],[34.983697,31.83094],[34.981857,31.831328],[34.978415,31.832192],[34.977965,31.832388],[34.977775,31.832607],[34.977661,31.832828],[34.977576,31.833492],[34.977613,31.834947],[34.977587,31.835816],[34.977633,31.836388],[34.97774,31.836846],[34.977859,31.837092],[34.978058,31.83733],[34.978322,31.83757],[34.979951,31.838588],[34.979979,31.838606],[34.98174,31.839707],[34.982525,31.840287],[34.982841,31.840521],[34.983303,31.840867],[34.983773,31.841211],[34.983847,31.841264],[34.984005,31.841377],[34.984056,31.841414],[34.984122,31.841468],[34.984582,31.841768],[34.984679,31.841834],[34.98469,31.841849],[34.985612,31.842418],[34.985884,31.842584],[34.986075,31.842697],[34.986171,31.842756],[34.986601,31.843017],[34.986879,31.843185],[34.987318,31.84347],[34.987544,31.843618],[34.988149,31.844013],[34.988678,31.84438],[34.989863,31.8452],[34.990927,31.845927],[34.991167,31.846096],[34.991696,31.84646],[34.991857,31.846569],[34.991988,31.84666],[34.992093,31.846735],[34.99217,31.846789],[34.992184,31.8468],[34.992194,31.846807],[34.992435,31.847248],[34.992513,31.847405],[34.992654,31.847693],[34.992911,31.848267],[34.992973,31.848411],[34.992977,31.848421],[34.992993,31.848457],[34.993063,31.848619],[34.993077,31.848651],[34.993194,31.848921],[34.993318,31.849162],[34.993473,31.849543],[34.993727,31.850177],[34.993829,31.850489],[34.99392,31.850768],[34.993947,31.850875],[34.993967,31.850937],[34.994108,31.851211],[34.994291,31.851508],[34.994589,31.851985],[34.994713,31.852133],[34.994793,31.852223],[34.99487,31.852288],[34.995084,31.852531],[34.995321,31.852702],[34.995607,31.852894],[34.995931,31.853022],[34.996268,31.853161],[34.997278,31.853461],[34.997814,31.853643],[34.998393,31.853834],[34.999339,31.854141],[35.000181,31.854359],[35.001448,31.854753],[35.001825,31.854855],[35.002485,31.855032],[35.003466,31.855214],[35.00599,31.855542],[35.0077,31.855731],[35.010804,31.855948],[35.012119,31.856093],[35.01362,31.856308],[35.015576,31.856641],[35.016793,31.856737],[35.018656,31.856702],[35.020936,31.85654],[35.025096,31.856364],[35.026838,31.85624],[35.028002,31.856217],[35.030333,31.856273],[35.030891,31.8564],[35.031409,31.856627],[35.031886,31.856913],[35.032716,31.857611],[35.033093,31.857987],[35.03369,31.858842],[35.034406,31.860734],[35.034502,31.861108],[35.034532,31.861225],[35.034574,31.861389],[35.034618,31.861561],[35.034663,31.861736],[35.034701,31.861884],[35.034746,31.862057],[35.03478,31.862192],[35.035081,31.863152],[35.035412,31.86452],[35.035394,31.864858],[35.03608,31.866895],[35.036152,31.867111],[35.036193,31.867233],[35.036692,31.868721],[35.03729,31.870495],[35.03729,31.870765],[35.037236,31.871534],[35.037266,31.872339],[35.037289,31.873024],[35.037457,31.876382],[35.037508,31.876544],[35.037942,31.876831],[35.038153,31.876944],[35.038164,31.876986],[35.038226,31.877266],[35.038414,31.878878],[35.03864,31.880831],[35.03867,31.881147],[35.038677,31.881204],[35.038791,31.882343],[35.038792,31.882355],[35.039007,31.884405],[35.039055,31.884899],[35.039073,31.885111],[35.039084,31.885213],[35.039089,31.885267],[35.039113,31.885537],[35.039144,31.885872],[35.038735,31.88662],[35.038007,31.887948],[35.038213,31.889],[35.039188,31.89415],[35.039074,31.894539],[35.038931,31.89503],[35.038777,31.895526],[35.038616,31.896112],[35.038522,31.896515],[35.038404,31.897844],[35.03849,31.898728],[35.038576,31.899715],[35.038818,31.902267],[35.038873,31.902804],[35.038919,31.903285],[35.038877,31.905325],[35.03887,31.905783],[35.038856,31.906499],[35.038857,31.906639],[35.038859,31.906842],[35.038376,31.909184],[35.038193,31.910077],[35.038073,31.91068],[35.037653,31.911626],[35.037456,31.911943],[35.037022,31.913078],[35.036997,31.913147],[35.03679,31.913818],[35.036552,31.914585],[35.036453,31.914849],[35.036314,31.915226],[35.036079,31.915748],[35.036036,31.915846],[35.035988,31.915995],[35.035912,31.916228],[35.035841,31.916448],[35.035801,31.916573],[35.035752,31.916678],[35.035659,31.916881],[35.035566,31.917081],[35.035473,31.917282],[35.035387,31.917486],[35.035299,31.917687],[35.035253,31.917787],[35.035205,31.917889],[35.035162,31.917981],[35.035111,31.918091],[35.035017,31.91829],[35.034921,31.918492],[35.034827,31.918694],[35.034732,31.918894],[35.034638,31.919095],[35.034542,31.919298],[35.034464,31.919466],[35.034442,31.919499],[35.034307,31.919694],[35.034167,31.91989],[35.034028,31.920091],[35.033888,31.920294],[35.033746,31.920499],[35.033656,31.92063],[35.033592,31.9207],[35.033421,31.920891],[35.033105,31.921242],[35.032954,31.921416],[35.032889,31.921487],[35.032801,31.921588],[35.031883,31.922607],[35.031855,31.922634],[35.031059,31.923471],[35.029681,31.924537],[35.029411,31.924694],[35.029377,31.924715],[35.029284,31.92477],[35.028751,31.925083],[35.028509,31.925228],[35.02753,31.925436],[35.027433,31.925454],[35.025501,31.925767],[35.023126,31.925991],[35.02234,31.926032],[35.020465,31.926046],[35.018738,31.926333],[35.016385,31.926714],[35.014896,31.926959],[35.013705,31.927152],[35.012489,31.927692],[35.011753,31.92814],[35.010071,31.928894],[35.009425,31.929214],[35.00821,31.930197],[35.00789,31.930518],[35.006986,31.931422],[35.006202,31.93205],[35.005837,31.932338],[35.004976,31.933],[35.004075,31.933854],[35.003169,31.93484],[35.002918,31.935285],[35.002757,31.935673],[35.002587,31.936151],[35.002431,31.937099],[35.002343,31.937493],[35.002835,31.939175],[35.008789,31.943649],[35.005781,31.946885],[35.005775,31.947252],[35.005254,31.948961],[35.005226,31.94905],[35.00372,31.94963],[35.002694,31.949911],[35.001054,31.95012],[35.000886,31.950167],[35.000859,31.950142],[35.000811,31.950169],[35.000567,31.950348],[35.000425,31.950453],[34.999211,31.951346],[34.994634,31.955574],[34.994914,31.955881],[34.994976,31.956074],[34.994941,31.956298],[34.99491,31.956325],[34.991769,31.959358],[34.990317,31.961001],[34.990297,31.961053],[34.990276,31.961124],[34.988398,31.967524],[34.988345,31.967703],[34.98814,31.967697],[34.988,31.967703],[34.987818,31.967732],[34.987546,31.967823],[34.987362,31.968518],[34.987326,31.968666],[34.986839,31.9706],[34.987832,31.970805],[34.989281,31.970856],[34.992529,31.972155],[34.994068,31.972783],[34.994903,31.975432],[34.995297,31.976991],[34.995534,31.978006],[34.995721,31.978792],[34.996011,31.980167],[34.996227,31.981199],[34.99641,31.981328],[34.996452,31.981454],[34.996713,31.98236],[34.996931,31.983143],[34.997157,31.984148],[34.997412,31.985199],[34.997794,31.987034],[34.998072,31.988368],[34.998571,31.991288],[34.998864,31.991973],[34.998994,31.992647],[34.999154,31.993552],[34.999307,31.994858],[34.999336,31.995507],[34.999355,31.995989],[34.999371,31.996321],[34.999403,31.996991],[34.999392,31.997255],[34.9993,31.998907],[34.999236,32.00086],[34.999204,32.00177],[34.99917,32.002753],[34.999118,32.004721],[34.999287,32.007619],[34.999316,32.008197],[34.999317,32.008257],[34.999438,32.011121],[34.999631,32.013084],[34.999671,32.013855],[34.999658,32.014245],[34.99955,32.017489],[34.999852,32.017896],[35.002343,32.018659],[35.003851,32.019989],[35.004389,32.020735],[35.005177,32.021821],[35.005195,32.021851],[35.0051,32.02221],[35.004951,32.022754],[35.004929,32.022857],[35.004463,32.026769],[35.003737,32.033398],[35.003395,32.037008],[35.002799,32.04046],[35.00259,32.041497],[35.002547,32.04169],[35.001672,32.044891],[35.000544,32.048746],[35.000357,32.049377],[34.999632,32.051862],[34.999616,32.051857],[34.999434,32.051971],[34.99936,32.052246],[34.999276,32.052504],[34.999193,32.052752],[34.999096,32.053044],[34.999456,32.053064],[34.998991,32.053434],[34.998917,32.0537],[34.998844,32.053895],[34.99876,32.054091],[34.998687,32.054303],[34.998665,32.054445],[34.99855,32.054791],[34.998508,32.055049],[34.998486,32.055315],[34.998465,32.055475],[34.998433,32.055865],[34.998378,32.05627],[34.998304,32.056465],[34.99821,32.05666],[34.998095,32.056997],[34.998011,32.057175],[34.997979,32.057343],[34.997874,32.05745],[34.997832,32.057663],[34.997759,32.057769],[34.997717,32.057884],[34.997633,32.058159],[34.997507,32.058514],[34.997413,32.058754],[34.997318,32.058985],[34.997213,32.059251],[34.997043,32.059639],[34.997001,32.05979],[34.996876,32.059985],[34.996802,32.06018],[34.996729,32.060366],[34.996624,32.060499],[34.996624,32.060712],[34.996529,32.060854],[34.996435,32.061085],[34.996361,32.061324],[34.996267,32.061475],[34.996183,32.061652],[34.99611,32.061883],[34.995921,32.062185],[34.995754,32.062557],[34.995649,32.062761],[34.995534,32.062965],[34.99546,32.063125],[34.995366,32.063347],[34.995264,32.063657],[34.995089,32.064144],[34.994921,32.064615],[34.994785,32.065005],[34.994502,32.065617],[34.994376,32.065919],[34.994135,32.066469],[34.993988,32.066841],[34.993778,32.067382],[34.99361,32.067782],[34.99338,32.06826],[34.993226,32.068704],[34.993001,32.06928],[34.992972,32.069344],[34.992956,32.069411],[34.992953,32.069479],[34.992954,32.069518],[34.992944,32.06958],[34.992921,32.06964],[34.992887,32.069696],[34.992862,32.069735],[34.992835,32.069794],[34.992822,32.069856],[34.992821,32.069919],[34.992821,32.070033],[34.992796,32.070157],[34.992782,32.070201],[34.99276,32.070266],[34.992737,32.07033],[34.992713,32.070395],[34.992706,32.07041],[34.992684,32.070446],[34.992655,32.070478],[34.992647,32.070486],[34.992599,32.070543],[34.992562,32.070606],[34.99254,32.070674],[34.992513,32.07077],[34.992432,32.070946],[34.992399,32.071014],[34.992366,32.071121],[34.992325,32.071331],[34.992201,32.071596],[34.992066,32.072112],[34.991851,32.072937],[34.991843,32.072951],[34.991823,32.072978],[34.991798,32.073001],[34.991769,32.073021],[34.991752,32.073032],[34.991736,32.073046],[34.991724,32.073062],[34.991716,32.073079],[34.991711,32.073097],[34.991669,32.073356],[34.991264,32.074509],[34.991217,32.074761],[34.987127,32.087558],[34.986306,32.089783],[34.985997,32.089543],[34.98521,32.089177],[34.984205,32.08891],[34.983227,32.088746],[34.982776,32.088883],[34.982505,32.089565],[34.982492,32.089943],[34.982866,32.091187],[34.983148,32.09157],[34.983343,32.092171],[34.983755,32.092881],[34.984124,32.093109],[34.985149,32.094682],[34.985693,32.095993],[34.985647,32.096555],[34.986149,32.09802],[34.986152,32.098232],[34.986472,32.099011],[34.986342,32.100012],[34.986157,32.100306],[34.988205,32.101629],[34.989181,32.101902],[34.989919,32.101868],[34.990397,32.102122],[34.991062,32.102362],[34.990762,32.103366],[34.990193,32.104016],[34.990099,32.104278],[34.990067,32.104473],[34.990201,32.10491],[34.990331,32.105142],[34.990969,32.105456],[34.991799,32.10548],[34.992301,32.105752],[34.993186,32.106421],[34.993194,32.107062],[34.993263,32.107329],[34.993461,32.108264],[34.993301,32.108429],[34.993255,32.109395],[34.993195,32.110007],[34.993099,32.110375],[34.992958,32.110681],[34.992723,32.110974],[34.992399,32.111329],[34.992046,32.111784],[34.991906,32.112084],[34.991836,32.112332],[34.991718,32.112657],[34.991673,32.112763],[34.99157,32.112862],[34.99096,32.113329],[34.990114,32.11404],[34.989607,32.114513],[34.989239,32.1148],[34.988945,32.11503],[34.9889,32.115161],[34.988826,32.115429],[34.988818,32.115722],[34.988867,32.116834],[34.988846,32.118594],[34.988838,32.118981],[34.988807,32.119355],[34.988645,32.11963],[34.988343,32.120091],[34.987924,32.120534],[34.987593,32.120883],[34.987349,32.121313],[34.986965,32.121854],[34.986346,32.122652],[34.986262,32.122799],[34.985978,32.123295],[34.985702,32.124229],[34.985576,32.124734],[34.985391,32.125576],[34.985323,32.126288],[34.985314,32.127012],[34.985357,32.127248],[34.985391,32.12821],[34.985419,32.128765],[34.985499,32.129327],[34.985586,32.129764],[34.985695,32.130139],[34.98588,32.13042],[34.986455,32.131328],[34.987507,32.132581],[34.988172,32.133617],[34.988343,32.133872],[34.988408,32.134035],[34.988343,32.134217],[34.988257,32.13458],[34.987764,32.135779],[34.987621,32.136062],[34.987571,32.136161],[34.987463,32.136433],[34.987313,32.136851],[34.987356,32.137342],[34.987442,32.137669],[34.987463,32.137834],[34.987485,32.138014],[34.987695,32.13841],[34.987866,32.138447],[34.988062,32.138444],[34.98841,32.138478],[34.988588,32.138525],[34.988932,32.138541],[34.98911,32.138582],[34.989197,32.13867],[34.989262,32.138826],[34.989847,32.140527],[34.990331,32.141704],[34.990426,32.141971],[34.99043,32.142152],[34.990391,32.142252],[34.990268,32.142451],[34.990089,32.142735],[34.989569,32.143614],[34.989148,32.144379],[34.989035,32.144597],[34.988441,32.145531],[34.987877,32.146366],[34.987777,32.146584],[34.987707,32.146765],[34.987489,32.147097],[34.987166,32.147555],[34.986704,32.148329],[34.986639,32.148436],[34.986513,32.148488],[34.98626,32.148498],[34.985943,32.148505],[34.985656,32.148527],[34.985186,32.14853],[34.984729,32.148555],[34.984268,32.148646],[34.98377,32.148731],[34.983294,32.148813],[34.982724,32.148878],[34.982028,32.148907],[34.981863,32.148902],[34.98128,32.148887],[34.980545,32.148863],[34.979942,32.148781],[34.979629,32.148743],[34.979451,32.148728],[34.979385,32.148736],[34.979298,32.148772],[34.979198,32.148831],[34.978553,32.149255],[34.977786,32.149749],[34.977021,32.150258],[34.97632,32.150726],[34.975587,32.151283],[34.974789,32.151947],[34.974514,32.152135],[34.974417,32.152284],[34.974428,32.152402],[34.974471,32.152992],[34.974814,32.153855],[34.975083,32.154382],[34.975287,32.154687],[34.97559,32.155157],[34.975973,32.155661],[34.976238,32.156075],[34.976593,32.156505],[34.977053,32.157178],[34.97723,32.157451],[34.977326,32.157661],[34.977344,32.157776],[34.977341,32.157925],[34.977339,32.158279],[34.977306,32.158605],[34.97729,32.158735],[34.977216,32.158867],[34.97704,32.159072],[34.976802,32.159322],[34.976363,32.159838],[34.975928,32.160348],[34.975727,32.160578],[34.975444,32.160898],[34.975158,32.161189],[34.975048,32.161364],[34.974983,32.161513],[34.974797,32.161761],[34.974641,32.161977],[34.97447,32.162131],[34.974358,32.162208],[34.974237,32.162289],[34.973261,32.162863],[34.971105,32.16418],[34.97083,32.164351],[34.9706,32.164484],[34.970561,32.164569],[34.97056,32.164755],[34.970655,32.165188],[34.970854,32.165891],[34.970904,32.166001],[34.970932,32.166182],[34.970875,32.166343],[34.970713,32.166476],[34.970326,32.166756],[34.969434,32.167411],[34.968659,32.167961],[34.967862,32.16854],[34.96738,32.168958],[34.967267,32.169029],[34.967105,32.169043],[34.966663,32.169004],[34.965685,32.168936],[34.965081,32.168926],[34.964431,32.168896],[34.964291,32.168886],[34.964224,32.168934],[34.964224,32.169076],[34.964398,32.171008],[34.964469,32.171707],[34.964564,32.173139],[34.964558,32.173215],[34.964524,32.173277],[34.964384,32.173305],[34.963522,32.173427],[34.962234,32.173582],[34.961909,32.173629],[34.961836,32.173672],[34.961606,32.173895],[34.960691,32.174654],[34.95997,32.175303],[34.959589,32.175664],[34.959218,32.177242],[34.959093,32.178112],[34.958973,32.179135],[34.958938,32.179368],[34.958796,32.180162],[34.958569,32.18145],[34.958398,32.182411],[34.958215,32.18359],[34.958129,32.184242],[34.957828,32.18593],[34.95772,32.186563],[34.957572,32.187333],[34.957419,32.188075],[34.957361,32.188413],[34.957208,32.189188],[34.957078,32.189717],[34.957038,32.190034],[34.957015,32.190149],[34.957301,32.190543],[34.958077,32.191534],[34.95886,32.192486],[34.959144,32.192848],[34.959356,32.193282],[34.959378,32.193386],[34.959731,32.193411],[34.960078,32.193426],[34.960078,32.193545],[34.96006,32.193754],[34.960064,32.194368],[34.960098,32.194677],[34.960164,32.195067],[34.960241,32.195395],[34.96033,32.195662],[34.960543,32.196126],[34.960666,32.196407],[34.960833,32.196703],[34.960994,32.197117],[34.961061,32.197279],[34.961128,32.197369],[34.961296,32.197436],[34.961408,32.197437],[34.961531,32.197456],[34.961643,32.197504],[34.961721,32.197566],[34.961788,32.197642],[34.961849,32.197742],[34.961916,32.197899],[34.961944,32.198061],[34.961968,32.198165],[34.962096,32.198446],[34.962208,32.198627],[34.962286,32.198722],[34.962437,32.198817],[34.962627,32.198937],[34.96294,32.199137],[34.963471,32.199433],[34.964053,32.199767],[34.964355,32.199958],[34.964588,32.200069],[34.964818,32.20017],[34.965164,32.200356],[34.965382,32.20048],[34.96555,32.200542],[34.965797,32.200576],[34.966049,32.200591],[34.966362,32.200605],[34.966693,32.200597],[34.966956,32.200597],[34.967135,32.200578],[34.967303,32.200545],[34.967567,32.200522],[34.967807,32.200527],[34.968074,32.200561],[34.968281,32.200614],[34.96869,32.200629],[34.969099,32.200687],[34.969603,32.20074],[34.96986,32.200784],[34.970118,32.20086],[34.970381,32.200918],[34.970526,32.200942],[34.97075,32.200909],[34.971003,32.200862],[34.971401,32.200658],[34.971956,32.200459],[34.972526,32.200309],[34.972997,32.200219],[34.97345,32.200201],[34.973613,32.200201],[34.973741,32.200225],[34.973926,32.200297],[34.974256,32.20044],[34.974413,32.200493],[34.974586,32.200512],[34.97476,32.200513],[34.974945,32.200499],[34.97518,32.200523],[34.975359,32.20058],[34.975549,32.200671],[34.975773,32.200838],[34.976002,32.201034],[34.976231,32.201234],[34.976439,32.201495],[34.976841,32.201995],[34.977237,32.202543],[34.97745,32.202767],[34.97764,32.202901],[34.977819,32.203011],[34.978043,32.203068],[34.978261,32.203097],[34.978418,32.203131],[34.978524,32.203174],[34.978651,32.203199],[34.978993,32.20328],[34.979458,32.203372],[34.979743,32.203415],[34.980051,32.203425],[34.980331,32.203411],[34.980566,32.203383],[34.98074,32.203369],[34.980869,32.203374],[34.981015,32.203403],[34.981194,32.203451],[34.981445,32.203561],[34.981926,32.20379],[34.982374,32.204038],[34.982929,32.204389],[34.983108,32.204528],[34.983337,32.204775],[34.983516,32.205018],[34.983717,32.205309],[34.983974,32.205664],[34.984348,32.206302],[34.984577,32.206622],[34.984683,32.206707],[34.984789,32.206746],[34.984935,32.206751],[34.985068,32.206734],[34.985337,32.206687],[34.985695,32.20664],[34.986228,32.206608],[34.986519,32.206594],[34.987641,32.206731],[34.987504,32.206805],[34.988153,32.207101],[34.988584,32.207231],[34.989088,32.207541],[34.989451,32.208017],[34.989844,32.208616],[34.990391,32.209493],[34.990653,32.209983],[34.991121,32.211164],[34.991176,32.211635],[34.991074,32.212044],[34.991297,32.212648],[34.991588,32.212915],[34.99201,32.213292],[34.992416,32.213692],[34.993154,32.214426],[34.993573,32.214921],[34.994202,32.215497],[34.99503,32.216036],[34.995701,32.216508],[34.996849,32.217279],[34.997604,32.217737],[34.9979,32.217975],[34.999119,32.219272],[35.000077,32.220055],[35.001427,32.221167],[35.002311,32.221877],[35.003231,32.222543],[35.003857,32.223053],[35.004724,32.223578],[35.005099,32.223883],[35.005402,32.2243],[35.006105,32.225166],[35.006341,32.225455],[35.006721,32.225957],[35.007209,32.226607],[35.007722,32.227271],[35.008051,32.227673],[35.008871,32.228599],[35.009243,32.229139],[35.00972,32.22969],[35.010034,32.230118],[35.010386,32.23054],[35.010908,32.231094],[35.010794,32.231195],[35.010623,32.231422],[35.010531,32.231583],[35.010491,32.231729],[35.010896,32.232468],[35.011007,32.232602],[35.011213,32.232872],[35.011344,32.233015],[35.011432,32.233092],[35.011519,32.23315],[35.011686,32.233211],[35.01219,32.23336],[35.012445,32.233421],[35.012528,32.233452],[35.012591,32.233496],[35.012631,32.233543],[35.012651,32.233601],[35.012707,32.233725],[35.012816,32.233878],[35.012889,32.233981],[35.013214,32.23438],[35.013521,32.234703],[35.014101,32.235396],[35.014219,32.235545],[35.014303,32.235599],[35.014366,32.235626],[35.014446,32.235616],[35.014505,32.235596],[35.014605,32.235552],[35.014792,32.235461],[35.014975,32.235357],[35.015259,32.235163],[35.015534,32.234951],[35.015864,32.234706],[35.015936,32.234628],[35.016762,32.234012],[35.017085,32.23377],[35.017371,32.233632],[35.017622,32.233555],[35.017753,32.233524],[35.017872,32.233508],[35.018011,32.233494],[35.01815,32.233505],[35.018282,32.233522],[35.018413,32.233579],[35.018548,32.233647],[35.0189,32.233797],[35.019861,32.234265],[35.020135,32.234387],[35.020187,32.234427],[35.020207,32.234485],[35.02021,32.234545],[35.020198,32.234603],[35.020173,32.234656],[35.02005,32.234899],[35.01989,32.2353],[35.019826,32.235483],[35.019806,32.235601],[35.019805,32.23583],[35.019809,32.235985],[35.019813,32.236094],[35.019837,32.236168],[35.019963,32.236583],[35.020038,32.237123],[35.020068,32.237784],[35.020092,32.238149],[35.020126,32.238676],[35.020149,32.239354],[35.020148,32.239695],[35.020143,32.239928],[35.020111,32.240066],[35.020075,32.240171],[35.019999,32.240299],[35.019785,32.240721],[35.019187,32.241895],[35.019164,32.242152],[35.019186,32.24232],[35.01923,32.242458],[35.019604,32.243006],[35.019832,32.243318],[35.020268,32.243809],[35.020558,32.24419],[35.020687,32.244347],[35.020821,32.244589],[35.020931,32.244737],[35.021045,32.244855],[35.021319,32.245177],[35.021766,32.245741],[35.02218,32.246262],[35.022399,32.246575],[35.022543,32.246791],[35.023598,32.248239],[35.023826,32.248544],[35.023921,32.248697],[35.02397,32.248794],[35.023985,32.248862],[35.02398,32.249078],[35.023984,32.249704],[35.023963,32.250359],[35.023909,32.252195],[35.023883,32.252825],[35.023872,32.253388],[35.023845,32.254124],[35.02383,32.254374],[35.023824,32.254691],[35.023868,32.254928],[35.023972,32.255284],[35.024072,32.255525],[35.02427,32.255889],[35.024466,32.256189],[35.024644,32.256515],[35.025225,32.257645],[35.025508,32.258132],[35.02594,32.258953],[35.026263,32.259394],[35.026467,32.25958],[35.026595,32.259635],[35.02671,32.25966],[35.02683,32.259673],[35.026924,32.25969],[35.027039,32.259745],[35.027104,32.259788],[35.027233,32.259856],[35.027367,32.25994],[35.027671,32.260144],[35.027835,32.260246],[35.027985,32.26031],[35.028144,32.260322],[35.028259,32.260323],[35.028383,32.26031],[35.028443,32.260306],[35.028518,32.260319],[35.028573,32.260365],[35.028677,32.26056],[35.028856,32.260941],[35.02905,32.261398],[35.029173,32.261872],[35.029267,32.262227],[35.029287,32.262422],[35.029267,32.262562],[35.029221,32.262731],[35.029181,32.262892],[35.029191,32.26304],[35.029261,32.263288],[35.029321,32.263462],[35.029395,32.26361],[35.029609,32.263856],[35.029928,32.264225],[35.030251,32.264614],[35.030494,32.265037],[35.030598,32.265291],[35.030633,32.265515],[35.030628,32.265664],[35.030597,32.265786],[35.030527,32.265943],[35.030402,32.266137],[35.030102,32.26659],[35.029862,32.266952],[35.029597,32.26732],[35.029252,32.26784],[35.029091,32.268164],[35.028991,32.268354],[35.028711,32.268917],[35.028381,32.269483],[35.02809,32.269998],[35.027774,32.270599],[35.027499,32.271119],[35.027084,32.271715],[35.026894,32.271925],[35.026639,32.272353],[35.026248,32.273105],[35.025948,32.273646],[35.025858,32.273833],[35.025806,32.273881],[35.025711,32.273932],[35.025601,32.273957],[35.025416,32.273991],[35.025147,32.274024],[35.024828,32.274053],[35.024564,32.274099],[35.024274,32.274196],[35.02399,32.274306],[35.023736,32.274445],[35.023521,32.274618],[35.023295,32.274837],[35.02309,32.275053],[35.02297,32.275319],[35.02292,32.275611],[35.022894,32.275924],[35.022874,32.276153],[35.022849,32.276254],[35.022769,32.276368],[35.022683,32.276512],[35.022452,32.276866],[35.022342,32.277078],[35.022287,32.277171],[35.022207,32.277247],[35.022108,32.277306],[35.021933,32.277361],[35.021639,32.277441],[35.021354,32.277572],[35.021154,32.277711],[35.02096,32.27796],[35.020799,32.278256],[35.020646,32.278534],[35.020491,32.278864],[35.020326,32.27908],[35.020121,32.27927],[35.019802,32.279481],[35.019328,32.27965],[35.018759,32.279822],[35.018071,32.279999],[35.017534,32.280143],[35.017185,32.28024],[35.01692,32.280299],[35.016596,32.280345],[35.016337,32.280362],[35.015938,32.280386],[35.015699,32.280373],[35.015445,32.280335],[35.015225,32.280263],[35.015006,32.280114],[35.014852,32.279961],[35.014688,32.279762],[35.014569,32.279639],[35.014506,32.279587],[35.014397,32.279528],[35.014287,32.27949],[35.014108,32.279468],[35.013794,32.279455],[35.013455,32.279442],[35.013121,32.279462],[35.012821,32.2795],[35.012557,32.279555],[35.012312,32.279609],[35.011921,32.279728],[35.011711,32.279821],[35.011487,32.279948],[35.011262,32.280057],[35.011118,32.280095],[35.010953,32.280095],[35.010838,32.280124],[35.010654,32.280179],[35.010434,32.280234],[35.010235,32.280263],[35.00999,32.280267],[35.009821,32.280292],[35.009696,32.280347],[35.009591,32.280427],[35.009451,32.280554],[35.009236,32.280836],[35.00905,32.281094],[35.00899,32.281225],[35.008985,32.28139],[35.009005,32.281458],[35.009085,32.281479],[35.009259,32.281577],[35.009403,32.281725],[35.009492,32.281932],[35.009542,32.282169],[35.009571,32.282356],[35.009672,32.282697],[35.009729,32.283183],[35.009772,32.283694],[35.009829,32.28399],[35.009916,32.284205],[35.009988,32.284366],[35.010163,32.284677],[35.010423,32.285139],[35.010683,32.285755],[35.010906,32.286383],[35.011014,32.286716],[35.011071,32.287071],[35.0111,32.287397],[35.011237,32.28776],[35.011352,32.288056],[35.011431,32.288265],[35.011511,32.288444],[35.011699,32.288805],[35.012025,32.289335],[35.012451,32.290154],[35.012907,32.291366],[35.013037,32.291637],[35.013398,32.292573],[35.013597,32.29323],[35.01363,32.293439],[35.013649,32.29358],[35.013646,32.293651],[35.013609,32.293696],[35.013549,32.293727],[35.013423,32.293752],[35.013266,32.293775],[35.0131,32.293783],[35.0129,32.293788],[35.012687,32.293791],[35.012608,32.293779],[35.012498,32.293779],[35.012468,32.29381],[35.012471,32.293858],[35.012492,32.293979],[35.012633,32.294366],[35.012832,32.294965],[35.012924,32.29536],[35.012989,32.295902],[35.013214,32.296727],[35.013584,32.297767],[35.014114,32.299471],[35.014233,32.299856],[35.014259,32.300138],[35.014259,32.300386],[35.014271,32.300635],[35.014351,32.300917],[35.01447,32.301189],[35.014761,32.302104],[35.014906,32.302737],[35.014945,32.303234],[35.014983,32.303988],[35.015047,32.305265],[35.015372,32.309081],[35.015396,32.310572],[35.015374,32.311526],[35.015366,32.311837],[35.015358,32.313601],[35.015378,32.314073],[35.01541,32.314724],[35.015436,32.315138],[35.015449,32.315668],[35.015463,32.316079],[35.015486,32.316564],[35.015526,32.317455],[35.015601,32.318942],[35.015617,32.319622],[35.015608,32.320737],[35.015581,32.322471],[35.015677,32.32371],[35.015714,32.324406],[35.015753,32.325169],[35.015817,32.326404],[35.015834,32.328175],[35.016008,32.330447],[35.016026,32.330728],[35.016206,32.330783],[35.016069,32.331543],[35.016065,32.331856],[35.016199,32.332027],[35.01607,32.332263],[35.016117,32.333099],[35.016119,32.333467],[35.016159,32.334328],[35.016165,32.335431],[35.016165,32.335636],[35.016161,32.335939],[35.016164,32.336199],[35.016196,32.336734],[35.01621,32.337113],[35.01621,32.33728],[35.016214,32.337905],[35.016186,32.338142],[35.01618,32.338286],[35.016195,32.338385],[35.01621,32.338458],[35.016257,32.338516],[35.016322,32.338574],[35.016432,32.338648],[35.017008,32.339047],[35.017811,32.339531],[35.018731,32.340072],[35.019432,32.340621],[35.019599,32.340747],[35.01973,32.340843],[35.019872,32.340915],[35.020163,32.341014],[35.02033,32.34107],[35.020467,32.341067],[35.02058,32.341047],[35.020779,32.341015],[35.021166,32.340967],[35.021509,32.340947],[35.021741,32.340923],[35.022056,32.340864],[35.022395,32.340771],[35.022616,32.340708],[35.022798,32.340651],[35.023009,32.34057],[35.023316,32.3405],[35.023498,32.340465],[35.023688,32.340445],[35.023804,32.340442],[35.023911,32.34045],[35.024048,32.340443],[35.024135,32.34044],[35.024254,32.340418],[35.024328,32.34039],[35.024373,32.340355],[35.024418,32.340302],[35.024474,32.340239],[35.024571,32.340114],[35.024702,32.340018],[35.024792,32.33997],[35.024887,32.33995],[35.024952,32.339945],[35.02503,32.33995],[35.025164,32.339973],[35.025333,32.339999],[35.025506,32.340024],[35.025664,32.340039],[35.025933,32.340044],[35.026404,32.340047],[35.026707,32.340058],[35.026827,32.340068],[35.026889,32.340083],[35.026937,32.340101],[35.026978,32.340144],[35.027026,32.340205],[35.027064,32.340306],[35.027111,32.340452],[35.027206,32.34074],[35.027322,32.341043],[35.027396,32.341252],[35.027441,32.341384],[35.027461,32.341525],[35.02747,32.341639],[35.027467,32.341742],[35.027461,32.341874],[35.027451,32.342002],[35.027445,32.342196],[35.027466,32.342532],[35.027504,32.34281],[35.027545,32.342978],[35.027572,32.343054],[35.027604,32.343107],[35.027676,32.343165],[35.027771,32.343244],[35.027854,32.34333],[35.027949,32.343454],[35.028014,32.343603],[35.028059,32.343747],[35.028085,32.343901],[35.028136,32.344168],[35.0282,32.344565],[35.028274,32.344987],[35.028312,32.345365],[35.028334,32.345885],[35.028355,32.346328],[35.028367,32.346583],[35.028408,32.346805],[35.028557,32.346945],[35.028738,32.346993],[35.02889,32.346975],[35.028968,32.346958],[35.029096,32.346915],[35.029232,32.346852],[35.029435,32.346745],[35.02975,32.346606],[35.030248,32.34641],[35.030437,32.346357],[35.030595,32.346341],[35.030938,32.346341],[35.03117,32.346346],[35.031509,32.346359],[35.031871,32.346334],[35.032229,32.346298],[35.032505,32.346245],[35.032819,32.346176],[35.0331,32.346102],[35.033361,32.346025],[35.03378,32.345906],[35.033997,32.345861],[35.034196,32.345828],[35.034336,32.345812],[35.034495,32.345808],[35.034703,32.345829],[35.034897,32.345854],[35.035206,32.345895],[35.035646,32.345978],[35.035907,32.346019],[35.036163,32.34604],[35.036356,32.346048],[35.03654,32.346036],[35.036724,32.346028],[35.036968,32.346003],[35.037214,32.345978],[35.03735,32.34597],[35.037577,32.345938],[35.037712,32.345917],[35.037853,32.345864],[35.038003,32.345803],[35.038143,32.345762],[35.038293,32.345717],[35.038399,32.345713],[35.03853,32.345722],[35.038617,32.345767],[35.038713,32.34582],[35.038795,32.345886],[35.038897,32.345956],[35.038986,32.345992],[35.039097,32.346042],[35.039252,32.346071],[35.039488,32.346096],[35.039754,32.346112],[35.039967,32.346121],[35.040146,32.34615],[35.040392,32.346228],[35.04061,32.346339],[35.040894,32.346503],[35.041087,32.346663],[35.041285,32.346873],[35.041425,32.347066],[35.041497,32.347287],[35.041531,32.347431],[35.041535,32.347619],[35.041541,32.347922],[35.041545,32.34818],[35.041574,32.348316],[35.041627,32.348394],[35.04168,32.348447],[35.041752,32.348484],[35.041873,32.348513],[35.042013,32.348529],[35.04211,32.348599],[35.042124,32.348649],[35.042124,32.348702],[35.042119,32.348899],[35.042109,32.349141],[35.042103,32.349525],[35.042117,32.349816],[35.042097,32.350386],[35.042115,32.350965],[35.042109,32.351489],[35.042084,32.351641],[35.04205,32.351792],[35.042006,32.35194],[35.0419,32.352145],[35.041759,32.352374],[35.041594,32.352669],[35.041502,32.352882],[35.041405,32.353153],[35.041337,32.353312],[35.041249,32.353472],[35.04107,32.353803],[35.040987,32.354029],[35.040963,32.354254],[35.040967,32.354468],[35.041001,32.354706],[35.041058,32.354915],[35.041159,32.355128],[35.041271,32.355316],[35.041416,32.355538],[35.041734,32.356018],[35.042048,32.356453],[35.042274,32.356769],[35.042482,32.357007],[35.042713,32.3572],[35.042841,32.35731],[35.042909,32.357359],[35.043034,32.357384],[35.043126,32.357384],[35.043237,32.357372],[35.043324,32.357364],[35.043397,32.357352],[35.043469,32.357344],[35.043537,32.357393],[35.043585,32.357471],[35.043638,32.357565],[35.043735,32.357844],[35.043855,32.358168],[35.043942,32.358406],[35.044004,32.358599],[35.044084,32.358752],[35.044176,32.358876],[35.044267,32.358949],[35.044369,32.358995],[35.044461,32.359023],[35.044567,32.359028],[35.044688,32.358995],[35.044862,32.358938],[35.044993,32.358905],[35.045152,32.358856],[35.045283,32.358811],[35.045389,32.358766],[35.04552,32.35873],[35.045646,32.35873],[35.045747,32.358755],[35.045863,32.358783],[35.045994,32.358825],[35.046076,32.358857],[35.046124,32.358903],[35.046138,32.358968],[35.046163,32.359021],[35.04622,32.359059],[35.046327,32.359096],[35.046423,32.359124],[35.046544,32.359166],[35.046641,32.359207],[35.046723,32.359264],[35.046812,32.359361],[35.046885,32.359431],[35.046952,32.359485],[35.04703,32.359505],[35.047107,32.359518],[35.047189,32.359505],[35.047271,32.359473],[35.047349,32.359411],[35.047431,32.359358],[35.047542,32.359338],[35.047663,32.359338],[35.047828,32.359346],[35.047944,32.359392],[35.048117,32.359498],[35.048272,32.35963],[35.048504,32.359897],[35.048696,32.360114],[35.048914,32.360426],[35.049078,32.360709],[35.04931,32.361168],[35.049426,32.361402],[35.049531,32.361656],[35.049618,32.361837],[35.0497,32.362107],[35.049753,32.362312],[35.049845,32.362574],[35.049912,32.362688],[35.04996,32.362807],[35.050038,32.36291],[35.05011,32.363058],[35.050245,32.363324],[35.050336,32.363521],[35.050467,32.363718],[35.050582,32.363862],[35.050684,32.363981],[35.050737,32.364047],[35.050751,32.364153],[35.050737,32.364227],[35.050707,32.364292],[35.050591,32.364484],[35.050523,32.364673],[35.050503,32.364767],[35.050503,32.364841],[35.050547,32.364952],[35.050706,32.365276],[35.051174,32.366169],[35.051507,32.366723],[35.051584,32.366883],[35.051603,32.366944],[35.051608,32.367002],[35.051584,32.367084],[35.051501,32.367346],[35.051379,32.367727],[35.05134,32.367895],[35.051267,32.368042],[35.051175,32.368206],[35.051088,32.368563],[35.050995,32.368903],[35.050878,32.369352],[35.050824,32.369619],[35.050722,32.369938],[35.050659,32.37009],[35.05062,32.370168],[35.050567,32.37025],[35.050542,32.370336],[35.050508,32.370574],[35.050474,32.370806],[35.050444,32.37095],[35.050357,32.371196],[35.05024,32.371548],[35.050143,32.371901],[35.050089,32.372085],[35.05007,32.37227],[35.050055,32.372397],[35.04913,32.376033],[35.049096,32.376296],[35.049042,32.376501],[35.04896,32.376554],[35.048742,32.376644],[35.048447,32.376775],[35.048108,32.376893],[35.047773,32.376984],[35.047507,32.377054],[35.047202,32.377135],[35.046955,32.377201],[35.046733,32.377262],[35.046563,32.377299],[35.046273,32.377327],[35.045935,32.377364],[35.045582,32.377383],[35.045085,32.377404],[35.044771,32.377436],[35.044519,32.377469],[35.044137,32.377546],[35.043571,32.37766],[35.043134,32.377739],[35.042781,32.377804],[35.042549,32.377804],[35.042341,32.377783],[35.04221,32.377759],[35.042104,32.377717],[35.041998,32.377689],[35.041891,32.377668],[35.041809,32.377668],[35.041751,32.37768],[35.041659,32.377733],[35.041601,32.377828],[35.041475,32.378094],[35.041281,32.378491],[35.041091,32.378885],[35.040867,32.379297],[35.040591,32.379793],[35.04044,32.380075],[35.040275,32.380342],[35.040212,32.380456],[35.040193,32.380538],[35.040202,32.3806],[35.040241,32.380657],[35.040358,32.380775],[35.040609,32.380972],[35.041,32.3813],[35.041078,32.38135],[35.041106,32.381403],[35.041121,32.381464],[35.041106,32.381522],[35.041077,32.381571],[35.041028,32.381657],[35.040927,32.381812],[35.040888,32.381873],[35.040873,32.381971],[35.040907,32.382074],[35.040979,32.382201],[35.041085,32.382378],[35.041317,32.38271],[35.041447,32.382887],[35.04178,32.383227],[35.042264,32.383698],[35.042612,32.384047],[35.042964,32.384462],[35.043258,32.384921],[35.043505,32.385352],[35.043881,32.385979],[35.044233,32.386656],[35.044547,32.387312],[35.044658,32.387612],[35.044749,32.387886],[35.044836,32.388247],[35.044888,32.388514],[35.044914,32.388832],[35.044909,32.389066],[35.044913,32.389263],[35.044942,32.389382],[35.045019,32.389464],[35.045131,32.389517],[35.045387,32.389567],[35.045764,32.38958],[35.046112,32.389613],[35.04634,32.389654],[35.04663,32.389728],[35.046784,32.389782],[35.04691,32.389876],[35.047021,32.390024],[35.047146,32.39027],[35.047311,32.390651],[35.047658,32.391291],[35.048044,32.391987],[35.048242,32.392442],[35.048482,32.392947],[35.048739,32.393478],[35.048835,32.393626],[35.048893,32.393733],[35.048966,32.393835],[35.04898,32.393909],[35.048975,32.394028],[35.04895,32.39425],[35.048925,32.394576],[35.048905,32.394761],[35.048876,32.395002],[35.048866,32.395216],[35.048861,32.395408],[35.048865,32.395548],[35.048894,32.39573],[35.048918,32.395878],[35.049067,32.396272],[35.049275,32.396702],[35.049424,32.396957],[35.049758,32.397349],[35.050072,32.397796],[35.050682,32.398678],[35.051063,32.399179],[35.051382,32.399573],[35.051923,32.400339],[35.052425,32.401004],[35.053106,32.401884],[35.053381,32.402233],[35.053748,32.402652],[35.053844,32.402779],[35.053897,32.402902],[35.053931,32.403087],[35.053974,32.403417],[35.054032,32.403995],[35.054094,32.404479],[35.054136,32.404716],[35.054194,32.404868],[35.054252,32.404999],[35.0543,32.405237],[35.054343,32.405557],[35.054391,32.405926],[35.054464,32.406364],[35.054516,32.406737],[35.054545,32.407114],[35.054578,32.407532],[35.054616,32.407922],[35.054645,32.408225],[35.054664,32.408315],[35.054707,32.40859],[35.054803,32.409287],[35.054937,32.410151],[35.055023,32.410684],[35.055105,32.411197],[35.05517,32.411597],[35.055175,32.411704],[35.05517,32.411794],[35.055141,32.4119],[35.055087,32.411966],[35.054981,32.412036],[35.054831,32.412072],[35.054657,32.412093],[35.054545,32.412097],[35.054473,32.412097],[35.054333,32.412104],[35.05426,32.412166],[35.054216,32.412248],[35.054172,32.412428],[35.054143,32.412596],[35.054114,32.41267],[35.054085,32.412764],[35.054041,32.412906],[35.053977,32.413255],[35.053866,32.413702],[35.053773,32.414128],[35.053704,32.414533],[35.053646,32.415004],[35.053626,32.415328],[35.05362,32.415734],[35.053629,32.415984],[35.053648,32.4162],[35.05374,32.416532],[35.05388,32.416827],[35.053981,32.417073],[35.054127,32.417306],[35.054325,32.417539],[35.054508,32.417769],[35.054701,32.41793],[35.054919,32.418065],[35.055156,32.418184],[35.055378,32.418287],[35.055542,32.418361],[35.055731,32.41841],[35.055934,32.418456],[35.056079,32.418493],[35.056217,32.418541],[35.056502,32.418656],[35.056739,32.418808],[35.056869,32.418915],[35.056946,32.419005],[35.057014,32.419096],[35.057082,32.419256],[35.057183,32.419567],[35.05724,32.419936],[35.057274,32.420329],[35.057278,32.420469],[35.057249,32.420706],[35.057088,32.421231],[35.056942,32.421661],[35.05681,32.422025],[35.056718,32.422206],[35.056596,32.422501],[35.056547,32.422742],[35.056552,32.42298],[35.056609,32.423333],[35.056725,32.423669],[35.056813,32.423902],[35.056895,32.424099],[35.057016,32.424403],[35.057088,32.424718],[35.057136,32.424969],[35.057198,32.425231],[35.057261,32.425432],[35.057362,32.425628],[35.057483,32.425796],[35.057632,32.42596],[35.057864,32.426145],[35.057995,32.426264],[35.058179,32.42642],[35.058376,32.426629],[35.058492,32.426777],[35.058628,32.426978],[35.058745,32.427211],[35.058817,32.427362],[35.058885,32.427477],[35.058986,32.427662],[35.059102,32.4279],[35.059198,32.42808],[35.059444,32.428454],[35.059691,32.428908],[35.059836,32.429265],[35.059942,32.429532],[35.05998,32.429721],[35.059994,32.429905],[35.059989,32.430049],[35.05997,32.430192],[35.059931,32.430332],[35.059897,32.430442],[35.059882,32.430541],[35.059896,32.430692],[35.059911,32.430893],[35.05993,32.431024],[35.059983,32.431184],[35.060045,32.431397],[35.060089,32.431623],[35.060118,32.431885],[35.06015,32.432236],[35.060166,32.432532],[35.060174,32.432772],[35.060187,32.432994],[35.060201,32.433163],[35.060217,32.433292],[35.060248,32.433432],[35.060281,32.433563],[35.060306,32.433659],[35.060322,32.433804],[35.060322,32.433903],[35.060333,32.43401],[35.060349,32.43409],[35.06038,32.434179],[35.060424,32.434324],[35.060468,32.434467],[35.060504,32.434568],[35.060554,32.43464],[35.060714,32.434783],[35.060849,32.434915],[35.060973,32.435041],[35.061089,32.435167],[35.061175,32.435322],[35.061222,32.435453],[35.061252,32.435563],[35.061271,32.43565],[35.061274,32.435756],[35.061259,32.435844],[35.061237,32.435903],[35.061198,32.435968],[35.06109,32.436078],[35.060894,32.436272],[35.060805,32.436364],[35.060722,32.436455],[35.060694,32.436518],[35.060694,32.436595],[35.060708,32.436663],[35.060738,32.436748],[35.060785,32.436823],[35.060841,32.436871],[35.060896,32.436911],[35.060951,32.436958],[35.06102,32.436998],[35.061073,32.437016],[35.061142,32.437023],[35.061219,32.437023],[35.061272,32.437021],[35.0613,32.437021],[35.061361,32.437021],[35.061396,32.437024],[35.061471,32.437045],[35.061496,32.437089],[35.061501,32.437132],[35.061515,32.437169],[35.061534,32.437214],[35.061548,32.437265],[35.061607,32.437411],[35.061646,32.437612],[35.061668,32.437815],[35.061704,32.438076],[35.061765,32.438238],[35.06182,32.438301],[35.061894,32.438347],[35.061953,32.438367],[35.062055,32.438375],[35.062115,32.438363],[35.062189,32.438332],[35.062258,32.438309],[35.062314,32.438301],[35.062364,32.438313],[35.062415,32.438352],[35.062429,32.438395],[35.062429,32.438442],[35.062415,32.438504],[35.062396,32.43859],[35.062368,32.438684],[35.062331,32.438801],[35.062276,32.438918],[35.062248,32.439039],[35.062234,32.439149],[35.062298,32.439293],[35.062377,32.43936],[35.062506,32.439454],[35.062626,32.43956],[35.062884,32.43972],[35.06322,32.439971],[35.063483,32.440221],[35.063863,32.440565],[35.064075,32.440745],[35.064248,32.440875],[35.064351,32.440964],[35.064683,32.441273],[35.064941,32.441516],[35.065162,32.441817],[35.065355,32.442188],[35.065581,32.442579],[35.065719,32.44288],[35.065792,32.44306],[35.065815,32.443181],[35.065824,32.443318],[35.06581,32.443478],[35.065791,32.443638],[35.065764,32.443829],[35.065726,32.444041],[35.065698,32.444267],[35.065684,32.444443],[35.065661,32.444744],[35.065614,32.445151],[35.065581,32.445463],[35.065576,32.445819],[35.065579,32.446413],[35.065532,32.446972],[35.065513,32.44739],[35.065513,32.447851],[35.065521,32.448238],[35.065535,32.448586],[35.065548,32.448832],[35.065594,32.449086],[35.065727,32.449434],[35.065999,32.44995],[35.066303,32.450389],[35.066604,32.450791],[35.066747,32.450959],[35.067014,32.451202],[35.067222,32.45139],[35.067401,32.451554],[35.067581,32.451684],[35.067789,32.451824],[35.067982,32.451954],[35.068217,32.452102],[35.068455,32.452213],[35.068727,32.45235],[35.06892,32.45244],[35.069119,32.452499],[35.069303,32.452546],[35.069479,32.452574],[35.069709,32.452617],[35.069949,32.45266],[35.07018,32.452708],[35.070364,32.452751],[35.070554,32.452814],[35.070778,32.452883],[35.070995,32.452946],[35.071179,32.453012],[35.071336,32.453079],[35.071516,32.453173],[35.071696,32.453275],[35.071935,32.453443],[35.07217,32.453635],[35.072405,32.453862],[35.072613,32.454163],[35.072812,32.454444],[35.072959,32.45469],[35.073093,32.454906],[35.073221,32.455172],[35.073355,32.455492],[35.073464,32.45572],[35.073456,32.455872],[35.073413,32.455887],[35.073353,32.455901],[35.073312,32.455906],[35.073268,32.455917],[35.073237,32.455931],[35.073209,32.455964],[35.073167,32.456004],[35.073065,32.456138],[35.073031,32.456201],[35.072999,32.456265],[35.072963,32.456333],[35.072918,32.456449],[35.072865,32.456571],[35.072823,32.456657],[35.072746,32.456778],[35.072693,32.456857],[35.072636,32.456937],[35.072612,32.456987],[35.07258,32.457061],[35.072562,32.457147],[35.072524,32.45723],[35.072454,32.457352],[35.072394,32.457438],[35.072341,32.457509],[35.072299,32.457565],[35.072275,32.457628],[35.072254,32.457696],[35.072246,32.457788],[35.07225,32.457862],[35.072253,32.45798],[35.072277,32.458152],[35.072326,32.458345],[35.072434,32.45855],[35.072518,32.458701],[35.072682,32.45893],[35.072815,32.459126],[35.07291,32.459239],[35.072985,32.459303],[35.073118,32.459398],[35.073299,32.459612],[35.073457,32.459811],[35.073607,32.459992],[35.073751,32.460132],[35.073905,32.460259],[35.074049,32.460366],[35.074154,32.460437],[35.074259,32.460541],[35.074325,32.460675],[35.074416,32.460794],[35.074476,32.460872],[35.074552,32.461001],[35.074671,32.461215],[35.0748,32.461429],[35.074931,32.461624],[35.07505,32.46174],[35.075134,32.461855],[35.075229,32.461939],[35.075414,32.462055],[35.075523,32.462105],[35.075631,32.462159],[35.075792,32.462203],[35.075887,32.462233],[35.075988,32.462266],[35.076146,32.462328],[35.076289,32.46237],[35.076436,32.462415],[35.076559,32.462459],[35.076681,32.462519],[35.076791,32.462598],[35.076994,32.462759],[35.077291,32.462997],[35.077424,32.463139],[35.077673,32.463392],[35.077879,32.463638],[35.078127,32.463888],[35.078335,32.464125],[35.078478,32.464267],[35.07865,32.464419],[35.07886,32.46463],[35.07909,32.464849],[35.079227,32.46501],[35.07942,32.465246],[35.079515,32.465373],[35.079606,32.465463],[35.079704,32.465543],[35.079819,32.465632],[35.079952,32.465745],[35.080078,32.465846],[35.080341,32.46611],[35.080509,32.466255],[35.080712,32.466445],[35.080911,32.466677],[35.081122,32.466867],[35.081317,32.467063],[35.08151,32.467224],[35.081778,32.467457],[35.081992,32.467632],[35.082156,32.467751],[35.082271,32.467849],[35.082401,32.467944],[35.082538,32.468019],[35.082674,32.468084],[35.082793,32.468123],[35.082961,32.468159],[35.083091,32.468179],[35.083238,32.468191],[35.083378,32.468194],[35.083543,32.468206],[35.083739,32.468222],[35.083907,32.468234],[35.084078,32.468253],[35.084183,32.468262],[35.084333,32.468277],[35.084484,32.468301],[35.084649,32.468343],[35.084771,32.468387],[35.084894,32.468447],[35.084992,32.468494],[35.085097,32.468548],[35.08524,32.468622],[35.085384,32.468702],[35.08551,32.468774],[35.085646,32.468851],[35.085793,32.468964],[35.085912,32.469071],[35.085982,32.469145],[35.086049,32.469228],[35.086136,32.469365],[35.086246,32.469507],[35.086396,32.469718],[35.086543,32.469896],[35.0867,32.470095],[35.086809,32.470231],[35.086953,32.470387],[35.087131,32.470565],[35.087233,32.470669],[35.087345,32.470791],[35.087506,32.470943],[35.087618,32.471041],[35.087737,32.471112],[35.087859,32.47118],[35.088045,32.47127],[35.088231,32.471358],[35.088308,32.471405],[35.088343,32.471447],[35.088353,32.471503],[35.088343,32.471575],[35.088325,32.471649],[35.088308,32.471723],[35.088307,32.471788],[35.088328,32.471877],[35.088367,32.471957],[35.088437,32.47204],[35.088521,32.472118],[35.088706,32.47226],[35.08893,32.472397],[35.089285,32.472628],[35.089551,32.472815],[35.089705,32.472937],[35.089782,32.473026],[35.089835,32.473112],[35.089905,32.473219],[35.089957,32.473349],[35.089999,32.473468],[35.090055,32.473623],[35.0901,32.473741],[35.090149,32.47388],[35.090223,32.47407],[35.090303,32.474254],[35.090404,32.474456],[35.090481,32.474581],[35.090546,32.474668],[35.090696,32.474841],[35.090889,32.474995],[35.091092,32.475162],[35.091375,32.475381],[35.091593,32.475529],[35.091813,32.475677],[35.092066,32.475876],[35.092342,32.476063],[35.092482,32.476158],[35.092668,32.476254],[35.092864,32.476325],[35.093028,32.476373],[35.093186,32.4764],[35.093358,32.476415],[35.093514,32.476427],[35.09385,32.47649],[35.094165,32.476561],[35.094404,32.476621],[35.094663,32.476686],[35.09495,32.476773],[35.095293,32.47691],[35.095598,32.477055],[35.095785,32.477167],[35.096093,32.477315],[35.096479,32.477446],[35.097018,32.477625],[35.097543,32.477788],[35.097917,32.477899],[35.098144,32.477968],[35.098389,32.478022],[35.098614,32.478057],[35.098834,32.478084],[35.099034,32.478105],[35.099227,32.478114],[35.099437,32.478108],[35.099726,32.478097],[35.1,32.478088],[35.100213,32.478089],[35.100445,32.478092],[35.100644,32.478107],[35.100893,32.478131],[35.101114,32.478152],[35.10131,32.478173],[35.10153,32.478191],[35.101744,32.478209],[35.10193,32.478209],[35.102247,32.478188],[35.102405,32.478158],[35.102538,32.478126],[35.102647,32.478093],[35.102734,32.47806],[35.102829,32.478019],[35.102931,32.477983],[35.103109,32.477927],[35.103295,32.477862],[35.103463,32.477812],[35.103555,32.4778],[35.103618,32.477794],[35.103677,32.477794],[35.103719,32.477797],[35.103814,32.477788],[35.103863,32.477779],[35.103922,32.477768],[35.103981,32.477742],[35.104052,32.477703],[35.104126,32.477655],[35.104213,32.477607],[35.104312,32.47756],[35.104405,32.477522],[35.104473,32.477494],[35.104547,32.477475],[35.104599,32.477461],[35.104654,32.47745],[35.104708,32.477435],[35.104764,32.477421],[35.104813,32.477407],[35.104873,32.477388],[35.104974,32.477349],[35.105075,32.477316],[35.105176,32.477264],[35.105261,32.477205],[35.105322,32.477152],[35.105381,32.477094],[35.105397,32.477068],[35.105412,32.47704],[35.105436,32.477025],[35.105469,32.476997],[35.105511,32.476969],[35.10554,32.476943],[35.105581,32.476908],[35.105614,32.476874],[35.105653,32.476841],[35.105748,32.47677],[35.105914,32.476657],[35.106023,32.476563],[35.106139,32.476453],[35.106258,32.476329],[35.106384,32.476184],[35.106489,32.476043],[35.106588,32.475867],[35.106628,32.4758],[35.106642,32.475768],[35.106643,32.475722],[35.106647,32.475677],[35.106657,32.475637],[35.106697,32.475554],[35.106735,32.475481],[35.106772,32.475438],[35.10682,32.475405],[35.106881,32.475392],[35.106936,32.475392],[35.106975,32.475397],[35.107034,32.475405],[35.107151,32.475439],[35.107283,32.475481],[35.107501,32.475568],[35.107761,32.475673],[35.107999,32.475797],[35.10815,32.47587],[35.108239,32.475911],[35.108329,32.475928],[35.108405,32.475934],[35.108484,32.475937],[35.108599,32.475943],[35.108789,32.475971],[35.108906,32.475999],[35.109016,32.476043],[35.109137,32.476114],[35.109237,32.476181],[35.10936,32.476248],[35.109535,32.47635],[35.109782,32.47651],[35.109937,32.476638],[35.110117,32.476779],[35.11022,32.476855],[35.110323,32.476904],[35.110381,32.476925],[35.11046,32.476934],[35.110563,32.47694],[35.110656,32.476951],[35.110735,32.476972],[35.110786,32.47701],[35.110876,32.477082],[35.110937,32.477144],[35.110989,32.47721],[35.11103,32.477275],[35.111064,32.477333],[35.111099,32.477417],[35.111133,32.477499],[35.111177,32.47756],[35.111243,32.477621],[35.111296,32.477661],[35.111375,32.477707],[35.111481,32.477745],[35.111584,32.477766],[35.111694,32.477769],[35.111821,32.477769],[35.111962,32.477763],[35.112103,32.477766],[35.112162,32.477781],[35.11221,32.477813],[35.112254,32.477874],[35.112306,32.477926],[35.112422,32.477973],[35.112508,32.478005],[35.112587,32.478052],[35.112639,32.478107],[35.11267,32.478174],[35.11269,32.478299],[35.112714,32.478407],[35.112755,32.478563],[35.112831,32.478802],[35.11293,32.47902],[35.112995,32.479148],[35.113084,32.47927],[35.113187,32.47939],[35.113294,32.479483],[35.113406,32.479554],[35.11356,32.479635],[35.113739,32.479711],[35.113886,32.479761],[35.114027,32.479802],[35.114185,32.479828],[35.114268,32.479828],[35.114367,32.479831],[35.11456,32.479849],[35.114687,32.479883],[35.11478,32.479904],[35.114893,32.479924],[35.115013,32.479945],[35.115181,32.479989],[35.115409,32.480036],[35.11566,32.480095],[35.115945,32.480144],[35.116196,32.480197],[35.11644,32.480252],[35.116622,32.48029],[35.116742,32.480328],[35.116831,32.480359],[35.116918,32.48038],[35.117096,32.480425],[35.11726,32.480473],[35.11738,32.480504],[35.117517,32.480549],[35.117651,32.480602],[35.117824,32.480658],[35.117952,32.480696],[35.11808,32.480719],[35.118237,32.480735],[35.11846,32.480768],[35.118684,32.480816],[35.118877,32.480872],[35.119077,32.480932],[35.119235,32.480983],[35.119339,32.481018],[35.119485,32.481069],[35.119575,32.481104],[35.119688,32.481155],[35.119777,32.481193],[35.119879,32.481243],[35.120007,32.481299],[35.120088,32.481337],[35.120163,32.48137],[35.120263,32.481407],[35.120416,32.48145],[35.120684,32.48153],[35.121021,32.481648],[35.121544,32.481853],[35.121819,32.481974],[35.122023,32.482056],[35.122265,32.482176],[35.122536,32.482333],[35.122602,32.482386],[35.122753,32.482479],[35.122881,32.482555],[35.122995,32.482638],[35.123211,32.482787],[35.12364,32.483054],[35.1242,32.48338],[35.124567,32.483555],[35.124716,32.483643],[35.124781,32.483664],[35.12487,32.483674],[35.12503,32.483678],[35.125275,32.483686],[35.125385,32.483691],[35.125453,32.483711],[35.125543,32.483759],[35.125602,32.483787],[35.125683,32.48381],[35.125805,32.48382],[35.125948,32.483855],[35.126037,32.483903],[35.126076,32.483934],[35.126094,32.483967],[35.1261,32.484002],[35.126088,32.48403],[35.126055,32.484047],[35.125939,32.484057],[35.125775,32.484067],[35.125632,32.484082],[35.125593,32.484115],[35.125581,32.484145],[35.125578,32.484201],[35.125594,32.484258],[35.125666,32.48438],[35.125803,32.484593],[35.125985,32.484793],[35.12626,32.485054],[35.126373,32.485148],[35.126453,32.485215],[35.126616,32.485349],[35.126841,32.485503],[35.127031,32.485606],[35.127197,32.485693],[35.127381,32.485805],[35.127522,32.485898],[35.127734,32.486076],[35.127898,32.4862],[35.128015,32.486295],[35.12809,32.486351],[35.128233,32.486436],[35.128518,32.486595],[35.12896,32.486846],[35.129257,32.487015],[35.129429,32.48711],[35.129705,32.487266],[35.12992,32.48739],[35.130291,32.487643],[35.130671,32.487903],[35.130743,32.487957],[35.130972,32.488139],[35.131119,32.488256],[35.131248,32.488344],[35.131371,32.488404],[35.131529,32.488475],[35.131654,32.488527],[35.132104,32.488771],[35.132578,32.489024],[35.132932,32.48923],[35.133064,32.489315],[35.133558,32.489632],[35.134029,32.48998],[35.134587,32.490333],[35.135029,32.490601],[35.135394,32.490805],[35.135972,32.491152],[35.136248,32.491316],[35.136555,32.491498],[35.137432,32.492129],[35.137874,32.492242],[35.138095,32.492369],[35.138731,32.492759],[35.13905,32.492935],[35.13954,32.493171],[35.139825,32.493332],[35.139891,32.493375],[35.139939,32.493407],[35.13996,32.493443],[35.139957,32.493482],[35.139945,32.493516],[35.139911,32.493538],[35.139859,32.493565],[35.139677,32.493647],[35.139494,32.493747],[35.139289,32.493866],[35.139149,32.493939],[35.13879,32.494092],[35.138537,32.494186],[35.138179,32.494335],[35.138084,32.494381],[35.137992,32.494435],[35.13792,32.494493],[35.137883,32.494542],[35.137871,32.494595],[35.13788,32.494656],[35.138998,32.496292],[35.139222,32.496341],[35.139443,32.496348],[35.140835,32.496322],[35.143491,32.496311],[35.14447,32.496312],[35.144616,32.496308],[35.144691,32.49631],[35.144748,32.496315],[35.14478,32.496329],[35.144817,32.496364],[35.144898,32.49641],[35.145076,32.496507],[35.145363,32.49666],[35.146237,32.497122],[35.146974,32.497555],[35.147728,32.497997],[35.147972,32.49815],[35.148018,32.498174],[35.148049,32.498187],[35.148127,32.498204],[35.148162,32.498213],[35.148276,32.498281],[35.148414,32.498379],[35.148497,32.498427],[35.14854,32.498442],[35.148601,32.498452],[35.148661,32.498479],[35.148989,32.498663],[35.149552,32.498998],[35.150041,32.499306],[35.150263,32.499433],[35.150553,32.499569],[35.150685,32.499667],[35.15088,32.499834],[35.15115,32.500027],[35.151188,32.50004],[35.151228,32.500035],[35.151265,32.500042],[35.151314,32.500069],[35.151377,32.50011],[35.151435,32.500162],[35.151555,32.500256],[35.151753,32.500366],[35.152166,32.500608],[35.152335,32.500693],[35.152574,32.500791],[35.152792,32.500895],[35.15301,32.500993],[35.153197,32.501078],[35.153366,32.501161],[35.153669,32.501367],[35.153853,32.501506],[35.153887,32.501511],[35.153925,32.501501],[35.153956,32.501508],[35.154008,32.501542],[35.154128,32.501623],[35.154301,32.501737],[35.154372,32.501776],[35.154657,32.501939],[35.154915,32.502061],[35.15501,32.502112],[35.155059,32.502141],[35.155093,32.50219],[35.155148,32.502297],[35.155227,32.502412],[35.155546,32.502817],[35.155609,32.502896],[35.155655,32.502944],[35.155684,32.50297],[35.155708,32.502986],[35.155728,32.503],[35.155765,32.503005],[35.155833,32.502994],[35.155899,32.502982],[35.155991,32.502972],[35.156071,32.502967],[35.156177,32.502967],[35.156301,32.502989],[35.156447,32.503028],[35.156513,32.503048],[35.156585,32.503062],[35.156645,32.503067],[35.156709,32.50307],[35.156746,32.503074],[35.157127,32.5032],[35.157317,32.503263],[35.157495,32.50331],[35.157736,32.503378],[35.158198,32.503499],[35.15854,32.503607],[35.158755,32.503675],[35.158942,32.503723],[35.159136,32.503763],[35.15936,32.503785],[35.159636,32.503836],[35.159992,32.503914],[35.160248,32.503992],[35.160409,32.504043],[35.160515,32.504097],[35.160661,32.504194],[35.160785,32.504294],[35.160889,32.504408],[35.160983,32.504544],[35.161095,32.504748],[35.161487,32.50547],[35.161667,32.505764],[35.161716,32.505859],[35.161777,32.50594],[35.161834,32.505986],[35.16194,32.506032],[35.162003,32.506066],[35.162055,32.506095],[35.162124,32.506183],[35.162196,32.50629],[35.162334,32.506496],[35.16254,32.506793],[35.162787,32.507121],[35.163058,32.50751],[35.16319,32.507676],[35.163363,32.507897],[35.163648,32.508324],[35.163826,32.508546],[35.163941,32.508674],[35.16407,32.508799],[35.164211,32.508884],[35.16434,32.508954],[35.164547,32.509027],[35.164685,32.509074],[35.164799,32.50912],[35.164868,32.509164],[35.164975,32.509239],[35.165141,32.509348],[35.165419,32.509521],[35.165585,32.509623],[35.165706,32.509691],[35.165801,32.50974],[35.165858,32.509764],[35.16599,32.50985],[35.16622,32.509978],[35.166556,32.510163],[35.167307,32.510603],[35.16746,32.510698],[35.167859,32.510939],[35.168375,32.511292],[35.169038,32.511829],[35.169175,32.511932],[35.169546,32.512226],[35.169672,32.512323],[35.16975,32.512367],[35.169816,32.512408],[35.169885,32.512445],[35.169951,32.512476],[35.170017,32.512503],[35.170086,32.512528],[35.170123,32.512545],[35.170163,32.512569],[35.170289,32.51269],[35.170486,32.512892],[35.170615,32.513052],[35.170742,32.513196],[35.170894,32.513364],[35.171063,32.513507],[35.171238,32.513665],[35.171409,32.513801],[35.17161,32.513995],[35.171745,32.514141],[35.171909,32.514317],[35.172184,32.514535],[35.176362,32.517562],[35.176794,32.517894],[35.177117,32.518128],[35.177223,32.518228],[35.177333,32.518352],[35.177408,32.518445],[35.177457,32.518538],[35.177496,32.518665],[35.177536,32.518769],[35.177589,32.518859],[35.177594,32.518981],[35.177594,32.519242],[35.177585,32.519645],[35.17759,32.520025],[35.17759,32.520237],[35.177589,32.520443],[35.177598,32.520648],[35.177625,32.520781],[35.177673,32.520986],[35.177717,32.521131],[35.177761,32.521236],[35.177818,32.521344],[35.177871,32.5214],[35.177924,32.52143],[35.177986,32.521463],[35.178034,32.521516],[35.178242,32.521708],[35.178361,32.521809],[35.178432,32.521854],[35.178493,32.52188],[35.178574,32.521932],[35.17875,32.522093],[35.178816,32.522152],[35.178842,32.522208],[35.178856,32.522324],[35.178873,32.52241],[35.1789,32.522473],[35.178953,32.522552],[35.179068,32.522707],[35.17946,32.523237],[35.179632,32.523506],[35.179702,32.523599],[35.179755,32.523659],[35.179837,32.523718],[35.180106,32.52393],[35.180414,32.524158],[35.180643,32.524356],[35.180747,32.524431],[35.180813,32.524468],[35.180941,32.524491],[35.181091,32.524502],[35.181268,32.524513],[35.181484,32.524502],[35.18174,32.524491],[35.18207,32.52448],[35.182379,32.524472],[35.182538,32.524465],[35.182643,32.524446],[35.182723,32.524416],[35.182833,32.524368],[35.183089,32.524297],[35.183296,32.524263],[35.183534,32.524215],[35.183626,32.524184],[35.183794,32.524109],[35.18397,32.524031],[35.184204,32.523938],[35.184513,32.523852],[35.184896,32.523763],[35.185201,32.523695],[35.18569,32.523576],[35.186034,32.523494],[35.186165,32.523482],[35.18624,32.52349],[35.186354,32.523523],[35.186469,32.523572],[35.186601,32.523613],[35.186725,32.523643],[35.186853,32.523662],[35.186967,32.523662],[35.187042,32.523665],[35.187126,32.523688],[35.187161,32.523744],[35.187249,32.523852],[35.187368,32.523949],[35.187562,32.524094],[35.187748,32.524221],[35.187952,32.52434],[35.188159,32.524508],[35.188327,32.524702],[35.188525,32.524981],[35.188698,32.525267],[35.188873,32.525576],[35.188976,32.52575],[35.189103,32.525884],[35.189158,32.525965],[35.189174,32.526052],[35.189229,32.526146],[35.189332,32.526307],[35.189467,32.526455],[35.189634,32.526589],[35.189858,32.52679],[35.190263,32.527186],[35.191024,32.528018],[35.191828,32.528829],[35.192145,32.529171],[35.192613,32.529608],[35.193105,32.530138],[35.193774,32.530854],[35.194083,32.531196],[35.194273,32.531418],[35.194472,32.531626],[35.194575,32.53174],[35.194662,32.53178],[35.194757,32.531821],[35.195203,32.532214],[35.195421,32.532477],[35.195649,32.532792],[35.195814,32.533064],[35.196198,32.533853],[35.196562,32.534606],[35.196738,32.535026],[35.196894,32.535307],[35.196987,32.535456],[35.19707,32.535552],[35.197391,32.535798],[35.198334,32.536473],[35.199113,32.537057],[35.199405,32.537276],[35.199761,32.537559],[35.200074,32.537835],[35.200498,32.538191],[35.200795,32.538439],[35.201267,32.538895],[35.201375,32.538965],[35.201508,32.539057],[35.201856,32.539364],[35.202098,32.539515],[35.202348,32.539652],[35.202443,32.539722],[35.202577,32.539851],[35.202692,32.539932],[35.20287,32.540018],[35.203233,32.540196],[35.203538,32.540352],[35.20385,32.540503],[35.204155,32.540707],[35.204397,32.540885],[35.204524,32.540966],[35.204687,32.54104],[35.205196,32.541255],[35.205851,32.541502],[35.206233,32.541632],[35.206707,32.541811],[35.207012,32.541902],[35.207331,32.54201],[35.207755,32.542117],[35.207915,32.542158],[35.208071,32.542196],[35.2083,32.542237],[35.208571,32.542282],[35.208713,32.542302],[35.208887,32.542334],[35.20906,32.542373],[35.209206,32.542428],[35.209306,32.542484],[35.209427,32.542546],[35.209469,32.542554],[35.209552,32.542546],[35.209601,32.542554],[35.209841,32.542641],[35.210059,32.542742],[35.210153,32.542786],[35.210288,32.542878],[35.210407,32.542975],[35.210651,32.543172],[35.21074,32.543234],[35.210885,32.543331],[35.211155,32.543476],[35.211352,32.543579],[35.211549,32.543685],[35.211726,32.543786],[35.211877,32.543847],[35.212017,32.543891],[35.212162,32.543935],[35.212328,32.543979],[35.212536,32.544019],[35.212718,32.54404],[35.21291,32.544058],[35.213087,32.544084],[35.213411,32.544152],[35.21364,32.544174],[35.213879,32.5442],[35.214211,32.544257],[35.21444,32.544301],[35.214575,32.544345],[35.21472,32.544393],[35.214814,32.544429],[35.214918,32.544512],[35.215011,32.544604],[35.215162,32.54478],[35.21546,32.545135],[35.215569,32.545262],[35.215657,32.545363],[35.215709,32.545446],[35.215756,32.545521],[35.215808,32.545627],[35.215881,32.545772],[35.215996,32.546008],[35.216022,32.546065],[35.216047,32.546135],[35.216063,32.546179],[35.216058,32.546285],[35.216048,32.546544],[35.216017,32.546895],[35.216021,32.547205],[35.216021,32.547416],[35.216016,32.54757],[35.216016,32.547644],[35.216027,32.547759],[35.216068,32.54782],[35.216234,32.54793],[35.216559,32.548109],[35.216855,32.54828],[35.217151,32.548434],[35.217318,32.548531],[35.217452,32.548649],[35.217603,32.548746],[35.218333,32.549132],[35.218654,32.549247],[35.21919,32.549462],[35.219801,32.549763],[35.220476,32.550093],[35.220651,32.550188],[35.22098,32.550308],[35.221159,32.550385],[35.221201,32.550417],[35.221259,32.550477],[35.221341,32.550539],[35.221374,32.55056],[35.221515,32.550623],[35.221785,32.550754],[35.222116,32.550936],[35.222564,32.551195],[35.223066,32.55147],[35.223538,32.551679],[35.223916,32.551869],[35.224311,32.552048],[35.22457,32.552148],[35.224851,32.551967],[35.225078,32.551724],[35.22549,32.551128],[35.225886,32.550564],[35.225981,32.550464],[35.226163,32.550229],[35.226472,32.549766],[35.226678,32.549472],[35.227081,32.548896],[35.227786,32.547943],[35.227936,32.547763],[35.228039,32.547682],[35.228158,32.547575],[35.228403,32.547266],[35.228728,32.546824],[35.229013,32.546415],[35.229578,32.545651],[35.230204,32.544739],[35.23033,32.544619],[35.230592,32.544284],[35.231083,32.543533],[35.231417,32.54299],[35.231647,32.542662],[35.232011,32.542186],[35.232265,32.541884],[35.232328,32.541797],[35.232423,32.54175],[35.23251,32.541663],[35.232756,32.541307],[35.232993,32.541012],[35.233326,32.540456],[35.233788,32.539733],[35.234271,32.539076],[35.234675,32.538626],[35.23534,32.537808],[35.235625,32.537426],[35.235839,32.537111],[35.236126,32.536695],[35.236435,32.536327],[35.23676,32.536005],[35.237187,32.535669],[35.238161,32.534818],[35.23889,32.534248],[35.239733,32.533566],[35.24073,32.532748],[35.241167,32.532367],[35.241752,32.531856],[35.242191,32.531495],[35.242365,32.531368],[35.242697,32.53114],[35.243458,32.530556],[35.244582,32.529671],[35.245413,32.528933],[35.24588,32.528558],[35.246399,32.528155],[35.246652,32.527894],[35.247397,32.52723],[35.247967,32.526767],[35.249154,32.525774],[35.249835,32.525318],[35.250144,32.525077],[35.250606,32.524703],[35.251192,32.52422],[35.251912,32.523482],[35.252174,32.523261],[35.252506,32.523059],[35.253219,32.522744],[35.254015,32.522417],[35.256026,32.521685],[35.25723,32.521276],[35.257753,32.521101],[35.259262,32.520522],[35.261036,32.519817],[35.262294,32.519408],[35.262777,32.51922],[35.263654,32.518887],[35.264572,32.518518],[35.265483,32.518229],[35.266599,32.517766],[35.267312,32.517478],[35.267573,32.517444],[35.268143,32.517236],[35.269447,32.516694],[35.270682,32.516231],[35.271672,32.515855],[35.272685,32.515459],[35.272946,32.515405],[35.27316,32.515278],[35.273445,32.51517],[35.274281,32.514892],[35.275437,32.51457],[35.276791,32.514167],[35.277123,32.514073],[35.277401,32.514025],[35.277931,32.513911],[35.278427,32.513767],[35.27895,32.513599],[35.280288,32.51317],[35.281531,32.512834],[35.2829,32.512424],[35.284125,32.512098],[35.285985,32.511554],[35.286817,32.511272],[35.287877,32.510943],[35.28859,32.510721],[35.28903,32.510611],[35.289893,32.510463],[35.291303,32.510208],[35.292118,32.510053],[35.292561,32.509925],[35.292886,32.509891],[35.293227,32.509898],[35.293448,32.509864],[35.294308,32.509714],[35.295313,32.5096],[35.29624,32.509572],[35.296762,32.509565],[35.297499,32.509585],[35.299008,32.509597],[35.300212,32.50963],[35.301083,32.509683],[35.3022,32.509722],[35.303687,32.509816],[35.3047,32.509855],[35.305461,32.509855],[35.306332,32.509914],[35.307029,32.510007],[35.307409,32.510155],[35.307853,32.510315],[35.308524,32.510511],[35.30919,32.510678],[35.310148,32.510825],[35.317851,32.511757],[35.318595,32.511931],[35.31888,32.512024],[35.319819,32.512246],[35.320572,32.512406],[35.321554,32.512626],[35.322322,32.512807],[35.323921,32.51315],[35.325822,32.513698],[35.326487,32.513885],[35.326931,32.514032],[35.327494,32.514166],[35.328452,32.5145],[35.329243,32.514779],[35.329774,32.514973],[35.330226,32.515207],[35.330456,32.515334],[35.330551,32.515388],[35.330694,32.515441],[35.330836,32.515474],[35.330989,32.51548],[35.331119,32.51546],[35.331269,32.515421],[35.331368,32.515415],[35.331491,32.515431],[35.33159,32.515466],[35.331697,32.515512],[35.33182,32.515521],[35.33195,32.515495],[35.332057,32.515437],[35.332134,32.515391],[35.332233,32.515352],[35.332336,32.515323],[35.332455,32.51531],[35.332589,32.515316],[35.332719,32.515342],[35.33283,32.515391],[35.332899,32.515439],[35.333037,32.51554],[35.33311,32.515591],[35.333224,32.515633],[35.333346,32.515643],[35.333453,32.515659],[35.333568,32.515708],[35.333606,32.515847],[35.333633,32.515899],[35.333698,32.515922],[35.333786,32.515925],[35.333882,32.515931],[35.33392,32.51597],[35.333959,32.516041],[35.334001,32.516106],[35.334054,32.516145],[35.334181,32.516174],[35.334338,32.516177],[35.334762,32.51618],[35.334992,32.516176],[35.335072,32.516199],[35.335149,32.516254],[35.335329,32.516377],[35.3358,32.516606],[35.336204,32.516799],[35.336794,32.517041],[35.337326,32.517238],[35.337964,32.517453],[35.339124,32.517831],[35.339902,32.518119],[35.340495,32.518384],[35.341083,32.518664],[35.341493,32.518819],[35.341899,32.518945],[35.342504,32.519099],[35.342833,32.519151],[35.343444,32.519218],[35.344034,32.519244],[35.344765,32.519207],[35.345629,32.519057],[35.345681,32.519045],[35.346106,32.518942],[35.346798,32.518793],[35.347418,32.518649],[35.347797,32.518542],[35.348057,32.518428],[35.348515,32.518297],[35.349077,32.51818],[35.349509,32.518124],[35.3499,32.518088],[35.350229,32.518068],[35.350442,32.518066],[35.350569,32.518082],[35.350817,32.51816],[35.351308,32.518325],[35.352046,32.518512],[35.352869,32.518695],[35.353214,32.518766],[35.353581,32.518805],[35.354147,32.518833],[35.355004,32.518842],[35.355654,32.518805],[35.356305,32.518756],[35.357024,32.518667],[35.358045,32.51849],[35.358818,32.518289],[35.35956,32.518061],[35.360026,32.517884],[35.360293,32.517754],[35.360492,32.517692],[35.360775,32.51764],[35.361307,32.517581],[35.361684,32.517528],[35.362034,32.51748],[35.362711,32.517375],[35.363281,32.517254],[35.363594,32.517185],[35.363943,32.517152],[35.364608,32.517058],[35.365167,32.516957],[35.365301,32.516934],[35.365578,32.516877],[35.365952,32.516773],[35.3664,32.516604],[35.366744,32.516481],[35.367058,32.516383],[35.367352,32.516282],[35.368184,32.515995],[35.36899,32.515714],[35.369117,32.51567],[35.369381,32.515556],[35.369614,32.515501],[35.369651,32.515381],[35.369823,32.515441],[35.370038,32.515363],[35.370324,32.515236],[35.37081,32.515012],[35.371137,32.514857],[35.37125,32.514804],[35.371697,32.514541],[35.372052,32.514314],[35.372448,32.514042],[35.372926,32.51372],[35.373266,32.513496],[35.373423,32.513376],[35.373572,32.513234],[35.373732,32.513045],[35.373858,32.512919],[35.374039,32.51278],[35.374391,32.512533],[35.374777,32.512283],[35.37504,32.512147],[35.375431,32.512017],[35.37557,32.511968],[35.375724,32.511915],[35.376313,32.511652],[35.37692,32.511398],[35.377513,32.511128],[35.37806,32.510862],[35.378883,32.510426],[35.379954,32.509814],[35.380893,32.509224],[35.381491,32.508805],[35.381855,32.508524],[35.382079,32.508333],[35.382192,32.508215],[35.38237,32.508013],[35.382674,32.507615],[35.383004,32.507116],[35.383241,32.506745],[35.383665,32.506045],[35.383942,32.505534],[35.384207,32.505203],[35.384339,32.505069],[35.384504,32.504995],[35.384822,32.504922],[35.385205,32.504871],[35.385682,32.504848],[35.386112,32.504853],[35.386543,32.504892],[35.387203,32.504962],[35.387884,32.50504],[35.38848,32.5051],[35.389248,32.505155],[35.390069,32.505188],[35.390486,32.505187],[35.390619,32.505164],[35.39083,32.505063],[35.391148,32.5049],[35.391635,32.504696],[35.391939,32.504617],[35.392184,32.504544],[35.392581,32.50437],[35.394684,32.503403],[35.395494,32.503],[35.396446,32.502534],[35.396598,32.502472],[35.39677,32.502449],[35.397088,32.502454],[35.397399,32.502454],[35.397677,32.502442],[35.397941,32.50238],[35.398212,32.502251],[35.398464,32.50211],[35.398589,32.502063],[35.39878,32.502018],[35.399018,32.501973],[35.399217,32.501945],[35.399356,32.501939],[35.399429,32.501911],[35.399501,32.501843],[35.399573,32.5018],[35.399726,32.501761],[35.399938,32.501736],[35.400203,32.501708],[35.400468,32.501713],[35.400686,32.501741],[35.400792,32.501763],[35.400891,32.501757],[35.40099,32.501701],[35.401143,32.5016],[35.401275,32.501521],[35.401414,32.501454],[35.401526,32.501403],[35.401691,32.50138],[35.402009,32.501369],[35.402241,32.501374],[35.4024,32.501368],[35.402539,32.501329],[35.402744,32.501261],[35.402869,32.501227],[35.402968,32.50116],[35.403041,32.501036],[35.403186,32.500806],[35.403298,32.500571],[35.403403,32.500324],[35.403496,32.500117],[35.403568,32.50001],[35.403733,32.499802],[35.40388,32.499554],[35.404055,32.499215],[35.404243,32.498836],[35.404344,32.498064],[35.404319,32.497794],[35.404293,32.497429],[35.40424,32.497],[35.404181,32.496661],[35.404173,32.496349],[35.404139,32.49582],[35.404108,32.495434],[35.40424,32.495095],[35.404233,32.494776],[35.404252,32.494669],[35.404372,32.494591],[35.40455,32.494478],[35.404618,32.494417],[35.404618,32.49435],[35.404611,32.494244],[35.404498,32.493941],[35.404365,32.493482],[35.404345,32.493381],[35.404364,32.493229],[35.40441,32.493101],[35.404858,32.492097],[35.405318,32.490948],[35.405601,32.490202],[35.405838,32.489513],[35.406023,32.489037],[35.406227,32.488498],[35.406359,32.488212],[35.40647,32.487814],[35.406575,32.487315],[35.40631,32.486995],[35.405577,32.486194],[35.405302,32.485454],[35.405179,32.484899],[35.405095,32.484129],[35.405117,32.483653],[35.405565,32.483079],[35.405972,32.482803],[35.406736,32.482428],[35.407257,32.482001],[35.407544,32.481618],[35.407679,32.481212],[35.407864,32.480494],[35.407948,32.480012],[35.408017,32.479537],[35.408057,32.479113],[35.408297,32.478524],[35.40873,32.477646],[35.409425,32.47655],[35.409731,32.476123],[35.410033,32.475681],[35.410386,32.475276],[35.410703,32.474791],[35.410975,32.47434],[35.41111,32.473999],[35.411561,32.473594],[35.411932,32.473339],[35.412677,32.47277],[35.413049,32.472316],[35.413251,32.47177],[35.413776,32.470725],[35.414605,32.47012],[35.414954,32.469296],[35.415265,32.468657],[35.415375,32.467979],[35.415479,32.46733],[35.415827,32.466351],[35.415943,32.465702],[35.416065,32.465033],[35.416316,32.463987],[35.41667,32.463518],[35.417769,32.463086],[35.418349,32.46271],[35.418947,32.462344],[35.419234,32.4617],[35.419405,32.460778],[35.419838,32.459845],[35.420057,32.459569],[35.420142,32.459277],[35.420234,32.459036],[35.420294,32.458913],[35.420301,32.458893],[35.420304,32.458871],[35.420303,32.45885],[35.420297,32.458829],[35.420288,32.45881],[35.420274,32.458792],[35.420257,32.458776],[35.420237,32.458763],[35.42021,32.458752],[35.419286,32.458186],[35.41861,32.457699],[35.417921,32.457191],[35.417567,32.456957],[35.417454,32.456873],[35.417103,32.456723],[35.416077,32.456079],[35.415815,32.454761],[35.416035,32.454034],[35.415849,32.453001],[35.415529,32.451404],[35.415281,32.450471],[35.414961,32.449015],[35.414437,32.447112],[35.414008,32.445988],[35.413841,32.444747],[35.413656,32.443354],[35.413283,32.442184],[35.413236,32.441887],[35.413174,32.441637],[35.413093,32.441261],[35.412509,32.44081],[35.411868,32.439987],[35.411687,32.439127],[35.411461,32.438446],[35.410995,32.436769],[35.411119,32.435995],[35.411657,32.434724],[35.412011,32.434234],[35.412033,32.433909],[35.412125,32.43357],[35.412331,32.433187],[35.412598,32.432686],[35.412957,32.432015],[35.413087,32.431703],[35.413209,32.431449],[35.413738,32.430443],[35.414096,32.429637],[35.414348,32.42892],[35.414559,32.428471],[35.414811,32.427934],[35.415021,32.427486],[35.415632,32.426248],[35.416324,32.424912],[35.416819,32.423805],[35.417014,32.423273],[35.417176,32.422726],[35.417438,32.421784],[35.417569,32.42127],[35.417584,32.420994],[35.41763,32.42073],[35.417759,32.420132],[35.417921,32.419552],[35.418122,32.419051],[35.418284,32.418571],[35.418524,32.418063],[35.418616,32.417793],[35.418665,32.417629],[35.418765,32.417444],[35.418943,32.417187],[35.419408,32.416791],[35.420013,32.416376],[35.421348,32.41555],[35.422359,32.414921],[35.422964,32.41467],[35.423639,32.414372],[35.424617,32.41385],[35.425315,32.413428],[35.426902,32.412042],[35.427477,32.411766],[35.429307,32.410261],[35.429417,32.410181],[35.429897,32.409833],[35.430719,32.409278],[35.431409,32.408882],[35.432146,32.408472],[35.432896,32.408108],[35.433696,32.407797],[35.434588,32.407505],[35.435458,32.40726],[35.436684,32.406935],[35.437717,32.406631],[35.438754,32.406387],[35.43967,32.406162],[35.440322,32.406009],[35.440726,32.405943],[35.441006,32.405942],[35.441254,32.405994],[35.441581,32.406204],[35.442406,32.406624],[35.443121,32.407051],[35.44364,32.407398],[35.443842,32.407595],[35.444022,32.407898],[35.444194,32.408411],[35.444304,32.408766],[35.444335,32.408964],[35.444383,32.409201],[35.4444,32.409336],[35.444454,32.409435],[35.444548,32.409534],[35.444672,32.409619],[35.444727,32.409737],[35.444743,32.409909],[35.44472,32.41008],[35.444651,32.410284],[35.444675,32.410501],[35.444714,32.410718],[35.444831,32.410863],[35.445033,32.410961],[35.445228,32.410974],[35.44543,32.411013],[35.445836,32.410959],[35.446055,32.410884],[35.446176,32.410835],[35.446305,32.410814],[35.446524,32.410823],[35.446711,32.410864],[35.446908,32.410873],[35.447094,32.410873],[35.44725,32.410846],[35.447365,32.410797],[35.447535,32.410718],[35.447672,32.410664],[35.447864,32.410589],[35.448017,32.410536],[35.448228,32.410503],[35.448371,32.410553],[35.448516,32.410623],[35.448906,32.410815],[35.449041,32.410866],[35.449254,32.410957],[35.44971,32.411168],[35.450306,32.41142],[35.450674,32.411577],[35.450842,32.411641],[35.450999,32.411699],[35.451111,32.411782],[35.451246,32.411877],[35.451372,32.411924],[35.451515,32.411928],[35.451704,32.411935],[35.451877,32.41195],[35.452127,32.412061],[35.452179,32.412145],[35.452233,32.41226],[35.452324,32.412481],[35.452412,32.41265],[35.452511,32.412796],[35.452602,32.412875],[35.452701,32.412921],[35.452838,32.412956],[35.453001,32.412992],[35.453258,32.413012],[35.453593,32.413002],[35.453911,32.412969],[35.454149,32.412908],[35.454256,32.412876],[35.454642,32.412814],[35.454792,32.412793],[35.454891,32.412758],[35.454998,32.412753],[35.45519,32.412767],[35.455357,32.412785],[35.455591,32.412852],[35.455845,32.412877],[35.4561,32.412923],[35.456356,32.412993],[35.456603,32.413069],[35.456841,32.413124],[35.457053,32.413179],[35.457264,32.413256],[35.457393,32.41329],[35.457571,32.413306],[35.457717,32.413299],[35.457865,32.413278],[35.458075,32.413205],[35.458636,32.413018],[35.458905,32.412917],[35.459132,32.412803],[35.459422,32.412632],[35.459715,32.412432],[35.459938,32.412265],[35.460154,32.412115],[35.460365,32.411985],[35.460521,32.411915],[35.460696,32.411863],[35.460924,32.411844],[35.461119,32.411891],[35.461212,32.411951],[35.461415,32.412144],[35.461538,32.412255],[35.461637,32.41232],[35.461808,32.412378],[35.461928,32.412389],[35.462043,32.412373],[35.462243,32.412314],[35.4624,32.412284],[35.462578,32.412269],[35.462781,32.412243],[35.462898,32.412238],[35.463224,32.41221],[35.463528,32.412181],[35.46392,32.412164],[35.464271,32.412147],[35.464709,32.412145],[35.465071,32.412121],[35.465287,32.412098],[35.465498,32.412079],[35.465703,32.412093],[35.465865,32.412138],[35.466401,32.412361],[35.466725,32.41243],[35.467076,32.412438],[35.46727,32.412369],[35.467465,32.412236],[35.467675,32.412116],[35.46781,32.412038],[35.467928,32.411987],[35.468177,32.412005],[35.468302,32.412065],[35.46841,32.412092],[35.468653,32.412096],[35.468906,32.412063],[35.469133,32.412054],[35.46951,32.412052],[35.469861,32.412024],[35.470233,32.411959],[35.470482,32.411913],[35.470649,32.411853],[35.470799,32.411607],[35.471167,32.411513],[35.471651,32.411437],[35.471949,32.4114],[35.472286,32.411375],[35.472641,32.41135],[35.47319,32.411328],[35.473663,32.411299],[35.47405,32.41127],[35.47466,32.411233],[35.475199,32.411184],[35.475712,32.411146],[35.476237,32.411049],[35.477045,32.410895],[35.477587,32.41076],[35.478036,32.410695],[35.478537,32.41065],[35.478953,32.410617],[35.479553,32.410487],[35.480229,32.410273],[35.480951,32.409935],[35.481385,32.409751],[35.482135,32.409365],[35.483188,32.408805],[35.483995,32.408315],[35.484865,32.407552],[35.486106,32.406691],[35.486682,32.406277],[35.487047,32.405916],[35.487264,32.405763],[35.48758,32.405506],[35.488194,32.405052],[35.48867,32.40465],[35.488996,32.404385],[35.489296,32.404184],[35.48956,32.403967],[35.489956,32.403666],[35.490673,32.403163],[35.49081,32.403046],[35.491103,32.402954],[35.491504,32.40278],[35.491934,32.402623],[35.492432,32.402479],[35.492664,32.402395],[35.493443,32.402112],[35.494274,32.401813],[35.495204,32.401461],[35.496356,32.401049],[35.4968,32.40092],[35.497268,32.400855],[35.497504,32.400762],[35.497811,32.400653],[35.498213,32.400568],[35.498586,32.400495],[35.498925,32.400433],[35.499629,32.400279],[35.500158,32.400141],[35.500305,32.400133],[35.500423,32.400129],[35.500598,32.400104],[35.50081,32.400024],[35.500952,32.399995],[35.501226,32.399995],[35.501415,32.399954],[35.501524,32.399922],[35.501777,32.399867],[35.502023,32.399807],[35.502311,32.39973],[35.502599,32.399665],[35.502816,32.399612],[35.502982,32.399596],[35.503176,32.399567],[35.503327,32.399511],[35.503435,32.399455],[35.503582,32.399426],[35.503804,32.399402],[35.504017,32.399361],[35.504413,32.399256],[35.504718,32.399146],[35.504955,32.399097],[35.505233,32.39906],[35.505465,32.399024],[35.505744,32.398975],[35.50642,32.398837],[35.507005,32.398699],[35.507741,32.398527],[35.508208,32.398358],[35.508586,32.398265],[35.509082,32.398144],[35.509366,32.398099],[35.50981,32.397969],[35.510207,32.3979],[35.510991,32.397709],[35.511974,32.397511],[35.512536,32.397417],[35.513306,32.397255],[35.514128,32.397109],[35.516541,32.396356],[35.516947,32.396186],[35.517646,32.395928],[35.518127,32.395738],[35.518505,32.395631],[35.518786,32.395524],[35.518963,32.395423],[35.519229,32.395297],[35.519495,32.39524],[35.519621,32.395221],[35.519843,32.395139],[35.520205,32.394981],[35.520558,32.394883],[35.520907,32.394785],[35.521299,32.394683],[35.521498,32.394601],[35.521742,32.394538],[35.521986,32.394493],[35.522208,32.394462],[35.522504,32.394398],[35.522726,32.394354],[35.522953,32.394321],[35.523404,32.394301],[35.52407,32.394274],[35.524713,32.394247],[35.525335,32.394189],[35.526097,32.394087],[35.526666,32.393922],[35.526991,32.393808],[35.527242,32.393764],[35.527619,32.393675],[35.527753,32.393572],[35.52787,32.393432],[35.527963,32.393272],[35.528139,32.393132],[35.528437,32.392992],[35.528668,32.392932],[35.52909,32.392861],[35.52929,32.3928],[35.529631,32.39278],[35.52974,32.392786],[35.529805,32.392824],[35.530215,32.392636],[35.530375,32.392558],[35.530627,32.392443],[35.530746,32.392391],[35.530845,32.39239],[35.531124,32.39237],[35.531496,32.392285],[35.531886,32.392151],[35.532014,32.392106],[35.532212,32.392096],[35.532351,32.392061],[35.532613,32.391976],[35.532838,32.391928],[35.533035,32.391799],[35.533146,32.39172],[35.533396,32.391641],[35.533593,32.391526],[35.533744,32.391452],[35.534,32.391367],[35.53429,32.391209],[35.534453,32.391179],[35.53461,32.391104],[35.534918,32.390951],[35.535196,32.390758],[35.53536,32.390648],[35.535464,32.390579],[35.53583,32.390262],[35.536004,32.390099],[35.536155,32.389975],[35.53634,32.389807],[35.53653,32.389664],[35.53682,32.389358],[35.537023,32.389159],[35.537128,32.38911],[35.537302,32.389001],[35.537488,32.388803],[35.53783,32.38855],[35.538074,32.388328],[35.538266,32.388248],[35.538374,32.388173],[35.538484,32.388139],[35.5386,32.388115],[35.538726,32.388052],[35.538876,32.387969],[35.539011,32.387945],[35.539185,32.387887],[35.539491,32.387772],[35.539613,32.387744],[35.539736,32.387715],[35.539929,32.387678],[35.540162,32.387643],[35.540318,32.387604],[35.540465,32.387526],[35.540648,32.387403],[35.540765,32.38734],[35.540915,32.387267],[35.541163,32.387157],[35.54135,32.387115],[35.541531,32.387099],[35.541764,32.387109],[35.542039,32.387123],[35.542364,32.387156],[35.542852,32.387248],[35.543288,32.387345],[35.543623,32.387438],[35.544055,32.387548],[35.544638,32.387713],[35.545129,32.387909],[35.545664,32.388116],[35.546063,32.38832],[35.546265,32.388427],[35.546372,32.388458],[35.546523,32.388468],[35.546832,32.388462],[35.547035,32.388454],[35.547206,32.388448],[35.547326,32.388453],[35.547473,32.388489],[35.547584,32.388559],[35.547686,32.388626],[35.547781,32.388668],[35.547891,32.388686],[35.548124,32.388701],[35.548412,32.388705],[35.54862,32.388697],[35.548774,32.38867],[35.548939,32.388686],[35.549068,32.388641],[35.54924,32.388633],[35.54939,32.38864],[35.549525,32.388655],[35.54981,32.388678],[35.550068,32.388701],[35.550231,32.388773],[35.550348,32.388786],[35.550688,32.388826],[35.551047,32.388857],[35.551341,32.388853],[35.551583,32.38885],[35.551773,32.388823],[35.552003,32.388753],[35.552169,32.388661],[35.552315,32.388549],[35.552447,32.38845],[35.552499,32.388416],[35.55256,32.388392],[35.552634,32.388376],[35.552726,32.388363],[35.552793,32.388347],[35.552854,32.388319],[35.552912,32.388285],[35.552971,32.388266],[35.553061,32.388244],[35.553178,32.388238],[35.553341,32.388256],[35.553454,32.388303],[35.553608,32.388406],[35.553765,32.388536],[35.55395,32.388743],[35.554077,32.388898],[35.554181,32.389018],[35.554243,32.38904],[35.554302,32.389076],[35.55496,32.389017],[35.555083,32.389248],[35.554987,32.389475],[35.554922,32.389593],[35.555008,32.389756],[35.555024,32.389954],[35.555027,32.389983],[35.554954,32.390181],[35.554257,32.391314],[35.553774,32.391776],[35.55297,32.39203],[35.552583,32.392057],[35.552197,32.392093],[35.552036,32.392184],[35.551972,32.392274],[35.551674,32.39243],[35.551607,32.392464],[35.550652,32.392736],[35.549708,32.392981],[35.549558,32.393117],[35.549483,32.393506],[35.54974,32.394303],[35.550009,32.394911],[35.550041,32.395228],[35.549869,32.395907],[35.549483,32.396369],[35.548882,32.397003],[35.548624,32.397311],[35.548624,32.397438],[35.548796,32.397674],[35.548882,32.398009],[35.548807,32.398326],[35.548764,32.398588],[35.548034,32.399358],[35.547509,32.400165],[35.547165,32.400337],[35.546618,32.400337],[35.546404,32.400473],[35.546318,32.400581],[35.546318,32.400699],[35.546361,32.40088],[35.546833,32.401179],[35.547927,32.401533],[35.548592,32.401795],[35.549204,32.40213],[35.549687,32.402456],[35.550298,32.403263],[35.550491,32.403788],[35.550717,32.403987],[35.551071,32.404005],[35.551704,32.403897],[35.552358,32.403399],[35.552948,32.403063],[35.553195,32.402955],[35.553571,32.403009],[35.554118,32.402783],[35.554193,32.402402],[35.554236,32.40223],[35.553742,32.401288],[35.553517,32.401062],[35.553302,32.400717],[35.553292,32.400255],[35.553721,32.400011],[35.554418,32.399784],[35.554654,32.399784],[35.554997,32.399793],[35.555126,32.39982],[35.555867,32.400192],[35.556188,32.4005],[35.556886,32.400599],[35.558913,32.400609],[35.560276,32.400898],[35.560501,32.400998],[35.56063,32.401161],[35.56063,32.401433],[35.560319,32.401976],[35.5596,32.403],[35.55887,32.403951],[35.558195,32.405147],[35.55769,32.406252],[35.557658,32.406895],[35.557444,32.407402],[35.557422,32.407529],[35.557712,32.407946],[35.558634,32.408263],[35.558806,32.408299],[35.558849,32.408507],[35.55871,32.408779],[35.558409,32.408969],[35.55828,32.409323],[35.557926,32.410047],[35.557926,32.410301],[35.558077,32.410563],[35.558561,32.410802],[35.558946,32.410591],[35.559192,32.410219],[35.559375,32.410101],[35.559836,32.410156],[35.560179,32.410391],[35.560684,32.410654],[35.561134,32.410754],[35.561349,32.410917],[35.56136,32.411043],[35.56137,32.411197],[35.561327,32.411478],[35.561124,32.411741],[35.560984,32.411831],[35.560598,32.41184],[35.560373,32.412058],[35.559976,32.412375],[35.55974,32.412619],[35.559493,32.412927],[35.558667,32.413226],[35.558152,32.413734],[35.557487,32.414422],[35.556607,32.415128],[35.556553,32.415291],[35.556596,32.415445],[35.556907,32.415971],[35.557143,32.416315],[35.557551,32.416804],[35.55798,32.416894],[35.557905,32.417175],[35.558044,32.417764],[35.55812,32.418199],[35.558302,32.418353],[35.558602,32.418271],[35.558838,32.418217],[35.559064,32.418244],[35.559128,32.418389],[35.559117,32.418488],[35.558913,32.418851],[35.558484,32.41915],[35.557948,32.419467],[35.557401,32.419467],[35.556832,32.419367],[35.556231,32.418796],[35.555942,32.418651],[35.555405,32.418742],[35.554826,32.418787],[35.553914,32.418597],[35.553173,32.418498],[35.552905,32.418507],[35.552594,32.418615],[35.552369,32.418787],[35.552272,32.419077],[35.552133,32.419313],[35.551607,32.419702],[35.551511,32.419919],[35.551554,32.4202],[35.551629,32.420653],[35.551768,32.422374],[35.551875,32.422682],[35.552219,32.423225],[35.552455,32.424457],[35.552744,32.425906],[35.552927,32.426005],[35.553128,32.426012],[35.553485,32.426023],[35.554954,32.425924],[35.555909,32.425399],[35.556414,32.425236],[35.55724,32.424982],[35.558034,32.42471],[35.559267,32.424103],[35.559976,32.424049],[35.560501,32.424013],[35.561338,32.423805],[35.561885,32.423841],[35.562239,32.423931],[35.562357,32.424303],[35.562304,32.424466],[35.562036,32.424837],[35.562046,32.425127],[35.56225,32.425281],[35.562175,32.425435],[35.56196,32.425697],[35.561478,32.425869],[35.559783,32.426331],[35.558677,32.426694],[35.557969,32.42711],[35.557562,32.427409],[35.557293,32.427581],[35.556843,32.428206],[35.556864,32.428478],[35.556746,32.42865],[35.556564,32.429021],[35.555684,32.429419],[35.555437,32.429899],[35.555534,32.430533],[35.555534,32.430905],[35.55577,32.431077],[35.555974,32.431058],[35.556135,32.430868],[35.556392,32.430859],[35.556489,32.431267],[35.5565,32.432525],[35.556639,32.433078],[35.556907,32.43353],[35.556993,32.434345],[35.557304,32.435251],[35.557798,32.435559],[35.558023,32.435803],[35.558087,32.436211],[35.558399,32.43622],[35.558634,32.436175],[35.558699,32.435803],[35.559375,32.435106],[35.560555,32.434291],[35.560612,32.434077],[35.560673,32.433847],[35.561628,32.433739],[35.562787,32.433757],[35.563559,32.43401],[35.5646,32.43468],[35.565458,32.435351],[35.565823,32.435785],[35.566113,32.436247],[35.566059,32.436682],[35.565898,32.437243],[35.56622,32.437777],[35.566595,32.438031],[35.566971,32.438357],[35.567668,32.439498],[35.568269,32.440775],[35.568333,32.441291],[35.568205,32.441544],[35.567979,32.441843],[35.567561,32.442232],[35.567067,32.442323],[35.566874,32.442241],[35.56578,32.441363],[35.565576,32.441336],[35.56534,32.441336],[35.5649,32.441363],[35.564782,32.441825],[35.564825,32.442187],[35.565125,32.442341],[35.565673,32.442495],[35.566048,32.443228],[35.566939,32.444641],[35.567142,32.445193],[35.567099,32.446415],[35.566821,32.44656],[35.566499,32.44675],[35.566306,32.447248],[35.566263,32.447927],[35.566488,32.448778],[35.566628,32.449557],[35.566971,32.450182],[35.566788,32.450888],[35.56667,32.451947],[35.566402,32.452762],[35.566424,32.452943],[35.566552,32.453133],[35.567808,32.453377],[35.568473,32.453468],[35.569181,32.453278],[35.5699,32.453178],[35.570393,32.453106],[35.570704,32.453278],[35.570844,32.454066],[35.571005,32.454355],[35.571058,32.455396],[35.571112,32.455596],[35.57196,32.456664],[35.572357,32.457325],[35.572829,32.457433],[35.573118,32.45756],[35.573676,32.458547],[35.573848,32.458746],[35.573848,32.459172],[35.573226,32.459271],[35.572861,32.459416],[35.572335,32.459515],[35.571618,32.459853],[35.571337,32.460004],[35.570898,32.460557],[35.570994,32.460864],[35.571101,32.4609],[35.571455,32.460919],[35.571595,32.461036],[35.571488,32.461235],[35.570855,32.46167],[35.570522,32.461905],[35.570265,32.461905],[35.570232,32.461679],[35.569975,32.46119],[35.569771,32.461145],[35.569471,32.461254],[35.569202,32.46158],[35.56888,32.461969],[35.568312,32.462105],[35.567754,32.462077],[35.567593,32.461969],[35.567582,32.461353],[35.567539,32.46119],[35.567411,32.461036],[35.566767,32.460864],[35.566477,32.461009],[35.56637,32.461145],[35.566273,32.461715],[35.566134,32.461815],[35.565791,32.461806],[35.56505,32.461625],[35.564332,32.461724],[35.563913,32.461923],[35.562722,32.462983],[35.562379,32.463481],[35.562068,32.46444],[35.561993,32.464956],[35.5621,32.465128],[35.562357,32.465191],[35.56298,32.465146],[35.563548,32.465173],[35.563763,32.465309],[35.563838,32.465608],[35.563666,32.46606],[35.563452,32.46625],[35.563323,32.466368],[35.563119,32.466413],[35.562626,32.466395],[35.562508,32.466703],[35.562658,32.467137],[35.562872,32.467427],[35.562829,32.467663],[35.562937,32.467925],[35.563087,32.468124],[35.562851,32.468504],[35.56299,32.468604],[35.563441,32.468866],[35.563774,32.468595],[35.56401,32.468278],[35.564567,32.467744],[35.564879,32.467554],[35.565297,32.467536],[35.565801,32.467572],[35.566037,32.467681],[35.566413,32.468314],[35.566767,32.468984],[35.567282,32.469428],[35.567497,32.469572],[35.567389,32.470052],[35.567207,32.470297],[35.567271,32.470677],[35.567582,32.471066],[35.567464,32.471247],[35.567293,32.471464],[35.567024,32.471564],[35.566745,32.4716],[35.566638,32.471455],[35.566348,32.471283],[35.56578,32.471238],[35.564761,32.471138],[35.564514,32.471247],[35.564417,32.471645],[35.564471,32.472668],[35.56445,32.473492],[35.564507,32.474092],[35.564525,32.474279],[35.564632,32.474415],[35.565286,32.475058],[35.565919,32.475067],[35.566745,32.47532],[35.567636,32.475338],[35.568387,32.475456],[35.568634,32.475637],[35.56873,32.475935],[35.569202,32.476406],[35.56946,32.476569],[35.56976,32.476913],[35.569878,32.477203],[35.569793,32.477836],[35.569546,32.47837],[35.569235,32.478741],[35.56917,32.479103],[35.56888,32.479266],[35.567818,32.479674],[35.567593,32.479637],[35.567228,32.479637],[35.566896,32.4798],[35.566188,32.480389],[35.565909,32.480588],[35.565748,32.480606],[35.56549,32.480732],[35.565374,32.480964],[35.565738,32.481444],[35.567855,32.482012],[35.569973,32.482706],[35.573489,32.483783],[35.575541,32.484552],[35.575487,32.485122],[35.576302,32.485775],[35.576963,32.485974],[35.577263,32.486277],[35.577102,32.486682],[35.577055,32.486983],[35.577274,32.487261],[35.578339,32.487668],[35.578843,32.48757],[35.579158,32.487349],[35.579755,32.487306],[35.579907,32.487295],[35.580175,32.487406],[35.580181,32.488178],[35.57843,32.491222],[35.577853,32.493387],[35.577131,32.495085],[35.576241,32.496416],[35.575118,32.497213],[35.574794,32.497377],[35.574055,32.497749],[35.571796,32.498403],[35.570487,32.499683],[35.570034,32.499809],[35.568673,32.499109],[35.567925,32.498033],[35.567401,32.497878],[35.566921,32.498029],[35.56634,32.498212],[35.566035,32.498441],[35.565785,32.499373],[35.565114,32.500925],[35.56441,32.501617],[35.563354,32.501919],[35.562617,32.502089],[35.560305,32.501918],[35.55979,32.501661],[35.559104,32.501602],[35.558323,32.502054],[35.557838,32.502855],[35.557774,32.503483],[35.557826,32.50372],[35.558047,32.503839],[35.558703,32.503971],[35.559005,32.504133],[35.559708,32.504235],[35.560574,32.504089],[35.561225,32.504184],[35.561686,32.504419],[35.562149,32.504746],[35.562791,32.505453],[35.562949,32.5062],[35.563412,32.506362],[35.563921,32.506471],[35.564545,32.506999],[35.564597,32.507531],[35.564267,32.508494],[35.563589,32.50946],[35.563433,32.509825],[35.563097,32.510611],[35.563031,32.511406],[35.562808,32.511954],[35.562822,32.512339],[35.563027,32.51239],[35.563073,32.512516],[35.563031,32.512915],[35.562864,32.513198],[35.56288,32.514052],[35.562395,32.514601],[35.562103,32.514694],[35.561751,32.514302],[35.56136,32.513946],[35.561229,32.513632],[35.561508,32.512599],[35.561155,32.511633],[35.561103,32.510109],[35.56135,32.50979],[35.561517,32.509585],[35.561513,32.508912],[35.561699,32.508777],[35.561736,32.508545],[35.561476,32.508182],[35.560983,32.507872],[35.560389,32.507389],[35.55992,32.507339],[35.559511,32.507621],[35.559422,32.508106],[35.559483,32.508359],[35.559883,32.508643],[35.56036,32.508843],[35.560538,32.5092],[35.560329,32.50953],[35.559442,32.510208],[35.558583,32.510287],[35.558262,32.510342],[35.557997,32.510509],[35.557997,32.510909],[35.557956,32.51116],[35.557719,32.511211],[35.557593,32.511327],[35.55777,32.511656],[35.557584,32.511903],[35.557412,32.511954],[35.556781,32.511954],[35.556497,32.51213],[35.555717,32.512506],[35.555251,32.512943],[35.554923,32.513078],[35.554409,32.513477],[35.554134,32.513245],[35.553836,32.513189],[35.553126,32.513964],[35.55307,32.514241],[35.552726,32.514463],[35.552657,32.514508],[35.552513,32.514749],[35.552709,32.515055],[35.554495,32.516038],[35.555118,32.516542],[35.555661,32.517085],[35.555808,32.517646],[35.555569,32.518647],[35.555712,32.519105],[35.555503,32.519216],[35.554552,32.519821],[35.554472,32.520073],[35.555405,32.521294],[35.555736,32.521404],[35.556418,32.521178],[35.558507,32.521369],[35.559498,32.521066],[35.561521,32.520641],[35.563438,32.520953],[35.564753,32.521375],[35.56556,32.522556],[35.566403,32.524086],[35.56705,32.525159],[35.567283,32.526618],[35.567175,32.527345],[35.566447,32.527272],[35.566387,32.526956],[35.566699,32.526546],[35.564434,32.526669],[35.56401,32.528167],[35.563324,32.529977],[35.562208,32.530772],[35.560405,32.530917],[35.559891,32.531279],[35.559891,32.532726],[35.560234,32.533956],[35.560749,32.534752],[35.560405,32.536055],[35.560405,32.537357],[35.56092,32.538443],[35.56238,32.539094],[35.563495,32.540179],[35.563238,32.541699],[35.561779,32.542712],[35.561178,32.543725],[35.561435,32.544882],[35.562723,32.545316],[35.564182,32.544955],[35.565298,32.543797],[35.565384,32.542205],[35.565298,32.540758],[35.565813,32.539528],[35.567529,32.538949],[35.569418,32.538877],[35.570791,32.540035],[35.571048,32.541482],[35.570705,32.542856],[35.570448,32.544376],[35.571478,32.545678],[35.572078,32.546691],[35.571306,32.548428],[35.570362,32.549296],[35.569504,32.548862],[35.568731,32.549368],[35.568818,32.550066],[35.568903,32.550743],[35.569418,32.551973],[35.570877,32.552262],[35.571735,32.551828],[35.571306,32.550815],[35.571993,32.549585],[35.573452,32.549296],[35.575254,32.550598],[35.576198,32.551539],[35.576759,32.552326],[35.576971,32.552624],[35.576799,32.553926],[35.576284,32.555084],[35.576713,32.556313],[35.576885,32.557181],[35.576027,32.558267],[35.575254,32.559569],[35.574138,32.560364],[35.573023,32.561377],[35.572078,32.562824],[35.570877,32.564199],[35.570448,32.565428],[35.570963,32.566586],[35.572336,32.566803],[35.573538,32.566296],[35.57431,32.565573],[35.575512,32.565935],[35.576198,32.567309],[35.576885,32.568539],[35.576456,32.570781],[35.576799,32.572589],[35.576971,32.574108],[35.577057,32.575772],[35.577142,32.57758],[35.577486,32.579099],[35.578001,32.580328],[35.577657,32.581268],[35.577142,32.582426],[35.576152,32.584775],[35.575818,32.585743],[35.576054,32.588182],[35.576648,32.589985],[35.576598,32.591499],[35.577294,32.592959],[35.577378,32.595109],[35.578098,32.596136],[35.578108,32.597024],[35.577299,32.597763],[35.576635,32.598057],[35.575347,32.598107],[35.574186,32.598171],[35.573457,32.597915],[35.572714,32.597982],[35.571959,32.598213],[35.570977,32.597919],[35.569603,32.596821],[35.569457,32.59636],[35.569146,32.596039],[35.568469,32.595979],[35.567787,32.596238],[35.56718,32.596553],[35.567182,32.597245],[35.567319,32.597774],[35.567021,32.598711],[35.5671,32.600288],[35.566401,32.601197],[35.56636,32.603244],[35.566654,32.604046],[35.567433,32.604353],[35.568275,32.604381],[35.570617,32.605143],[35.571907,32.605421],[35.572508,32.606144],[35.572937,32.607952],[35.572937,32.610265],[35.572765,32.612651],[35.572765,32.613736],[35.571907,32.615037],[35.569847,32.617712],[35.568388,32.620893],[35.567529,32.622194],[35.566414,32.622628],[35.565384,32.623712],[35.564432,32.624812],[35.563834,32.624991],[35.562867,32.624665],[35.562164,32.624522],[35.561728,32.624551],[35.561526,32.624737],[35.56141,32.625164],[35.561521,32.625686],[35.561742,32.626059],[35.562346,32.626766],[35.562513,32.627382],[35.56268,32.628],[35.563466,32.629129],[35.564123,32.629429],[35.564536,32.629188],[35.565383,32.629193],[35.566097,32.629482],[35.56666,32.630022],[35.566898,32.63098],[35.56749,32.632125],[35.567928,32.63288],[35.567724,32.634107],[35.567239,32.634541],[35.566888,32.634832],[35.565992,32.635005],[35.564783,32.635422],[35.564435,32.635678],[35.561779,32.636434],[35.561178,32.637302],[35.561779,32.638313],[35.56341,32.638675],[35.565641,32.638819],[35.567186,32.639325],[35.567958,32.640698],[35.56813,32.642361],[35.567873,32.643517],[35.566843,32.64424],[35.564783,32.644168],[35.562809,32.644457],[35.561521,32.644963],[35.561264,32.645902],[35.562637,32.647058],[35.564033,32.647777],[35.571154,32.647181],[35.571871,32.646808],[35.573759,32.645508],[35.574446,32.644785],[35.573931,32.643629],[35.574431,32.642997],[35.574617,32.642761],[35.576334,32.642472],[35.577707,32.643195],[35.57805,32.644496],[35.578737,32.645508],[35.579939,32.646519],[35.581312,32.647531],[35.581655,32.647098],[35.580969,32.64623],[35.580454,32.645363],[35.581827,32.644785],[35.583544,32.64464],[35.584917,32.644062],[35.585775,32.643484],[35.58732,32.643484],[35.58835,32.644207],[35.59041,32.645219],[35.59144,32.646519],[35.591097,32.64782],[35.589723,32.648398],[35.588522,32.649121],[35.588865,32.649988],[35.588178,32.651434],[35.58938,32.651867],[35.591426,32.651578],[35.593658,32.653024],[35.595732,32.653168],[35.598465,32.651289],[35.601225,32.652012],[35.603271,32.651723],[35.605344,32.651723],[35.606361,32.652879],[35.607048,32.655481],[35.60689,32.658805],[35.606546,32.660105],[35.605001,32.661406],[35.602941,32.66314],[35.600195,32.664585],[35.598821,32.665886],[35.597105,32.66762],[35.598478,32.670221],[35.599508,32.669499],[35.601225,32.669932],[35.603113,32.670366],[35.605001,32.67051],[35.604658,32.672533],[35.605516,32.67499],[35.607233,32.675423],[35.608778,32.676723],[35.610298,32.678304],[35.613413,32.680047],[35.615988,32.680914],[35.621309,32.680047],[35.622511,32.679324],[35.624056,32.678313],[35.625429,32.678602],[35.627832,32.68048],[35.629034,32.681636],[35.630168,32.682263],[35.631338,32.683067],[35.63157,32.68374],[35.631852,32.684407],[35.632649,32.684869],[35.633756,32.685679],[35.635214,32.686548],[35.637109,32.684852],[35.639238,32.683107],[35.641305,32.681508],[35.643495,32.678097],[35.644843,32.677723],[35.64656,32.678243],[35.648529,32.679761],[35.64978,32.680682],[35.650633,32.681224],[35.651795,32.682153],[35.653301,32.683858],[35.654488,32.684578],[35.655038,32.684836],[35.655935,32.685196],[35.656869,32.685313],[35.657713,32.685176],[35.658949,32.684867],[35.659523,32.683939],[35.659947,32.682957],[35.66139,32.680683],[35.663584,32.679995],[35.665447,32.680637],[35.666011,32.681092],[35.667905,32.682833],[35.668665,32.683671],[35.669215,32.684111],[35.671222,32.684871],[35.673221,32.684409],[35.674714,32.684817],[35.675225,32.685411],[35.675085,32.686199],[35.673012,32.689397],[35.671903,32.691556],[35.671098,32.693047],[35.671488,32.694268],[35.676663,32.698996],[35.677648,32.702463],[35.67586,32.704434],[35.676225,32.705858],[35.681663,32.706588],[35.687138,32.708923],[35.691628,32.708522],[35.700138,32.712438],[35.700364,32.712542],[35.701906,32.714762],[35.702806,32.715926],[35.70366,32.715658],[35.706975,32.714855],[35.71179,32.718765],[35.71555,32.716055],[35.717419,32.716476],[35.718517,32.719606],[35.718715,32.722113],[35.719352,32.722709],[35.72122,32.721395],[35.723029,32.721076],[35.724307,32.722068],[35.724894,32.725586],[35.726443,32.726975],[35.72771,32.72667],[35.728819,32.725866],[35.729543,32.72332],[35.731373,32.723469],[35.733006,32.724126],[35.73426,32.726245],[35.737454,32.732663],[35.741305,32.730753],[35.745186,32.730902],[35.74835,32.73338],[35.750768,32.736305],[35.752073,32.737558],[35.75359,32.739815],[35.753135,32.741457],[35.754414,32.743033],[35.755629,32.744949],[35.756483,32.74509],[35.782556,32.774326],[35.794834,32.78193],[35.800314,32.782276],[35.816707,32.806071],[35.832707,32.823225],[35.83665,32.827279],[35.837677,32.828166],[35.845668,32.853098],[35.84438,32.870215],[35.851117,32.889809],[35.861455,32.907827],[35.872915,32.923363],[35.879808,32.926548],[35.895023,32.944877],[35.885784,32.960042],[35.879447,32.96869],[35.871323,32.981419],[35.870395,32.991446],[35.866065,33.016879],[35.864356,33.02193],[35.863747,33.030408],[35.858337,33.060783],[35.855778,33.071535],[35.853336,33.083282],[35.850451,33.102351],[35.836375,33.105227],[35.824187,33.110116],[35.816977,33.112991],[35.817492,33.120324],[35.818007,33.127369],[35.824359,33.138437],[35.83689,33.156259],[35.844443,33.167612],[35.841353,33.178532],[35.837681,33.193058],[35.817157,33.203111],[35.816035,33.217047],[35.815312,33.234486],[35.815062,33.244961],[35.810117,33.251272],[35.802683,33.255783],[35.783988,33.265884],[35.777406,33.276731],[35.788115,33.291181],[35.806422,33.309552],[35.813197,33.31696],[35.78804,33.329461],[35.773335,33.335632]]]}},{"type":"Feature","properties":{"NAME_EN":"Palestine"},"geometry":{"type":"MultiPolygon","coordinates":[[[[34.514079,31.504153],[34.514169,31.504153],[34.514169,31.504243],[34.514199,31.504302],[34.514347,31.504377],[34.51396,31.504572],[34.513899,31.504692],[34.513809,31.504817],[34.51372,31.504692],[34.513577,31.504655],[34.513503,31.504508],[34.513899,31.504243],[34.513966,31.504021],[34.514079,31.504153]]],[[[34.526944,31.570278],[34.524146,31.572176],[34.521748,31.574025],[34.518486,31.575976],[34.516003,31.577758],[34.513205,31.579929],[34.510571,31.581776],[34.507733,31.58369],[34.504949,31.585583],[34.502071,31.587437],[34.499348,31.589314],[34.496572,31.59125],[34.493813,31.593182],[34.491248,31.594987],[34.491304,31.595064],[34.491905,31.595852],[34.491663,31.595649],[34.491349,31.595212],[34.49122,31.594924],[34.491124,31.594841],[34.490957,31.594468],[34.490737,31.594074],[34.490585,31.593943],[34.49019,31.593259],[34.490046,31.593134],[34.489603,31.592499],[34.489417,31.592416],[34.48914,31.591935],[34.488919,31.591745],[34.488525,31.591061],[34.488353,31.590913],[34.488062,31.590408],[34.48789,31.59026],[34.487524,31.5896],[34.487351,31.589451],[34.486908,31.588726],[34.486788,31.588622],[34.486442,31.58807],[34.486176,31.587841],[34.485927,31.587551],[34.485734,31.587385],[34.485571,31.587196],[34.485291,31.586749],[34.485114,31.586597],[34.485022,31.58639],[34.484789,31.585972],[34.484656,31.585858],[34.484261,31.585174],[34.484068,31.585008],[34.483674,31.584324],[34.483578,31.584241],[34.483135,31.583426],[34.482942,31.583259],[34.482596,31.582707],[34.482307,31.582458],[34.482057,31.582168],[34.481888,31.582022],[34.481542,31.58147],[34.481325,31.581283],[34.481076,31.580994],[34.480883,31.580827],[34.480633,31.580538],[34.480211,31.580174],[34.479901,31.579743],[34.479625,31.57939],[34.479362,31.579024],[34.479086,31.578671],[34.478823,31.578215],[34.478457,31.577773],[34.478194,31.577317],[34.47805,31.577192],[34.477915,31.576745],[34.477649,31.576515],[34.477341,31.576024],[34.47693,31.575527],[34.476644,31.575129],[34.476481,31.574988],[34.476135,31.574436],[34.475918,31.574249],[34.475572,31.573697],[34.475403,31.573551],[34.475112,31.573046],[34.474864,31.572832],[34.474454,31.572122],[34.474198,31.572007],[34.473883,31.571568],[34.473786,31.571485],[34.473744,31.571347],[34.473637,31.571272],[34.473348,31.570844],[34.473242,31.570771],[34.473026,31.570448],[34.472081,31.569866],[34.471994,31.569324],[34.471743,31.568712],[34.471553,31.568535],[34.4712,31.567989],[34.470943,31.567751],[34.470647,31.567348],[34.470461,31.567175],[34.470288,31.566809],[34.470181,31.566606],[34.470015,31.566453],[34.469569,31.56582],[34.469405,31.565668],[34.46903,31.565192],[34.468937,31.565105],[34.468491,31.564473],[34.468314,31.564308],[34.467979,31.563599],[34.467812,31.563445],[34.467546,31.562992],[34.467465,31.562894],[34.467171,31.56265],[34.466877,31.562135],[34.466778,31.562053],[34.466473,31.561349],[34.466239,31.561155],[34.466199,31.561016],[34.465708,31.560609],[34.465252,31.560436],[34.465169,31.560339],[34.465072,31.560256],[34.464989,31.56007],[34.464839,31.559801],[34.46434,31.559371],[34.464091,31.559081],[34.463801,31.558832],[34.46351,31.558494],[34.463366,31.558369],[34.463073,31.557962],[34.462965,31.557603],[34.462785,31.557603],[34.462785,31.557513],[34.462695,31.557513],[34.462695,31.557423],[34.462461,31.556992],[34.46225,31.55681],[34.462018,31.556483],[34.461845,31.556207],[34.461749,31.556124],[34.461403,31.555571],[34.461064,31.555279],[34.46084,31.554922],[34.460622,31.554735],[34.460228,31.554051],[34.460132,31.553968],[34.459737,31.553284],[34.459544,31.553118],[34.45942,31.552973],[34.459323,31.55289],[34.459198,31.552745],[34.458903,31.55249],[34.458611,31.551985],[34.458382,31.551787],[34.458072,31.551356],[34.457976,31.551273],[34.457582,31.550589],[34.457286,31.550334],[34.456994,31.549829],[34.456898,31.549746],[34.456492,31.549041],[34.455952,31.548619],[34.455212,31.548338],[34.454881,31.547877],[34.454628,31.547659],[34.454282,31.547107],[34.45379,31.546682],[34.453596,31.546249],[34.453484,31.546152],[34.453173,31.545655],[34.452634,31.545385],[34.452586,31.545344],[34.452503,31.545068],[34.452406,31.544985],[34.452037,31.544395],[34.451618,31.544133],[34.451506,31.54388],[34.451328,31.543727],[34.451079,31.543437],[34.450789,31.543188],[34.450498,31.54285],[34.450016,31.542434],[34.449766,31.542145],[34.449573,31.541978],[34.449324,31.541689],[34.449082,31.541481],[34.448833,31.541192],[34.448399,31.540817],[34.448108,31.54048],[34.447848,31.540256],[34.447539,31.539825],[34.447376,31.539684],[34.447126,31.539395],[34.446837,31.539145],[34.446394,31.5386],[34.446249,31.538475],[34.446083,31.538282],[34.445938,31.538157],[34.445855,31.538061],[34.445637,31.537873],[34.445226,31.537342],[34.445033,31.537176],[34.444784,31.536886],[34.444494,31.536637],[34.444245,31.536347],[34.444052,31.536181],[34.443889,31.535992],[34.443609,31.535546],[34.443416,31.535379],[34.443167,31.53509],[34.44295,31.534903],[34.442604,31.534351],[34.442378,31.534156],[34.441903,31.533569],[34.441806,31.533486],[34.441436,31.533056],[34.440638,31.532767],[34.43985,31.532115],[34.439657,31.531683],[34.43956,31.5316],[34.439308,31.531033],[34.438259,31.530155],[34.43795,31.529796],[34.437853,31.529713],[34.437411,31.529078],[34.436775,31.528635],[34.436652,31.528492],[34.43643,31.527993],[34.435847,31.527491],[34.435566,31.527329],[34.435476,31.527329],[34.435476,31.527239],[34.43516,31.527151],[34.434629,31.526919],[34.434348,31.526841],[34.43409,31.52674],[34.433809,31.526661],[34.43373,31.526417],[34.434308,31.525982],[34.434254,31.525448],[34.433894,31.525138],[34.433605,31.524802],[34.433002,31.52433],[34.432781,31.524313],[34.432597,31.524328],[34.43225,31.524223],[34.431798,31.523699],[34.430932,31.523629],[34.430397,31.523867],[34.430127,31.524018],[34.429637,31.524058],[34.429264,31.524028],[34.428914,31.524223],[34.42872,31.524239],[34.428677,31.5237],[34.42881,31.523585],[34.429146,31.523155],[34.429278,31.522928],[34.42932,31.52288],[34.429513,31.522708],[34.42941,31.522616],[34.429156,31.522062],[34.428871,31.521807],[34.428563,31.521323],[34.428242,31.520909],[34.427798,31.520275],[34.427656,31.520148],[34.427259,31.519466],[34.427164,31.519382],[34.42672,31.518748],[34.42653,31.518578],[34.426276,31.518294],[34.426086,31.518124],[34.425642,31.51749],[34.425469,31.517336],[34.425181,31.516841],[34.425008,31.516687],[34.424721,31.516193],[34.424469,31.515968],[34.424025,31.515334],[34.42386,31.515187],[34.423556,31.514768],[34.423391,31.514621],[34.422882,31.513919],[34.422622,31.513687],[34.422318,31.513268],[34.422083,31.513058],[34.421779,31.512639],[34.42159,31.51247],[34.421335,31.512185],[34.421146,31.512016],[34.420842,31.511597],[34.420607,31.511387],[34.420303,31.510968],[34.420068,31.510758],[34.419606,31.510098],[34.419439,31.509949],[34.418995,31.509315],[34.4189,31.509321],[34.418521,31.508835],[34.418291,31.508629],[34.417987,31.50821],[34.417757,31.508005],[34.417378,31.507519],[34.41717,31.507333],[34.416474,31.506536],[34.41621,31.506171],[34.41602,31.506002],[34.415766,31.505717],[34.415576,31.505548],[34.415197,31.505062],[34.414972,31.504861],[34.414593,31.504375],[34.414433,31.504232],[34.414054,31.503746],[34.413864,31.503576],[34.413567,31.503244],[34.41333,31.503032],[34.413076,31.502748],[34.412726,31.502435],[34.412347,31.501949],[34.41211,31.501737],[34.411856,31.501453],[34.411524,31.501156],[34.411227,31.500824],[34.411084,31.500697],[34.410706,31.500211],[34.410545,31.500068],[34.410101,31.499434],[34.409866,31.499224],[34.409562,31.498805],[34.409373,31.498636],[34.409023,31.498087],[34.408834,31.497917],[34.408511,31.497556],[34.407645,31.496826],[34.407364,31.496512],[34.407127,31.4963],[34.406873,31.496015],[34.406635,31.495803],[34.406303,31.495432],[34.405515,31.494768],[34.405473,31.494631],[34.405383,31.494631],[34.405383,31.494541],[34.405293,31.494541],[34.405293,31.494451],[34.405203,31.494451],[34.405203,31.494361],[34.405071,31.494309],[34.404974,31.494324],[34.404699,31.493967],[34.404141,31.493537],[34.403906,31.493232],[34.403722,31.49309],[34.403676,31.492924],[34.403586,31.492924],[34.403586,31.492834],[34.403496,31.492834],[34.403496,31.492744],[34.403266,31.492615],[34.403031,31.492311],[34.402674,31.492035],[34.402252,31.491477],[34.402047,31.491318],[34.401969,31.491217],[34.401508,31.490862],[34.401192,31.490431],[34.400978,31.490232],[34.400643,31.489871],[34.399317,31.488748],[34.399058,31.488469],[34.398685,31.488123],[34.398383,31.487797],[34.398103,31.487537],[34.397844,31.487258],[34.397564,31.486998],[34.397305,31.486719],[34.397018,31.486453],[34.39605,31.485381],[34.395764,31.485115],[34.395505,31.484836],[34.395365,31.484706],[34.394919,31.484074],[34.394826,31.483987],[34.39438,31.483355],[34.394212,31.483199],[34.393916,31.482795],[34.393655,31.482553],[34.393352,31.482227],[34.393119,31.482011],[34.392673,31.481469],[34.39244,31.481253],[34.392181,31.480973],[34.391948,31.480757],[34.391645,31.48043],[34.391412,31.480214],[34.391369,31.480078],[34.391279,31.480078],[34.391279,31.479988],[34.391102,31.479943],[34.390973,31.479755],[34.390707,31.479572],[34.390487,31.479253],[34.390196,31.479052],[34.390022,31.47873],[34.389932,31.47873],[34.389932,31.478641],[34.389902,31.478581],[34.389722,31.47849],[34.389572,31.478191],[34.389113,31.477846],[34.388807,31.47745],[34.388764,31.477293],[34.388584,31.477293],[34.388584,31.477203],[34.388405,31.476934],[34.388096,31.476841],[34.387644,31.476257],[34.387403,31.476049],[34.387112,31.475711],[34.386871,31.475503],[34.386621,31.475214],[34.38638,31.475006],[34.386131,31.474716],[34.385841,31.474467],[34.385399,31.473921],[34.385109,31.473672],[34.384818,31.473334],[34.384577,31.473126],[34.384327,31.472836],[34.384086,31.472629],[34.383837,31.472339],[34.383547,31.47209],[34.383298,31.4718],[34.383056,31.471592],[34.382524,31.470957],[34.382283,31.470749],[34.382033,31.470459],[34.381743,31.470209],[34.381519,31.469852],[34.381349,31.469706],[34.3811,31.469416],[34.380714,31.469084],[34.380423,31.468746],[34.380133,31.468496],[34.379884,31.468207],[34.37957,31.467936],[34.379224,31.467384],[34.378971,31.467166],[34.378661,31.466735],[34.378492,31.466589],[34.378164,31.466064],[34.377936,31.465933],[34.377493,31.465387],[34.37697,31.464936],[34.376858,31.464945],[34.376136,31.464326],[34.375883,31.464033],[34.375624,31.463809],[34.375314,31.463378],[34.375055,31.463155],[34.37493,31.46301],[34.374522,31.462699],[34.373993,31.462261],[34.373734,31.46196],[34.373383,31.461658],[34.373002,31.461165],[34.372843,31.461028],[34.372504,31.460584],[34.371915,31.460275],[34.371836,31.460175],[34.371586,31.459976],[34.371346,31.459676],[34.371147,31.459516],[34.370668,31.458918],[34.370418,31.458718],[34.370179,31.458419],[34.370029,31.458299],[34.369989,31.458249],[34.369899,31.458249],[34.369899,31.458159],[34.369809,31.458159],[34.369809,31.457979],[34.369487,31.457763],[34.36945,31.45762],[34.36936,31.45762],[34.36936,31.45753],[34.36927,31.45753],[34.36927,31.45744],[34.369164,31.457367],[34.369054,31.457208],[34.368788,31.457024],[34.368532,31.456652],[34.368319,31.456505],[34.368192,31.456273],[34.368103,31.456273],[34.368103,31.456183],[34.367996,31.456109],[34.367886,31.45595],[34.367567,31.45573],[34.367384,31.455464],[34.367204,31.455464],[34.367204,31.455284],[34.366078,31.454345],[34.365826,31.454052],[34.36491,31.453267],[34.364529,31.452773],[34.364323,31.452596],[34.363989,31.452209],[34.363682,31.452072],[34.36332,31.451652],[34.363114,31.45156],[34.362827,31.451161],[34.362664,31.451021],[34.362283,31.450528],[34.362065,31.450339],[34.361683,31.449846],[34.36136,31.449568],[34.361186,31.449266],[34.361096,31.449266],[34.361096,31.449176],[34.360924,31.449124],[34.360612,31.448762],[34.360226,31.448429],[34.359976,31.448139],[34.359185,31.447461],[34.358875,31.447029],[34.358651,31.446836],[34.358269,31.446343],[34.3581,31.446197],[34.357876,31.44584],[34.357634,31.445631],[34.357158,31.445044],[34.35686,31.444787],[34.356611,31.444498],[34.356297,31.444227],[34.356245,31.444055],[34.355729,31.443709],[34.355526,31.443337],[34.355321,31.443275],[34.354904,31.442791],[34.354501,31.442444],[34.354317,31.442031],[34.35422,31.441948],[34.353859,31.441528],[34.353591,31.441409],[34.353057,31.440966],[34.352829,31.440602],[34.35232,31.440164],[34.352071,31.439875],[34.351908,31.439735],[34.351598,31.439303],[34.351436,31.439163],[34.351145,31.438825],[34.350746,31.438482],[34.350364,31.437988],[34.350207,31.437853],[34.349825,31.43736],[34.349729,31.437277],[34.349687,31.437138],[34.349597,31.437138],[34.349597,31.437049],[34.349507,31.437049],[34.349507,31.436959],[34.349418,31.436779],[34.349328,31.436779],[34.349328,31.436689],[34.349113,31.436634],[34.349058,31.43642],[34.348509,31.435981],[34.34835,31.435781],[34.34825,31.435701],[34.348022,31.43557],[34.347252,31.434911],[34.346999,31.434616],[34.346721,31.434377],[34.346412,31.433946],[34.34617,31.433738],[34.34592,31.433448],[34.345147,31.432785],[34.344959,31.432566],[34.344746,31.432198],[34.344517,31.432158],[34.343968,31.431719],[34.343688,31.431369],[34.343389,31.43113],[34.343149,31.43083],[34.34285,31.430591],[34.34261,31.430291],[34.342306,31.430048],[34.341887,31.429497],[34.341682,31.429333],[34.341443,31.429034],[34.341193,31.428834],[34.341153,31.428694],[34.341063,31.428694],[34.341063,31.428604],[34.340974,31.428604],[34.340974,31.428515],[34.340496,31.428194],[34.340235,31.427816],[34.339941,31.427613],[34.339896,31.427437],[34.339801,31.427352],[34.339622,31.427152],[34.338756,31.426423],[34.338416,31.426042],[34.338179,31.42583],[34.337924,31.425545],[34.337687,31.425333],[34.337433,31.425049],[34.337101,31.424752],[34.336804,31.42442],[34.336549,31.424192],[34.33617,31.423706],[34.335824,31.423397],[34.334999,31.422799],[34.334241,31.422176],[34.333797,31.421894],[34.333338,31.421238],[34.332642,31.421147],[34.332199,31.420441],[34.331435,31.419801],[34.33105,31.419304],[34.330719,31.419018],[34.330325,31.418771],[34.329991,31.418534],[34.329132,31.418223],[34.327991,31.417246],[34.327608,31.416751],[34.327354,31.416532],[34.327229,31.416387],[34.327128,31.416309],[34.32701,31.416157],[34.326856,31.416038],[34.326434,31.415479],[34.326198,31.415296],[34.326151,31.41513],[34.326032,31.415069],[34.325972,31.41495],[34.325745,31.414817],[34.325395,31.414439],[34.323947,31.413212],[34.323726,31.412974],[34.323408,31.412842],[34.322164,31.411809],[34.321929,31.411536],[34.321839,31.411536],[34.321839,31.411447],[34.32166,31.411447],[34.32166,31.411357],[34.32148,31.411267],[34.320964,31.410921],[34.320761,31.410548],[34.320629,31.410496],[34.320533,31.410511],[34.320093,31.410138],[34.319812,31.40997],[34.319363,31.409637],[34.319234,31.40947],[34.319144,31.40947],[34.319144,31.40938],[34.318824,31.409162],[34.318516,31.408752],[34.318195,31.408623],[34.317937,31.408431],[34.317656,31.408263],[34.317303,31.408001],[34.317219,31.407892],[34.316997,31.407721],[34.316719,31.407314],[34.31648,31.407194],[34.31615,31.406895],[34.315888,31.40682],[34.315731,31.406506],[34.31551,31.406368],[34.315323,31.406285],[34.315024,31.406072],[34.314654,31.405907],[34.31439,31.405601],[34.314245,31.405476],[34.313766,31.404885],[34.312988,31.404233],[34.312732,31.403936],[34.312472,31.403712],[34.312133,31.40324],[34.311239,31.402491],[34.311149,31.402194],[34.310827,31.401978],[34.3107,31.401745],[34.310481,31.401604],[34.310021,31.401346],[34.309619,31.401049],[34.309376,31.400734],[34.309122,31.400538],[34.308904,31.400218],[34.308814,31.400218],[34.308814,31.400128],[34.308388,31.399842],[34.308275,31.399679],[34.308185,31.399679],[34.308185,31.399589],[34.307766,31.399379],[34.307526,31.39917],[34.307317,31.39911],[34.307287,31.39905],[34.306973,31.398914],[34.306795,31.398918],[34.306459,31.398745],[34.305348,31.398646],[34.30498,31.398456],[34.304447,31.398467],[34.304066,31.398664],[34.303829,31.398595],[34.304177,31.398081],[34.303718,31.39764],[34.303198,31.397299],[34.302475,31.396692],[34.299787,31.394423],[34.298617,31.393436],[34.298162,31.392795],[34.297897,31.39254],[34.297765,31.392402],[34.297322,31.392095],[34.297004,31.391725],[34.29686,31.391601],[34.296526,31.391213],[34.296259,31.391094],[34.295979,31.39077],[34.294921,31.389862],[34.294669,31.389569],[34.294524,31.389445],[34.294274,31.389155],[34.294033,31.388947],[34.293836,31.388718],[34.293404,31.388408],[34.292789,31.387899],[34.292478,31.387538],[34.292237,31.38733],[34.292096,31.387167],[34.291698,31.386881],[34.290995,31.3863],[34.290675,31.385928],[34.290244,31.385557],[34.289991,31.385444],[34.289316,31.384866],[34.289064,31.384574],[34.288678,31.384241],[34.288428,31.383951],[34.287366,31.38304],[34.287015,31.382883],[34.286584,31.382383],[34.286439,31.382258],[34.28619,31.381969],[34.285804,31.381636],[34.285554,31.381346],[34.285409,31.381222],[34.284999,31.380691],[34.284781,31.380503],[34.284739,31.380365],[34.28419,31.379926],[34.28411,31.379826],[34.283886,31.37969],[34.283705,31.379602],[34.283397,31.379282],[34.283076,31.378973],[34.282812,31.378699],[34.282537,31.378434],[34.282229,31.378114],[34.281817,31.377718],[34.281553,31.377443],[34.281369,31.377267],[34.281,31.376801],[34.28075,31.37656],[34.280464,31.376175],[34.280291,31.376009],[34.27983,31.375451],[34.279501,31.375135],[34.279215,31.37475],[34.278821,31.37437],[34.278482,31.374206],[34.278139,31.373849],[34.277956,31.373673],[34.27767,31.373288],[34.277188,31.372824],[34.27688,31.372504],[34.274781,31.370734],[34.274183,31.37026],[34.274024,31.370095],[34.273277,31.369458],[34.272837,31.369],[34.27194,31.368236],[34.271013,31.367549],[34.268115,31.365102],[34.267717,31.364688],[34.266953,31.364024],[34.266773,31.363836],[34.266683,31.363836],[34.266683,31.363746],[34.266593,31.363746],[34.266593,31.363656],[34.266413,31.363656],[34.266413,31.363566],[34.266274,31.363496],[34.266234,31.363297],[34.266074,31.363187],[34.265927,31.362974],[34.265662,31.362791],[34.265515,31.362578],[34.265437,31.362477],[34.265232,31.362319],[34.264847,31.361809],[34.264746,31.361731],[34.264707,31.36168],[34.264543,31.361567],[34.264257,31.361141],[34.264078,31.361141],[34.264078,31.361051],[34.263676,31.360733],[34.263581,31.360741],[34.262599,31.359899],[34.261886,31.359387],[34.260627,31.358342],[34.260484,31.358177],[34.260395,31.358177],[34.260395,31.358087],[34.260305,31.358087],[34.260305,31.357997],[34.260077,31.357865],[34.259375,31.357285],[34.259137,31.357009],[34.259047,31.357009],[34.259047,31.356919],[34.258867,31.356919],[34.258867,31.356829],[34.258169,31.35627],[34.257969,31.356021],[34.257744,31.355887],[34.257296,31.355526],[34.257096,31.355429],[34.254261,31.353049],[34.253793,31.352561],[34.250211,31.349526],[34.249795,31.349093],[34.249295,31.348697],[34.24912,31.3487],[34.248583,31.348249],[34.247952,31.347802],[34.247415,31.347171],[34.246515,31.346544],[34.246286,31.346306],[34.245597,31.345719],[34.245137,31.34524],[34.24234,31.342881],[34.242113,31.342771],[34.24131,31.342123],[34.240409,31.341588],[34.239838,31.341127],[34.23944,31.340713],[34.239232,31.340612],[34.239105,31.34048],[34.238985,31.340419],[34.238925,31.3403],[34.23855,31.340049],[34.238329,31.339728],[34.237904,31.339435],[34.237757,31.339222],[34.237391,31.338972],[34.236999,31.338453],[34.236797,31.338296],[34.236562,31.337992],[34.236308,31.337796],[34.23623,31.337695],[34.235581,31.337176],[34.235421,31.336976],[34.235126,31.33693],[34.234826,31.336494],[34.234429,31.33622],[34.234254,31.335898],[34.234122,31.335846],[34.234003,31.335864],[34.233208,31.335275],[34.232957,31.334949],[34.232805,31.334832],[34.232727,31.33473],[34.232078,31.334212],[34.231918,31.334012],[34.23169,31.33388],[34.230987,31.333278],[34.23084,31.333024],[34.229937,31.332401],[34.229487,31.331933],[34.227913,31.330592],[34.22765,31.330464],[34.227342,31.330144],[34.226976,31.329792],[34.226711,31.329517],[34.226253,31.329077],[34.225945,31.328756],[34.225631,31.328454],[34.22502,31.328054],[34.223089,31.326432],[34.22278,31.32623],[34.222532,31.325971],[34.221466,31.325043],[34.220671,31.324572],[34.22042,31.32431],[34.22033,31.32431],[34.22033,31.32422],[34.22024,31.32422],[34.22024,31.32413],[34.220013,31.324088],[34.219748,31.323903],[34.219474,31.323729],[34.219066,31.323272],[34.218976,31.323277],[34.219023,31.323198],[34.219169,31.322949],[34.219572,31.322296],[34.220989,31.320016],[34.221915,31.318579],[34.222267,31.317963],[34.22383,31.315367],[34.225786,31.31228],[34.227374,31.309735],[34.229254,31.306765],[34.230335,31.304961],[34.231889,31.302424],[34.23552,31.296615],[34.235664,31.296444],[34.235837,31.296403],[34.239227,31.296168],[34.239639,31.296043],[34.239983,31.295911],[34.240069,31.295779],[34.242187,31.290114],[34.243535,31.28619],[34.24415,31.284697],[34.244175,31.284638],[34.244637,31.283517],[34.244665,31.283449],[34.244693,31.283381],[34.244945,31.282585],[34.245697,31.280212],[34.246024,31.279515],[34.247337,31.275994],[34.247654,31.275077],[34.247873,31.274372],[34.248581,31.272092],[34.250083,31.267983],[34.251139,31.265225],[34.251912,31.262848],[34.25259,31.26094],[34.253431,31.25868],[34.255499,31.253089],[34.257096,31.249252],[34.262085,31.23526],[34.262909,31.232853],[34.264102,31.229462],[34.264772,31.227679],[34.265613,31.225257],[34.267499,31.220129],[34.268491,31.220655],[34.271572,31.223149],[34.274372,31.225457],[34.276555,31.227087],[34.278477,31.228506],[34.27967,31.229577],[34.280907,31.230572],[34.285172,31.234418],[34.2867,31.236036],[34.288359,31.237778],[34.29063,31.240093],[34.291911,31.2412],[34.293468,31.242134],[34.296233,31.243353],[34.298911,31.244423],[34.301357,31.245593],[34.304151,31.246837],[34.306698,31.248156],[34.308634,31.24899],[34.312375,31.250272],[34.316188,31.251703],[34.317891,31.252648],[34.319434,31.253606],[34.324048,31.256692],[34.325809,31.257974],[34.32872,31.260288],[34.330539,31.261855],[34.331616,31.262851],[34.332926,31.264331],[34.334818,31.266508],[34.336361,31.268399],[34.337845,31.270776],[34.339083,31.272604],[34.34032,31.274607],[34.341411,31.276523],[34.342197,31.278252],[34.34374,31.279172],[34.34521,31.279993],[34.347306,31.280988],[34.349708,31.282208],[34.35502,31.284869],[34.366548,31.290529],[34.369269,31.295541],[34.370996,31.299953],[34.373288,31.306174],[34.372973,31.307858],[34.371979,31.314382],[34.370058,31.326269],[34.368302,31.336486],[34.366728,31.347592],[34.364989,31.359955],[34.364724,31.361667],[34.365104,31.363342],[34.365055,31.364411],[34.365569,31.365727],[34.365922,31.367275],[34.36649,31.36854],[34.367166,31.369583],[34.36807,31.369932],[34.368892,31.369862],[34.370055,31.369315],[34.370454,31.36932],[34.371354,31.369649],[34.371834,31.370221],[34.371857,31.37095],[34.371449,31.371982],[34.371541,31.372271],[34.372249,31.373011],[34.37294,31.373661],[34.373073,31.373873],[34.373162,31.375974],[34.374016,31.378801],[34.374837,31.380404],[34.376456,31.382494],[34.379053,31.385807],[34.379749,31.38696],[34.380287,31.387627],[34.380266,31.389573],[34.382301,31.391415],[34.384633,31.393167],[34.386682,31.395117],[34.388463,31.396117],[34.389293,31.397409],[34.39161,31.399249],[34.395024,31.401853],[34.395842,31.40328],[34.397464,31.404644],[34.39997,31.407118],[34.402764,31.410467],[34.4042,31.411642],[34.404831,31.412084],[34.407518,31.411583],[34.410269,31.414297],[34.412353,31.415638],[34.41486,31.417646],[34.416398,31.419725],[34.418304,31.420996],[34.420668,31.421778],[34.423603,31.423373],[34.426111,31.426389],[34.426341,31.426615],[34.428089,31.428877],[34.429111,31.429852],[34.430513,31.431192],[34.432414,31.434247],[34.433549,31.436117],[34.43706,31.44027],[34.439918,31.441928],[34.441902,31.44299],[34.44555,31.443788],[34.447015,31.445071],[34.4493,31.447247],[34.451289,31.449477],[34.453179,31.452052],[34.457028,31.454835],[34.459673,31.457039],[34.462577,31.459392],[34.464727,31.46114],[34.465063,31.46149],[34.466293,31.463352],[34.467269,31.464713],[34.469386,31.466889],[34.471923,31.469346],[34.47443,31.471838],[34.475952,31.473855],[34.477907,31.476212],[34.478638,31.476757],[34.480374,31.477843],[34.480831,31.478085],[34.485184,31.480051],[34.486543,31.480879],[34.488685,31.482456],[34.489045,31.48272],[34.492422,31.486085],[34.496389,31.489167],[34.504569,31.495184],[34.508516,31.498326],[34.512711,31.500695],[34.516712,31.501555],[34.518137,31.501716],[34.524727,31.502945],[34.528179,31.505052],[34.529587,31.50622],[34.531372,31.507078],[34.53508,31.508626],[34.538524,31.510117],[34.542251,31.511275],[34.546753,31.513035],[34.55009,31.51672],[34.554224,31.518741],[34.553911,31.519915],[34.553784,31.521246],[34.554806,31.522803],[34.558192,31.525123],[34.558429,31.527611],[34.559051,31.528414],[34.560595,31.529287],[34.564546,31.531913],[34.565431,31.533243],[34.566313,31.536152],[34.567324,31.540121],[34.56668,31.541464],[34.565041,31.542689],[34.558781,31.546777],[34.558057,31.547221],[34.555914,31.548654],[34.552575,31.551534],[34.551165,31.552746],[34.548178,31.554469],[34.544047,31.557445],[34.543311,31.558273],[34.540444,31.560414],[34.537778,31.562222],[34.535,31.564444],[34.5325,31.566111],[34.529722,31.568333],[34.526944,31.570278]],[[34.521136,31.567714],[34.520801,31.567973],[34.520878,31.568495],[34.521376,31.568699],[34.521839,31.568781],[34.522203,31.568511],[34.522501,31.568389],[34.522793,31.567843],[34.522921,31.567523],[34.523023,31.567445],[34.523062,31.567394],[34.522921,31.567355],[34.522698,31.56722],[34.52219,31.567295],[34.521855,31.567164],[34.521488,31.567086],[34.521136,31.567714]],[[34.525127,31.567433],[34.525619,31.56734],[34.525667,31.566945],[34.525667,31.566765],[34.525198,31.566954],[34.525127,31.567433]],[[34.515965,31.555986],[34.515965,31.556345],[34.516235,31.556345],[34.516342,31.556291],[34.516235,31.556075],[34.516085,31.556045],[34.515965,31.555986]],[[34.515875,31.554818],[34.516164,31.555009],[34.516462,31.554942],[34.516594,31.554997],[34.516594,31.554908],[34.516684,31.554908],[34.516804,31.554668],[34.516923,31.554608],[34.516953,31.554458],[34.51691,31.554232],[34.516817,31.554146],[34.516687,31.553871],[34.516466,31.553452],[34.51709,31.553158],[34.517303,31.553045],[34.517492,31.553111],[34.517546,31.553033],[34.517942,31.552931],[34.517942,31.552841],[34.518031,31.552841],[34.518121,31.552662],[34.518176,31.552528],[34.518069,31.552175],[34.517961,31.551637],[34.517657,31.551419],[34.517582,31.551314],[34.517582,31.551224],[34.517492,31.551045],[34.517404,31.550752],[34.517054,31.550623],[34.516329,31.551027],[34.515813,31.55091],[34.515855,31.550377],[34.515505,31.550348],[34.515295,31.550529],[34.515378,31.550824],[34.515558,31.550978],[34.515359,31.551253],[34.514428,31.551374],[34.514127,31.551542],[34.513809,31.551584],[34.513809,31.551674],[34.51372,31.551674],[34.513567,31.55207],[34.513659,31.552807],[34.51336,31.55356],[34.51342,31.55368],[34.51345,31.554099],[34.513506,31.554133],[34.513691,31.554684],[34.514182,31.554762],[34.514303,31.554565],[34.514348,31.554638],[34.514491,31.554601],[34.514708,31.554458],[34.514753,31.554343],[34.514797,31.554458],[34.515014,31.554315],[34.515247,31.554279],[34.515188,31.554068],[34.514837,31.55397],[34.514758,31.553647],[34.51542,31.553801],[34.515516,31.554369],[34.515553,31.554422],[34.515659,31.554495],[34.515875,31.554818]],[[34.471589,31.527329],[34.471534,31.527251],[34.470996,31.527113],[34.470784,31.526974],[34.470457,31.527096],[34.470421,31.52715],[34.470972,31.527461],[34.471589,31.527329]],[[34.512422,31.505011],[34.512108,31.505202],[34.511903,31.505457],[34.511009,31.505588],[34.510935,31.50568],[34.510976,31.505818],[34.511924,31.505915],[34.512235,31.506088],[34.512642,31.506039],[34.512991,31.505898],[34.513091,31.50577],[34.513132,31.505566],[34.51336,31.50568],[34.513809,31.5055],[34.513809,31.50541],[34.513899,31.50541],[34.513922,31.505254],[34.514236,31.505208],[34.514461,31.504984],[34.515067,31.504961],[34.515127,31.504842],[34.515247,31.504782],[34.515376,31.504461],[34.515543,31.504332],[34.515262,31.504116],[34.515336,31.503793],[34.515336,31.503434],[34.515426,31.503434],[34.515336,31.503254],[34.515208,31.503353],[34.515118,31.503575],[34.514763,31.503787],[34.514938,31.503922],[34.514977,31.503973],[34.515084,31.504027],[34.514993,31.504212],[34.514588,31.504215],[34.514708,31.503973],[34.514667,31.503655],[34.514568,31.503482],[34.514595,31.503216],[34.514416,31.503198],[34.51424,31.503344],[34.514479,31.503543],[34.514088,31.503588],[34.51385,31.503564],[34.513735,31.50383],[34.513483,31.503527],[34.513221,31.503744],[34.51314,31.503932],[34.512911,31.503973],[34.512911,31.504063],[34.512642,31.504063],[34.512642,31.504243],[34.512821,31.504332],[34.512874,31.504264],[34.513308,31.504526],[34.513091,31.504885],[34.512642,31.504961],[34.512462,31.504961],[34.512422,31.505011]],[[34.423408,31.48857],[34.423316,31.48884],[34.423583,31.488872],[34.423619,31.488522],[34.423408,31.48857]],[[34.473475,31.471454],[34.473509,31.47183],[34.473655,31.471903],[34.473689,31.471848],[34.474138,31.471767],[34.474042,31.471502],[34.473645,31.471378],[34.473475,31.471454]],[[34.329618,31.381852],[34.329549,31.382199],[34.330042,31.382089],[34.329924,31.381802],[34.329618,31.381852]],[[34.289721,31.370212],[34.289548,31.370532],[34.289369,31.370686],[34.289486,31.370974],[34.289964,31.370854],[34.29017,31.370615],[34.290309,31.370573],[34.290408,31.370445],[34.290758,31.370304],[34.291023,31.369903],[34.290785,31.369486],[34.290402,31.369222],[34.290219,31.368956],[34.28977,31.368956],[34.28959,31.368956],[34.289433,31.368933],[34.289208,31.36871],[34.289051,31.368687],[34.288922,31.369037],[34.289189,31.369267],[34.289294,31.369845],[34.289721,31.370212]],[[34.288455,31.36999],[34.288569,31.369718],[34.288422,31.369495],[34.288138,31.36954],[34.288026,31.370039],[34.288455,31.36999]],[[34.231838,31.307287],[34.231456,31.307831],[34.231311,31.3085],[34.231128,31.308647],[34.23098,31.308999],[34.230544,31.309544],[34.23066,31.309847],[34.230998,31.309977],[34.231369,31.309859],[34.231549,31.309433],[34.231688,31.309258],[34.231945,31.309053],[34.232071,31.308755],[34.232327,31.30855],[34.232407,31.30845],[34.232517,31.308362],[34.232776,31.307921],[34.232816,31.307512],[34.232727,31.307512],[34.232637,31.307512],[34.232637,31.307422],[34.232457,31.307422],[34.232241,31.307279],[34.232098,31.307242],[34.231838,31.307287]],[[34.234023,31.301352],[34.233945,31.301544],[34.233835,31.301726],[34.233586,31.30236],[34.2337,31.30261],[34.233945,31.302532],[34.234113,31.302251],[34.234254,31.302211],[34.234374,31.30197],[34.234313,31.301433],[34.234194,31.301373],[34.234164,31.301313],[34.234023,31.301352]]],[[[34.496775,31.60225],[34.497186,31.602904],[34.49702,31.602712],[34.4967,31.602201],[34.496555,31.602076],[34.496281,31.601601],[34.496775,31.60225]]],[[[35.452364,31.694543],[35.452237,31.694305],[35.452459,31.694236],[35.452364,31.694543]]],[[[35.458096,31.911022],[35.458283,31.911284],[35.45845,31.911404],[35.458335,31.911486],[35.458215,31.911654],[35.457987,31.911699],[35.457707,31.911591],[35.457418,31.911167],[35.457182,31.910998],[35.457424,31.910834],[35.457625,31.910874],[35.457849,31.91082],[35.457886,31.910872],[35.458096,31.911022]]],[[[35.562065,32.152538],[35.562114,32.15277],[35.561905,32.152826],[35.561599,32.152868],[35.56126,32.152896],[35.560935,32.152845],[35.561376,32.152598],[35.562042,32.152497],[35.562065,32.152538]]],[[[35.557746,32.15296],[35.55737,32.153042],[35.557256,32.152838],[35.557652,32.152736],[35.557746,32.15296]]],[[[35.568342,32.219391],[35.568342,32.219571],[35.567892,32.219571],[35.567892,32.219391],[35.568342,32.219391]]],[[[35.231647,32.542662],[35.231417,32.54299],[35.231083,32.543533],[35.230592,32.544283],[35.23033,32.544619],[35.230204,32.54474],[35.229578,32.545651],[35.229013,32.546415],[35.228728,32.546824],[35.228403,32.547266],[35.228158,32.547575],[35.228039,32.547682],[35.227936,32.547763],[35.227786,32.547944],[35.227081,32.548896],[35.226678,32.549471],[35.226472,32.549766],[35.226163,32.550229],[35.225981,32.550464],[35.225886,32.550564],[35.22549,32.551128],[35.225078,32.551724],[35.224851,32.551967],[35.22457,32.552148],[35.224311,32.552048],[35.223916,32.551869],[35.223538,32.551679],[35.223066,32.55147],[35.222564,32.551195],[35.222116,32.550936],[35.221785,32.550754],[35.221515,32.550623],[35.221374,32.55056],[35.221341,32.550539],[35.221259,32.550477],[35.221201,32.550417],[35.221159,32.550385],[35.22098,32.550308],[35.220651,32.550188],[35.220476,32.550093],[35.219801,32.549763],[35.21919,32.549462],[35.218654,32.549247],[35.218332,32.549132],[35.217603,32.548746],[35.217452,32.548649],[35.217317,32.548531],[35.217151,32.548434],[35.216855,32.54828],[35.216559,32.548109],[35.216234,32.54793],[35.216068,32.54782],[35.216026,32.547759],[35.216016,32.547644],[35.216016,32.54757],[35.216021,32.547416],[35.216021,32.547205],[35.216017,32.546895],[35.216048,32.546544],[35.216058,32.546285],[35.216063,32.546179],[35.216047,32.546135],[35.216022,32.546065],[35.215996,32.546008],[35.215881,32.545772],[35.215808,32.545627],[35.215756,32.545521],[35.215709,32.545447],[35.215657,32.545363],[35.215569,32.545262],[35.21546,32.545135],[35.215162,32.54478],[35.215011,32.544604],[35.214918,32.544512],[35.214814,32.544429],[35.21472,32.544393],[35.214575,32.544345],[35.21444,32.544301],[35.214211,32.544257],[35.213879,32.5442],[35.21364,32.544174],[35.213411,32.544152],[35.213087,32.544084],[35.21291,32.544058],[35.212718,32.54404],[35.212536,32.544019],[35.212328,32.543979],[35.212162,32.543935],[35.212017,32.543891],[35.211876,32.543847],[35.211726,32.543786],[35.211549,32.543685],[35.211352,32.543579],[35.211155,32.543476],[35.210885,32.54333],[35.21074,32.543234],[35.210652,32.543172],[35.210407,32.542975],[35.210288,32.542878],[35.210153,32.542786],[35.210059,32.542742],[35.209841,32.542641],[35.209601,32.542554],[35.209552,32.542545],[35.209469,32.542554],[35.209427,32.542545],[35.209306,32.542484],[35.209205,32.542428],[35.20906,32.542373],[35.208887,32.542334],[35.208713,32.542302],[35.208571,32.542282],[35.2083,32.542237],[35.208071,32.542196],[35.207915,32.542158],[35.207755,32.542117],[35.207331,32.54201],[35.207012,32.541902],[35.206707,32.54181],[35.206233,32.541632],[35.205851,32.541502],[35.205196,32.541255],[35.204687,32.54104],[35.204524,32.540965],[35.204397,32.540885],[35.204155,32.540707],[35.20385,32.540503],[35.203538,32.540352],[35.203233,32.540196],[35.20287,32.540018],[35.202692,32.539932],[35.202577,32.539851],[35.202444,32.539722],[35.202348,32.539652],[35.202098,32.539515],[35.201856,32.539365],[35.201508,32.539057],[35.201375,32.538965],[35.201267,32.538895],[35.200794,32.538439],[35.200498,32.538191],[35.200074,32.537835],[35.199761,32.537559],[35.199405,32.537276],[35.199113,32.537057],[35.198334,32.536473],[35.197391,32.535798],[35.19707,32.535552],[35.196987,32.535456],[35.196893,32.535307],[35.196738,32.535026],[35.196562,32.534606],[35.196198,32.533853],[35.195814,32.533064],[35.195649,32.532792],[35.195421,32.532477],[35.195203,32.532214],[35.194757,32.53182],[35.194662,32.53178],[35.194575,32.53174],[35.194472,32.531626],[35.194273,32.531418],[35.194083,32.531196],[35.193774,32.530854],[35.193105,32.530138],[35.192613,32.529608],[35.192145,32.529171],[35.191828,32.528829],[35.191024,32.528018],[35.190263,32.527186],[35.189858,32.52679],[35.189634,32.526589],[35.189467,32.526455],[35.189332,32.526307],[35.189229,32.526146],[35.189174,32.526052],[35.189158,32.525965],[35.189103,32.525884],[35.188976,32.52575],[35.188873,32.525576],[35.188698,32.525267],[35.188525,32.524981],[35.188327,32.524701],[35.188159,32.524507],[35.187952,32.52434],[35.187747,32.524221],[35.187562,32.524094],[35.187368,32.523949],[35.187249,32.523852],[35.187161,32.523744],[35.187126,32.523688],[35.187042,32.523665],[35.186967,32.523662],[35.186852,32.523662],[35.186725,32.523643],[35.186601,32.523613],[35.186469,32.523572],[35.186354,32.523524],[35.18624,32.52349],[35.186165,32.523482],[35.186034,32.523494],[35.18569,32.523576],[35.185201,32.523695],[35.184896,32.523763],[35.184513,32.523852],[35.184204,32.523938],[35.18397,32.524031],[35.183794,32.524109],[35.183626,32.524184],[35.183534,32.524215],[35.183296,32.524263],[35.183089,32.524297],[35.182833,32.524368],[35.182723,32.524416],[35.182643,32.524446],[35.182538,32.524465],[35.182379,32.524472],[35.18207,32.52448],[35.181739,32.524491],[35.181484,32.524502],[35.181268,32.524513],[35.181091,32.524502],[35.180941,32.524491],[35.180814,32.524468],[35.180747,32.524431],[35.180643,32.524356],[35.180414,32.524158],[35.180106,32.52393],[35.179837,32.523718],[35.179755,32.523659],[35.179703,32.523599],[35.179632,32.523506],[35.17946,32.523237],[35.179068,32.522707],[35.178953,32.522552],[35.1789,32.522473],[35.178873,32.52241],[35.178856,32.522324],[35.178842,32.522208],[35.178816,32.522152],[35.17875,32.522093],[35.178574,32.521932],[35.178493,32.52188],[35.178432,32.521854],[35.178361,32.521809],[35.178242,32.521708],[35.178034,32.521516],[35.177986,32.521463],[35.177924,32.52143],[35.177871,32.5214],[35.177818,32.521344],[35.177761,32.521236],[35.177717,32.521131],[35.177673,32.520986],[35.177624,32.520781],[35.177598,32.520648],[35.177589,32.520443],[35.177589,32.520237],[35.177589,32.520025],[35.177585,32.519645],[35.177594,32.519242],[35.177594,32.518981],[35.177589,32.518859],[35.177536,32.51877],[35.177496,32.518665],[35.177457,32.518538],[35.177408,32.518445],[35.177333,32.518352],[35.177223,32.518228],[35.177117,32.518128],[35.176794,32.517894],[35.176362,32.517562],[35.172184,32.514536],[35.171909,32.514317],[35.171745,32.514141],[35.17161,32.513995],[35.171409,32.513801],[35.171238,32.513665],[35.171063,32.513507],[35.170894,32.513364],[35.170742,32.513196],[35.170615,32.513052],[35.170486,32.512892],[35.17029,32.51269],[35.170163,32.512569],[35.170123,32.512545],[35.170086,32.512528],[35.170017,32.512503],[35.169951,32.512476],[35.169885,32.512445],[35.169816,32.512408],[35.16975,32.512367],[35.169672,32.512323],[35.169546,32.512226],[35.169175,32.511931],[35.169038,32.511829],[35.168376,32.511292],[35.167859,32.510939],[35.16746,32.510698],[35.167307,32.510603],[35.166556,32.510163],[35.16622,32.509978],[35.16599,32.509849],[35.165858,32.509764],[35.165801,32.50974],[35.165706,32.509691],[35.165585,32.509623],[35.165419,32.509521],[35.165141,32.509349],[35.164975,32.509239],[35.164868,32.509164],[35.164799,32.50912],[35.164684,32.509074],[35.164547,32.509027],[35.16434,32.508954],[35.164211,32.508884],[35.16407,32.508799],[35.163941,32.508674],[35.163826,32.508546],[35.163648,32.508324],[35.163363,32.507897],[35.163191,32.507676],[35.163058,32.50751],[35.162787,32.507121],[35.162541,32.506793],[35.162334,32.506496],[35.162196,32.50629],[35.162124,32.506183],[35.162055,32.506095],[35.162003,32.506066],[35.16194,32.506032],[35.161834,32.505986],[35.161776,32.50594],[35.161716,32.505859],[35.161667,32.505765],[35.161487,32.50547],[35.161095,32.504748],[35.160983,32.504544],[35.160889,32.504408],[35.160785,32.504294],[35.160661,32.504194],[35.160515,32.504097],[35.160409,32.504043],[35.160248,32.503992],[35.159992,32.503914],[35.159636,32.503836],[35.15936,32.503785],[35.159136,32.503763],[35.158942,32.503723],[35.158755,32.503675],[35.15854,32.503607],[35.158198,32.5035],[35.157736,32.503378],[35.157495,32.503309],[35.157317,32.503263],[35.157127,32.5032],[35.156746,32.503074],[35.156708,32.50307],[35.156645,32.503067],[35.156585,32.503062],[35.156513,32.503048],[35.156447,32.503028],[35.156301,32.502989],[35.156177,32.502967],[35.156071,32.502967],[35.155991,32.502972],[35.155899,32.502982],[35.155833,32.502994],[35.155765,32.503005],[35.155728,32.503],[35.155708,32.502986],[35.155684,32.50297],[35.155655,32.502944],[35.155609,32.502896],[35.155546,32.502817],[35.155227,32.502412],[35.155148,32.502297],[35.155093,32.50219],[35.155059,32.502141],[35.15501,32.502112],[35.154915,32.502061],[35.154657,32.501939],[35.154372,32.501776],[35.154301,32.501737],[35.154128,32.501623],[35.154008,32.501542],[35.153956,32.501508],[35.153925,32.501501],[35.153887,32.501511],[35.153853,32.501506],[35.153669,32.501367],[35.153366,32.501161],[35.153197,32.501078],[35.15301,32.500993],[35.152792,32.500895],[35.152574,32.500791],[35.152335,32.500694],[35.152166,32.500608],[35.151753,32.500366],[35.151555,32.500256],[35.151435,32.500162],[35.151377,32.50011],[35.151314,32.500069],[35.151265,32.500042],[35.151228,32.500035],[35.151188,32.50004],[35.15115,32.500027],[35.15088,32.499834],[35.150685,32.499666],[35.150553,32.499569],[35.150263,32.499433],[35.150041,32.499306],[35.149552,32.498998],[35.148989,32.498663],[35.148661,32.498479],[35.148601,32.498452],[35.14854,32.498442],[35.148497,32.498428],[35.148414,32.498379],[35.148276,32.498281],[35.148161,32.498213],[35.148127,32.498204],[35.148049,32.498186],[35.148018,32.498174],[35.147972,32.49815],[35.147728,32.497997],[35.146974,32.497555],[35.146237,32.497122],[35.145363,32.49666],[35.145076,32.496507],[35.144898,32.49641],[35.144817,32.496364],[35.14478,32.496329],[35.144748,32.496315],[35.144691,32.49631],[35.144616,32.496307],[35.14447,32.496312],[35.143491,32.496311],[35.140835,32.496322],[35.139443,32.496348],[35.139222,32.496341],[35.138998,32.496292],[35.13788,32.494656],[35.137871,32.494595],[35.137883,32.494542],[35.13792,32.494493],[35.137992,32.494435],[35.138084,32.494381],[35.138179,32.494335],[35.138537,32.494186],[35.13879,32.494092],[35.139149,32.493939],[35.139289,32.493866],[35.139494,32.493747],[35.139677,32.493647],[35.139859,32.493565],[35.139911,32.493538],[35.139945,32.493517],[35.139957,32.493482],[35.13996,32.493443],[35.139939,32.493407],[35.139891,32.493375],[35.139825,32.493332],[35.13954,32.493171],[35.13905,32.492935],[35.138731,32.492759],[35.138095,32.492369],[35.137874,32.492242],[35.137432,32.492129],[35.136555,32.491498],[35.136248,32.491316],[35.135972,32.491153],[35.135394,32.490805],[35.135029,32.490601],[35.134587,32.490333],[35.134029,32.48998],[35.133558,32.489632],[35.133064,32.489315],[35.132932,32.48923],[35.132578,32.489024],[35.132105,32.488771],[35.131654,32.488527],[35.131529,32.488475],[35.131371,32.488405],[35.131248,32.488344],[35.131119,32.488256],[35.130972,32.488139],[35.130743,32.487957],[35.130671,32.487903],[35.130291,32.487643],[35.12992,32.48739],[35.129705,32.487266],[35.12943,32.48711],[35.129257,32.487015],[35.12896,32.486846],[35.128518,32.486595],[35.128233,32.486436],[35.12809,32.486351],[35.128015,32.486295],[35.127898,32.4862],[35.127734,32.486075],[35.127522,32.485898],[35.127381,32.485805],[35.127197,32.485693],[35.127031,32.485606],[35.126842,32.485503],[35.126616,32.485348],[35.126452,32.485215],[35.126373,32.485148],[35.12626,32.485054],[35.125985,32.484794],[35.125803,32.484593],[35.125666,32.48438],[35.125594,32.484258],[35.125578,32.484201],[35.125581,32.484145],[35.125593,32.484115],[35.125632,32.484082],[35.125775,32.484067],[35.125939,32.484057],[35.126055,32.484047],[35.126088,32.48403],[35.1261,32.484002],[35.126094,32.483966],[35.126076,32.483934],[35.126037,32.483903],[35.125948,32.483855],[35.125805,32.48382],[35.125683,32.48381],[35.125602,32.483787],[35.125543,32.483759],[35.125453,32.483711],[35.125385,32.483691],[35.125275,32.483686],[35.12503,32.483678],[35.124871,32.483674],[35.124781,32.483664],[35.124716,32.483643],[35.124567,32.483555],[35.1242,32.48338],[35.12364,32.483054],[35.123211,32.482787],[35.122995,32.482638],[35.122882,32.482555],[35.122753,32.482479],[35.122602,32.482386],[35.122536,32.482333],[35.122265,32.482176],[35.122023,32.482056],[35.121818,32.481974],[35.121544,32.481853],[35.12102,32.481648],[35.120684,32.48153],[35.120416,32.48145],[35.120263,32.481407],[35.120163,32.48137],[35.120088,32.481337],[35.120007,32.481299],[35.119879,32.481243],[35.119777,32.481193],[35.119688,32.481155],[35.119575,32.481104],[35.119485,32.481069],[35.119339,32.481018],[35.119235,32.480983],[35.119077,32.480932],[35.118878,32.480872],[35.118684,32.480816],[35.11846,32.480768],[35.118237,32.480735],[35.11808,32.480719],[35.117952,32.480696],[35.117824,32.480658],[35.117651,32.480602],[35.117517,32.480549],[35.11738,32.480504],[35.11726,32.480473],[35.117096,32.480425],[35.116918,32.48038],[35.116831,32.480359],[35.116742,32.480328],[35.116622,32.48029],[35.11644,32.480252],[35.116196,32.480197],[35.115945,32.480144],[35.11566,32.480095],[35.115409,32.480036],[35.115181,32.479989],[35.115013,32.479945],[35.114893,32.479924],[35.114779,32.479904],[35.114687,32.479884],[35.11456,32.479848],[35.114367,32.479831],[35.114268,32.479828],[35.114185,32.479828],[35.114027,32.479802],[35.113886,32.479761],[35.113739,32.479711],[35.11356,32.479635],[35.113405,32.479554],[35.113294,32.479483],[35.113187,32.47939],[35.113084,32.47927],[35.112995,32.479148],[35.11293,32.47902],[35.112831,32.478802],[35.112755,32.478563],[35.112714,32.478407],[35.11269,32.478299],[35.11267,32.478174],[35.112639,32.478107],[35.112587,32.478052],[35.112508,32.478005],[35.112422,32.477973],[35.112306,32.477926],[35.112254,32.477874],[35.11221,32.477813],[35.112161,32.477781],[35.112103,32.477766],[35.111962,32.477763],[35.111821,32.477769],[35.111694,32.477769],[35.111584,32.477766],[35.111481,32.477745],[35.111375,32.477707],[35.111296,32.477661],[35.111243,32.477621],[35.111177,32.47756],[35.111133,32.477499],[35.111099,32.477417],[35.111064,32.477333],[35.11103,32.477275],[35.110989,32.477211],[35.110937,32.477144],[35.110876,32.477082],[35.110786,32.47701],[35.110735,32.476972],[35.110656,32.476951],[35.110563,32.47694],[35.11046,32.476934],[35.110381,32.476925],[35.110323,32.476904],[35.11022,32.476855],[35.110117,32.476779],[35.109937,32.476638],[35.109782,32.47651],[35.109535,32.47635],[35.10936,32.476248],[35.109236,32.476181],[35.109137,32.476114],[35.109016,32.476043],[35.108906,32.475999],[35.108789,32.475971],[35.1086,32.475943],[35.108484,32.475937],[35.108405,32.475934],[35.108329,32.475928],[35.108239,32.475911],[35.10815,32.475869],[35.107999,32.475797],[35.107761,32.475673],[35.107501,32.475568],[35.107283,32.475481],[35.107151,32.475439],[35.107034,32.475405],[35.106975,32.475397],[35.106936,32.475392],[35.106881,32.475392],[35.10682,32.475405],[35.106772,32.475438],[35.106736,32.475481],[35.106697,32.475554],[35.106657,32.475637],[35.106647,32.475677],[35.106643,32.475722],[35.106641,32.475768],[35.106628,32.4758],[35.106588,32.475867],[35.106489,32.476043],[35.106384,32.476184],[35.106258,32.476329],[35.106138,32.476453],[35.106023,32.476563],[35.105914,32.476657],[35.105748,32.47677],[35.105653,32.476841],[35.105614,32.476875],[35.105581,32.476908],[35.10554,32.476943],[35.105511,32.476969],[35.105469,32.476997],[35.105436,32.477024],[35.105412,32.47704],[35.105397,32.477068],[35.105381,32.477094],[35.105322,32.477152],[35.105261,32.477205],[35.105176,32.477264],[35.105075,32.477316],[35.104974,32.477349],[35.104873,32.477388],[35.104813,32.477407],[35.104764,32.477421],[35.104708,32.477435],[35.104654,32.47745],[35.104599,32.477461],[35.104547,32.477475],[35.104473,32.477494],[35.104405,32.477522],[35.104312,32.47756],[35.104213,32.477607],[35.104126,32.477655],[35.104051,32.477703],[35.103981,32.477742],[35.103922,32.477768],[35.103863,32.47778],[35.103814,32.477788],[35.103719,32.477797],[35.103677,32.477794],[35.103618,32.477794],[35.103555,32.4778],[35.103463,32.477812],[35.103295,32.477862],[35.103109,32.477927],[35.102931,32.477983],[35.102829,32.478019],[35.102734,32.47806],[35.102647,32.478093],[35.102538,32.478126],[35.102405,32.478158],[35.102247,32.478188],[35.10193,32.478209],[35.101744,32.478209],[35.10153,32.478191],[35.10131,32.478173],[35.101114,32.478152],[35.100893,32.478131],[35.100644,32.478107],[35.100445,32.478092],[35.100213,32.478089],[35.1,32.478089],[35.099726,32.478097],[35.099437,32.478108],[35.099227,32.478114],[35.099034,32.478105],[35.098834,32.478084],[35.098614,32.478057],[35.098389,32.478021],[35.098144,32.477968],[35.097917,32.477899],[35.097543,32.477788],[35.097018,32.477625],[35.096479,32.477446],[35.096093,32.477315],[35.095785,32.477167],[35.095598,32.477055],[35.095293,32.47691],[35.09495,32.476773],[35.094663,32.476687],[35.094404,32.476621],[35.094165,32.476561],[35.09385,32.47649],[35.093514,32.476427],[35.093358,32.476415],[35.093186,32.476399],[35.093028,32.476373],[35.092864,32.476325],[35.092668,32.476254],[35.092482,32.476159],[35.092342,32.476063],[35.092066,32.475876],[35.091814,32.475677],[35.091593,32.475529],[35.091375,32.475381],[35.091092,32.475162],[35.090889,32.474995],[35.090696,32.474841],[35.090546,32.474668],[35.090481,32.474581],[35.090404,32.474456],[35.090303,32.474254],[35.090223,32.47407],[35.090149,32.47388],[35.0901,32.473741],[35.090055,32.473623],[35.089999,32.473468],[35.089957,32.47335],[35.089905,32.473219],[35.089835,32.473112],[35.089782,32.473026],[35.089705,32.472937],[35.089551,32.472815],[35.089285,32.472628],[35.08893,32.472397],[35.088706,32.47226],[35.088521,32.472118],[35.088437,32.47204],[35.088367,32.471957],[35.088328,32.471877],[35.088307,32.471788],[35.088308,32.471723],[35.088325,32.471649],[35.088343,32.471575],[35.088353,32.471503],[35.088343,32.471447],[35.088308,32.471405],[35.088231,32.471358],[35.088045,32.47127],[35.087859,32.47118],[35.087737,32.471112],[35.087618,32.471041],[35.087506,32.470943],[35.087345,32.470791],[35.087233,32.470669],[35.087131,32.470565],[35.086953,32.470387],[35.086809,32.470231],[35.0867,32.470095],[35.086543,32.469896],[35.086396,32.469718],[35.086246,32.469507],[35.086136,32.469365],[35.086048,32.469228],[35.085982,32.469145],[35.085912,32.469071],[35.085793,32.468964],[35.085646,32.468851],[35.08551,32.468774],[35.085384,32.468702],[35.08524,32.468622],[35.085097,32.468548],[35.084991,32.468494],[35.084894,32.468447],[35.084771,32.468387],[35.084648,32.468343],[35.084484,32.468301],[35.084333,32.468277],[35.084183,32.468262],[35.084078,32.468253],[35.083907,32.468234],[35.083739,32.468222],[35.083543,32.468206],[35.083378,32.468194],[35.083238,32.468191],[35.083091,32.468179],[35.082961,32.468159],[35.082793,32.468123],[35.082674,32.468084],[35.082537,32.468019],[35.082401,32.467944],[35.082272,32.467849],[35.082156,32.467751],[35.081992,32.467632],[35.081778,32.467457],[35.08151,32.467224],[35.081317,32.467063],[35.081122,32.466867],[35.080912,32.466677],[35.080712,32.466445],[35.080509,32.466255],[35.080341,32.46611],[35.080078,32.465846],[35.079952,32.465745],[35.079819,32.465632],[35.079704,32.465543],[35.079606,32.465463],[35.079515,32.465374],[35.07942,32.465246],[35.079227,32.46501],[35.07909,32.46485],[35.07886,32.46463],[35.07865,32.464419],[35.078478,32.464267],[35.078335,32.464125],[35.078127,32.463888],[35.077879,32.463638],[35.077673,32.463392],[35.077424,32.463139],[35.077291,32.462997],[35.076994,32.462759],[35.076791,32.462598],[35.076681,32.462519],[35.076559,32.462459],[35.076436,32.462415],[35.076289,32.46237],[35.076146,32.462328],[35.075988,32.462266],[35.075887,32.462233],[35.075792,32.462203],[35.075631,32.462159],[35.075522,32.462105],[35.075414,32.462055],[35.075228,32.461939],[35.075134,32.461855],[35.07505,32.46174],[35.074931,32.461624],[35.0748,32.461429],[35.074671,32.461215],[35.074552,32.461001],[35.074476,32.460872],[35.074416,32.460794],[35.074325,32.460675],[35.074259,32.460541],[35.074154,32.460437],[35.074049,32.460366],[35.073904,32.46026],[35.073751,32.460132],[35.073607,32.459992],[35.073457,32.459811],[35.073299,32.459612],[35.073118,32.459398],[35.072985,32.459303],[35.07291,32.459239],[35.072815,32.459126],[35.072683,32.45893],[35.072518,32.458701],[35.072434,32.45855],[35.072326,32.458345],[35.072277,32.458152],[35.072253,32.45798],[35.07225,32.457862],[35.072246,32.457788],[35.072254,32.457696],[35.072275,32.457628],[35.072299,32.457565],[35.072341,32.457509],[35.072394,32.457438],[35.072454,32.457352],[35.072524,32.45723],[35.072563,32.457147],[35.07258,32.457061],[35.072612,32.456987],[35.072636,32.456937],[35.072692,32.456857],[35.072745,32.456778],[35.072823,32.456657],[35.072865,32.456571],[35.072918,32.456449],[35.072963,32.456333],[35.072998,32.456265],[35.073031,32.456201],[35.073065,32.456138],[35.073167,32.456004],[35.073209,32.455964],[35.073237,32.455931],[35.073269,32.455917],[35.073312,32.455906],[35.073353,32.455901],[35.073413,32.455887],[35.073456,32.455872],[35.073464,32.45572],[35.073355,32.455492],[35.073221,32.455172],[35.073093,32.454906],[35.072959,32.45469],[35.072812,32.454444],[35.072613,32.454163],[35.072406,32.453862],[35.072171,32.453635],[35.071935,32.453443],[35.071696,32.453275],[35.071516,32.453173],[35.071336,32.453079],[35.071179,32.453012],[35.070995,32.452946],[35.070778,32.452883],[35.070554,32.452814],[35.070364,32.452751],[35.07018,32.452707],[35.069949,32.45266],[35.069709,32.452617],[35.069479,32.452574],[35.069303,32.452546],[35.069119,32.452499],[35.06892,32.45244],[35.068727,32.45235],[35.068455,32.452213],[35.068217,32.452102],[35.067982,32.451954],[35.067789,32.451824],[35.067581,32.451684],[35.067401,32.451554],[35.067222,32.45139],[35.067014,32.451202],[35.066747,32.450959],[35.066604,32.450791],[35.066303,32.450389],[35.065999,32.449951],[35.065727,32.449434],[35.065594,32.449086],[35.065548,32.448832],[35.065535,32.448586],[35.065521,32.448238],[35.065513,32.447851],[35.065513,32.44739],[35.065532,32.446972],[35.065579,32.446413],[35.065576,32.445819],[35.065581,32.445463],[35.065614,32.445151],[35.065661,32.444744],[35.065684,32.444443],[35.065698,32.444267],[35.065726,32.444041],[35.065763,32.443829],[35.065791,32.443638],[35.06581,32.443478],[35.065824,32.443318],[35.065815,32.443181],[35.065792,32.44306],[35.065719,32.44288],[35.065581,32.442579],[35.065355,32.442188],[35.065162,32.441817],[35.064941,32.441516],[35.064683,32.441273],[35.064351,32.440964],[35.064248,32.440875],[35.064075,32.440745],[35.063863,32.440565],[35.063483,32.440221],[35.06322,32.439971],[35.062884,32.43972],[35.062626,32.43956],[35.062506,32.439454],[35.062377,32.43936],[35.062298,32.439293],[35.062234,32.439149],[35.062248,32.439039],[35.062276,32.438918],[35.062331,32.438801],[35.062368,32.438684],[35.062396,32.43859],[35.062415,32.438504],[35.062429,32.438442],[35.062429,32.438395],[35.062415,32.438352],[35.062364,32.438313],[35.062313,32.438301],[35.062258,32.438309],[35.062189,32.438332],[35.062115,32.438363],[35.062055,32.438375],[35.061954,32.438367],[35.061894,32.438348],[35.06182,32.438301],[35.061765,32.438238],[35.061704,32.438076],[35.061668,32.437815],[35.061646,32.437612],[35.061607,32.437411],[35.061548,32.437265],[35.061534,32.437214],[35.061515,32.437169],[35.061501,32.437132],[35.061496,32.437089],[35.061471,32.437045],[35.061396,32.437024],[35.06136,32.437021],[35.0613,32.437021],[35.061272,32.437021],[35.061219,32.437023],[35.061142,32.437023],[35.061073,32.437016],[35.06102,32.436998],[35.060951,32.436958],[35.060896,32.436911],[35.060841,32.436871],[35.060785,32.436823],[35.060738,32.436748],[35.060708,32.436663],[35.060694,32.436595],[35.060694,32.436518],[35.060722,32.436455],[35.060805,32.436364],[35.060894,32.436272],[35.06109,32.436078],[35.061198,32.435968],[35.061237,32.435903],[35.061259,32.435844],[35.061274,32.435755],[35.061271,32.43565],[35.061252,32.435563],[35.061221,32.435453],[35.061175,32.435322],[35.061089,32.435167],[35.060973,32.435041],[35.060849,32.434915],[35.060714,32.434783],[35.060554,32.43464],[35.060504,32.434568],[35.060468,32.434467],[35.060424,32.434324],[35.06038,32.434179],[35.060349,32.43409],[35.060333,32.434011],[35.060322,32.433903],[35.060322,32.433804],[35.060306,32.433659],[35.060281,32.433563],[35.060248,32.433432],[35.060217,32.433292],[35.060201,32.433163],[35.060187,32.432994],[35.060174,32.432772],[35.060166,32.432532],[35.06015,32.432236],[35.060118,32.431885],[35.060088,32.431623],[35.060045,32.431397],[35.059983,32.431184],[35.05993,32.431024],[35.059911,32.430893],[35.059896,32.430692],[35.059882,32.430541],[35.059897,32.430442],[35.059931,32.430332],[35.05997,32.430192],[35.059989,32.430049],[35.059994,32.429905],[35.05998,32.429721],[35.059942,32.429532],[35.059836,32.429265],[35.059691,32.428909],[35.059444,32.428454],[35.059198,32.428081],[35.059102,32.4279],[35.058986,32.427662],[35.058885,32.427477],[35.058817,32.427363],[35.058745,32.427211],[35.058628,32.426978],[35.058492,32.426777],[35.058376,32.426629],[35.058178,32.42642],[35.057995,32.426264],[35.057865,32.426145],[35.057632,32.42596],[35.057483,32.425796],[35.057362,32.425628],[35.057261,32.425432],[35.057198,32.425231],[35.057136,32.424969],[35.057088,32.424718],[35.057016,32.424403],[35.056895,32.424099],[35.056813,32.423902],[35.056725,32.423669],[35.05661,32.423333],[35.056552,32.42298],[35.056547,32.422743],[35.056596,32.422501],[35.056718,32.422206],[35.05681,32.422025],[35.056943,32.421661],[35.057088,32.421231],[35.057249,32.420706],[35.057278,32.420469],[35.057274,32.420329],[35.05724,32.419936],[35.057183,32.419567],[35.057082,32.419256],[35.057014,32.419096],[35.056946,32.419005],[35.056869,32.418915],[35.056739,32.418808],[35.056502,32.418656],[35.056217,32.418541],[35.056079,32.418493],[35.055934,32.418456],[35.055731,32.41841],[35.055542,32.418361],[35.055378,32.418287],[35.055156,32.418184],[35.054919,32.418065],[35.054701,32.41793],[35.054508,32.417769],[35.054325,32.41754],[35.054127,32.417306],[35.053981,32.417073],[35.05388,32.416827],[35.05374,32.416532],[35.053648,32.4162],[35.053629,32.415984],[35.05362,32.415734],[35.053626,32.415328],[35.053646,32.415004],[35.053704,32.414533],[35.053773,32.414128],[35.053866,32.413702],[35.053978,32.413255],[35.054041,32.412906],[35.054085,32.412764],[35.054114,32.41267],[35.054143,32.412596],[35.054172,32.412428],[35.054216,32.412248],[35.05426,32.412166],[35.054333,32.412104],[35.054473,32.412097],[35.054546,32.412097],[35.054657,32.412093],[35.054831,32.412072],[35.054981,32.412036],[35.055088,32.411966],[35.055141,32.4119],[35.05517,32.411794],[35.055175,32.411704],[35.05517,32.411597],[35.055105,32.411197],[35.055023,32.410684],[35.054937,32.410151],[35.054803,32.409287],[35.054707,32.40859],[35.054664,32.408315],[35.054645,32.408225],[35.054616,32.407922],[35.054578,32.407532],[35.054545,32.407114],[35.054516,32.406737],[35.054464,32.406364],[35.054391,32.405926],[35.054343,32.405557],[35.0543,32.405237],[35.054252,32.404999],[35.054194,32.404867],[35.054137,32.404716],[35.054094,32.404479],[35.054032,32.403995],[35.053975,32.403417],[35.053931,32.403087],[35.053897,32.402902],[35.053844,32.402779],[35.053748,32.402652],[35.053381,32.402233],[35.053106,32.401884],[35.052425,32.401003],[35.051923,32.400339],[35.051382,32.399573],[35.051063,32.399179],[35.050682,32.398678],[35.050072,32.397797],[35.049758,32.397349],[35.049424,32.396957],[35.049275,32.396702],[35.049067,32.396271],[35.048918,32.395878],[35.048894,32.39573],[35.048865,32.395548],[35.048861,32.395408],[35.048866,32.395216],[35.048876,32.395002],[35.048905,32.394761],[35.048925,32.394576],[35.04895,32.39425],[35.048975,32.394028],[35.04898,32.393909],[35.048966,32.393835],[35.048893,32.393733],[35.048835,32.393626],[35.048739,32.393478],[35.048483,32.392947],[35.048242,32.392442],[35.048044,32.391987],[35.047658,32.391291],[35.047311,32.390651],[35.047146,32.39027],[35.047021,32.390024],[35.04691,32.389876],[35.046784,32.389782],[35.04663,32.389728],[35.046339,32.389654],[35.046112,32.389613],[35.045764,32.38958],[35.045387,32.389567],[35.045131,32.389517],[35.045019,32.389464],[35.044942,32.389382],[35.044914,32.389263],[35.044909,32.389066],[35.044914,32.388832],[35.044888,32.388514],[35.044836,32.388247],[35.044749,32.387886],[35.044658,32.387612],[35.044547,32.387312],[35.044233,32.386656],[35.043881,32.385979],[35.043505,32.385352],[35.043258,32.384921],[35.042964,32.384462],[35.042612,32.384047],[35.042264,32.383698],[35.04178,32.383227],[35.041447,32.382887],[35.041317,32.38271],[35.041085,32.382378],[35.040979,32.382201],[35.040907,32.382074],[35.040873,32.381971],[35.040888,32.381873],[35.040927,32.381812],[35.041029,32.381657],[35.041077,32.381571],[35.041106,32.381522],[35.041121,32.381464],[35.041106,32.381403],[35.041077,32.381349],[35.041,32.3813],[35.040609,32.380972],[35.040358,32.380775],[35.040241,32.380657],[35.040202,32.3806],[35.040193,32.380538],[35.040212,32.380456],[35.040275,32.380342],[35.04044,32.380075],[35.040591,32.379793],[35.040867,32.379297],[35.041091,32.378885],[35.041281,32.378491],[35.041475,32.378094],[35.041601,32.377828],[35.041659,32.377733],[35.041751,32.37768],[35.041809,32.377668],[35.041891,32.377668],[35.041998,32.377689],[35.042104,32.377717],[35.04221,32.377759],[35.042341,32.377783],[35.042549,32.377804],[35.042781,32.377804],[35.043134,32.377739],[35.043571,32.37766],[35.044137,32.377546],[35.04452,32.377469],[35.044771,32.377436],[35.045085,32.377404],[35.045581,32.377384],[35.045934,32.377364],[35.046273,32.377327],[35.046563,32.377299],[35.046733,32.377262],[35.046955,32.377201],[35.047202,32.377135],[35.047507,32.377054],[35.047773,32.376984],[35.048108,32.376893],[35.048447,32.376775],[35.048742,32.376644],[35.04896,32.376554],[35.049042,32.376501],[35.049096,32.376296],[35.04913,32.376033],[35.050055,32.372397],[35.05007,32.37227],[35.050089,32.372085],[35.050143,32.371901],[35.05024,32.371548],[35.050357,32.371196],[35.050444,32.37095],[35.050474,32.370807],[35.050508,32.370574],[35.050542,32.370336],[35.050567,32.37025],[35.05062,32.370168],[35.050659,32.37009],[35.050722,32.369938],[35.050824,32.369619],[35.050878,32.369352],[35.050995,32.368903],[35.051087,32.368563],[35.051175,32.368206],[35.051267,32.368042],[35.05134,32.367895],[35.051379,32.367727],[35.051501,32.367346],[35.051584,32.367084],[35.051608,32.367002],[35.051603,32.366944],[35.051584,32.366883],[35.051507,32.366723],[35.051174,32.366169],[35.050706,32.365276],[35.050547,32.364951],[35.050503,32.364841],[35.050503,32.364767],[35.050523,32.364673],[35.050591,32.364484],[35.050707,32.364292],[35.050736,32.364227],[35.050751,32.364153],[35.050737,32.364047],[35.050684,32.363981],[35.050582,32.363862],[35.050467,32.363718],[35.050336,32.363521],[35.050245,32.363324],[35.05011,32.363058],[35.050038,32.36291],[35.04996,32.362807],[35.049912,32.362688],[35.049845,32.362573],[35.049753,32.362312],[35.0497,32.362107],[35.049618,32.361837],[35.049532,32.361656],[35.049425,32.361402],[35.04931,32.361168],[35.049077,32.360709],[35.048914,32.360426],[35.048697,32.360114],[35.048504,32.359897],[35.048272,32.35963],[35.048117,32.359498],[35.047943,32.359392],[35.047828,32.359346],[35.047663,32.359338],[35.047542,32.359338],[35.047431,32.359358],[35.047349,32.359411],[35.047271,32.359473],[35.047189,32.359505],[35.047107,32.359518],[35.047029,32.359505],[35.046952,32.359485],[35.046885,32.359431],[35.046812,32.359361],[35.046723,32.359264],[35.046641,32.359207],[35.046544,32.359166],[35.046423,32.359124],[35.046327,32.359095],[35.04622,32.359058],[35.046163,32.359021],[35.046138,32.358968],[35.046124,32.358903],[35.046076,32.358857],[35.045994,32.358824],[35.045863,32.358783],[35.045747,32.358755],[35.045646,32.35873],[35.04552,32.35873],[35.045389,32.358766],[35.045283,32.358811],[35.045152,32.358856],[35.044993,32.358905],[35.044862,32.358938],[35.044688,32.358995],[35.044567,32.359028],[35.044461,32.359023],[35.044369,32.358995],[35.044267,32.358949],[35.044175,32.358876],[35.044084,32.358752],[35.044004,32.358599],[35.043941,32.358406],[35.043855,32.358168],[35.043735,32.357844],[35.043638,32.357565],[35.043585,32.357471],[35.043537,32.357393],[35.04347,32.357344],[35.043397,32.357352],[35.043324,32.357364],[35.043237,32.357372],[35.043126,32.357384],[35.043034,32.357384],[35.042909,32.357359],[35.042841,32.35731],[35.042713,32.3572],[35.042482,32.357007],[35.042274,32.356769],[35.042048,32.356453],[35.041734,32.356018],[35.041416,32.355538],[35.041271,32.355316],[35.041159,32.355128],[35.041058,32.354915],[35.041001,32.354705],[35.040967,32.354468],[35.040963,32.354254],[35.040987,32.354029],[35.04107,32.353804],[35.041249,32.353472],[35.041337,32.353313],[35.041405,32.353153],[35.041502,32.352882],[35.041594,32.352669],[35.041759,32.352374],[35.0419,32.352145],[35.042007,32.35194],[35.04205,32.351792],[35.042084,32.351641],[35.042109,32.351489],[35.042115,32.350964],[35.042097,32.350386],[35.042117,32.349816],[35.042103,32.349525],[35.042109,32.349141],[35.042119,32.348899],[35.042124,32.348702],[35.042124,32.348649],[35.04211,32.348599],[35.042013,32.348529],[35.041873,32.348513],[35.041752,32.348484],[35.04168,32.348447],[35.041627,32.348394],[35.041574,32.348316],[35.041545,32.34818],[35.041541,32.347922],[35.041535,32.347619],[35.041531,32.347431],[35.041497,32.347287],[35.041425,32.347066],[35.041285,32.346873],[35.041088,32.346664],[35.040894,32.346503],[35.040609,32.346339],[35.040392,32.346228],[35.040146,32.34615],[35.039967,32.346121],[35.039754,32.346112],[35.039488,32.346096],[35.039252,32.346071],[35.039097,32.346042],[35.038986,32.345992],[35.038897,32.345956],[35.038795,32.345886],[35.038713,32.34582],[35.038617,32.345767],[35.03853,32.345722],[35.038399,32.345713],[35.038293,32.345717],[35.038143,32.345762],[35.038003,32.345803],[35.037853,32.345864],[35.037712,32.345917],[35.037577,32.345938],[35.03735,32.34597],[35.037214,32.345978],[35.036968,32.346003],[35.036724,32.346028],[35.03654,32.346036],[35.036356,32.346048],[35.036163,32.34604],[35.035906,32.346019],[35.035646,32.345978],[35.035206,32.345895],[35.034896,32.345854],[35.034703,32.345829],[35.034495,32.345808],[35.034336,32.345812],[35.034195,32.345828],[35.033997,32.345861],[35.03378,32.345906],[35.033361,32.346025],[35.0331,32.346102],[35.032819,32.346176],[35.032505,32.346245],[35.032229,32.346298],[35.031871,32.346334],[35.031509,32.346359],[35.03117,32.346346],[35.030938,32.346341],[35.030595,32.346341],[35.030437,32.346357],[35.030248,32.34641],[35.02975,32.346606],[35.029435,32.346745],[35.029232,32.346852],[35.029096,32.346915],[35.028967,32.346958],[35.02889,32.346975],[35.028738,32.346993],[35.028557,32.346945],[35.028408,32.346806],[35.028367,32.346583],[35.028355,32.346328],[35.028334,32.345885],[35.028312,32.345365],[35.028274,32.344987],[35.0282,32.344565],[35.028136,32.344168],[35.028085,32.343901],[35.028059,32.343747],[35.028014,32.343603],[35.027949,32.343454],[35.027854,32.34333],[35.027771,32.343244],[35.027676,32.343165],[35.027604,32.343107],[35.027572,32.343054],[35.027545,32.342978],[35.027504,32.34281],[35.027466,32.342532],[35.027445,32.342196],[35.027451,32.342003],[35.027461,32.341874],[35.027467,32.341742],[35.02747,32.341639],[35.027461,32.341525],[35.027441,32.341384],[35.027396,32.341252],[35.027322,32.341043],[35.027206,32.34074],[35.027111,32.340452],[35.027064,32.340306],[35.027026,32.340205],[35.026978,32.340144],[35.026937,32.340101],[35.026889,32.340083],[35.026826,32.340068],[35.026707,32.340058],[35.026404,32.340047],[35.025934,32.340044],[35.025664,32.34004],[35.025506,32.340024],[35.025333,32.339999],[35.025164,32.339973],[35.02503,32.33995],[35.024952,32.339945],[35.024887,32.33995],[35.024792,32.33997],[35.024702,32.340018],[35.024571,32.340114],[35.024474,32.340239],[35.024418,32.340302],[35.024373,32.340355],[35.024328,32.34039],[35.024254,32.340418],[35.024135,32.34044],[35.024048,32.340443],[35.023911,32.34045],[35.023804,32.340442],[35.023688,32.340445],[35.023498,32.340465],[35.023316,32.3405],[35.023009,32.34057],[35.022798,32.34065],[35.022616,32.340708],[35.022395,32.340771],[35.022056,32.340864],[35.021741,32.340923],[35.021509,32.340948],[35.021166,32.340967],[35.020779,32.341015],[35.02058,32.341047],[35.020467,32.341067],[35.02033,32.34107],[35.020163,32.341014],[35.019872,32.340915],[35.01973,32.340843],[35.019599,32.340747],[35.019432,32.340621],[35.018731,32.340072],[35.017811,32.339531],[35.017008,32.339047],[35.016432,32.338648],[35.016322,32.338574],[35.016257,32.338516],[35.01621,32.338458],[35.016195,32.338385],[35.01618,32.338286],[35.016186,32.338142],[35.016214,32.337905],[35.01621,32.33728],[35.01621,32.337113],[35.016195,32.336734],[35.016164,32.336199],[35.016161,32.335939],[35.016165,32.335636],[35.016165,32.335431],[35.016159,32.334328],[35.016119,32.333467],[35.016117,32.333099],[35.01607,32.332263],[35.016199,32.332026],[35.016065,32.331856],[35.016069,32.331542],[35.016206,32.330783],[35.016026,32.330728],[35.016008,32.330447],[35.015834,32.328175],[35.015817,32.326404],[35.015753,32.325169],[35.015714,32.324406],[35.015677,32.32371],[35.015581,32.322471],[35.0156,32.321284],[35.015741,32.320881],[35.015655,32.319507],[35.015613,32.319438],[35.015601,32.318942],[35.015526,32.317455],[35.015486,32.316563],[35.015463,32.316079],[35.015449,32.315668],[35.015436,32.315138],[35.01541,32.314724],[35.015378,32.314073],[35.015358,32.313601],[35.015367,32.311837],[35.015374,32.311526],[35.015396,32.310572],[35.015372,32.309081],[35.015047,32.305265],[35.014983,32.303988],[35.014945,32.303234],[35.014906,32.302737],[35.014761,32.302104],[35.01447,32.301189],[35.014351,32.300917],[35.014271,32.300635],[35.014259,32.300386],[35.014259,32.300138],[35.014233,32.299855],[35.014114,32.299471],[35.013584,32.297767],[35.013214,32.296727],[35.012989,32.295902],[35.012924,32.29536],[35.012832,32.294965],[35.012633,32.294366],[35.012492,32.293979],[35.012471,32.293858],[35.012468,32.29381],[35.012498,32.293779],[35.012608,32.293779],[35.012687,32.293791],[35.0129,32.293788],[35.0131,32.293783],[35.013266,32.293775],[35.013423,32.293752],[35.013549,32.293727],[35.013609,32.293696],[35.013646,32.293651],[35.013649,32.29358],[35.01363,32.293439],[35.013597,32.29323],[35.013398,32.292573],[35.013037,32.291637],[35.012908,32.291366],[35.012451,32.290154],[35.012025,32.289335],[35.011699,32.288805],[35.011511,32.288444],[35.011431,32.288265],[35.011352,32.288056],[35.011237,32.28776],[35.0111,32.287397],[35.011071,32.287071],[35.011014,32.286716],[35.010906,32.286383],[35.010683,32.285755],[35.010423,32.285139],[35.010163,32.284677],[35.009988,32.284365],[35.009916,32.284205],[35.009829,32.28399],[35.009772,32.283694],[35.009729,32.283183],[35.009672,32.282697],[35.009571,32.282356],[35.009542,32.28217],[35.009493,32.281932],[35.009403,32.281725],[35.009259,32.281577],[35.009085,32.281479],[35.009005,32.281458],[35.008985,32.28139],[35.00899,32.281225],[35.009051,32.281094],[35.009236,32.280836],[35.009451,32.280554],[35.009591,32.280427],[35.009696,32.280347],[35.009821,32.280292],[35.00999,32.280267],[35.010235,32.280263],[35.010434,32.280234],[35.010654,32.280179],[35.010838,32.280124],[35.010953,32.280095],[35.011118,32.280095],[35.011262,32.280057],[35.011487,32.279948],[35.011711,32.279821],[35.011921,32.279728],[35.012312,32.279609],[35.012557,32.279555],[35.012821,32.2795],[35.013121,32.279462],[35.013455,32.279442],[35.013793,32.279455],[35.014108,32.279468],[35.014287,32.27949],[35.014397,32.279528],[35.014506,32.279587],[35.014569,32.27964],[35.014688,32.279762],[35.014852,32.279961],[35.015006,32.280114],[35.015225,32.280263],[35.015445,32.280335],[35.015699,32.280373],[35.015938,32.280386],[35.016337,32.280362],[35.016596,32.280345],[35.01692,32.280299],[35.017185,32.28024],[35.017534,32.280143],[35.018071,32.279999],[35.018759,32.279822],[35.019328,32.279649],[35.019802,32.279481],[35.020121,32.27927],[35.020326,32.27908],[35.020491,32.278864],[35.020646,32.278534],[35.020799,32.278256],[35.02096,32.27796],[35.021155,32.277711],[35.021354,32.277572],[35.021639,32.277441],[35.021933,32.277361],[35.022107,32.277306],[35.022207,32.277247],[35.022287,32.277171],[35.022342,32.277078],[35.022452,32.276867],[35.022684,32.276512],[35.022769,32.276368],[35.022849,32.276254],[35.022874,32.276153],[35.022894,32.275924],[35.02292,32.275611],[35.02297,32.275319],[35.02309,32.275053],[35.023295,32.274837],[35.023521,32.274618],[35.023736,32.274445],[35.02399,32.274306],[35.024274,32.274196],[35.024564,32.274099],[35.024828,32.274053],[35.025147,32.274024],[35.025416,32.27399],[35.025601,32.273957],[35.025711,32.273932],[35.025805,32.273881],[35.025858,32.273832],[35.025948,32.273646],[35.026248,32.273105],[35.026639,32.272352],[35.026894,32.271925],[35.027084,32.271715],[35.027499,32.271119],[35.027774,32.270599],[35.028089,32.269998],[35.028381,32.269483],[35.028711,32.268917],[35.028991,32.268354],[35.029091,32.268164],[35.029252,32.26784],[35.029597,32.26732],[35.029862,32.266952],[35.030102,32.26659],[35.030402,32.266137],[35.030527,32.265943],[35.030597,32.265786],[35.030627,32.265663],[35.030633,32.265515],[35.030598,32.265291],[35.030494,32.265037],[35.030251,32.264614],[35.029927,32.264225],[35.029609,32.263856],[35.029395,32.26361],[35.029321,32.263462],[35.029261,32.263288],[35.029191,32.26304],[35.029181,32.262892],[35.029221,32.262731],[35.029267,32.262562],[35.029287,32.262422],[35.029267,32.262227],[35.029173,32.261872],[35.02905,32.261398],[35.028856,32.260941],[35.028677,32.26056],[35.028573,32.260365],[35.028518,32.260319],[35.028443,32.260306],[35.028383,32.26031],[35.028259,32.260323],[35.028144,32.260322],[35.027985,32.26031],[35.027835,32.260246],[35.027671,32.260144],[35.027367,32.259941],[35.027233,32.259856],[35.027104,32.259788],[35.027039,32.259745],[35.026924,32.25969],[35.02683,32.259673],[35.02671,32.25966],[35.026595,32.259635],[35.026467,32.25958],[35.026263,32.259394],[35.02594,32.258953],[35.025508,32.258132],[35.025225,32.257645],[35.024644,32.256515],[35.024466,32.256189],[35.02427,32.255889],[35.024072,32.255525],[35.023972,32.255284],[35.023868,32.254928],[35.023824,32.254691],[35.02383,32.254374],[35.023845,32.254124],[35.023872,32.253388],[35.023883,32.252826],[35.023909,32.252195],[35.023963,32.250359],[35.023984,32.249704],[35.02398,32.249078],[35.023985,32.248862],[35.023971,32.248794],[35.023921,32.248697],[35.023827,32.248544],[35.023598,32.248239],[35.022543,32.246791],[35.022399,32.246575],[35.02218,32.246262],[35.021766,32.245741],[35.021319,32.245177],[35.021045,32.244855],[35.020931,32.244737],[35.020821,32.244588],[35.020687,32.244347],[35.020558,32.24419],[35.020267,32.243809],[35.019832,32.243318],[35.019604,32.243006],[35.01923,32.242458],[35.019186,32.24232],[35.019164,32.242152],[35.019187,32.241895],[35.019785,32.240721],[35.019999,32.240299],[35.020075,32.240171],[35.020111,32.240066],[35.020143,32.239928],[35.020148,32.239695],[35.020148,32.239354],[35.020126,32.238676],[35.020091,32.238149],[35.020068,32.237785],[35.020038,32.237123],[35.019963,32.236583],[35.019837,32.236168],[35.019813,32.236094],[35.019809,32.235985],[35.019805,32.23583],[35.019806,32.235601],[35.019826,32.235483],[35.01989,32.2353],[35.02005,32.234899],[35.020173,32.234656],[35.020198,32.234603],[35.02021,32.234545],[35.020207,32.234485],[35.020187,32.234427],[35.020135,32.234387],[35.019861,32.234265],[35.0189,32.233797],[35.018548,32.233647],[35.018413,32.233579],[35.018281,32.233522],[35.01815,32.233505],[35.018011,32.233494],[35.017872,32.233508],[35.017753,32.233524],[35.017622,32.233555],[35.017371,32.233632],[35.017085,32.23377],[35.016762,32.234012],[35.015936,32.234628],[35.015864,32.234706],[35.015534,32.234951],[35.015259,32.235163],[35.014975,32.235357],[35.014792,32.235461],[35.014605,32.235552],[35.014506,32.235596],[35.014446,32.235616],[35.014366,32.235626],[35.014303,32.235599],[35.014219,32.235545],[35.014101,32.235396],[35.013521,32.234703],[35.013214,32.23438],[35.012889,32.233981],[35.012816,32.233878],[35.012707,32.233725],[35.012651,32.2336],[35.012631,32.233543],[35.012591,32.233496],[35.012528,32.233452],[35.012445,32.233421],[35.01219,32.23336],[35.011686,32.233211],[35.011519,32.23315],[35.011432,32.233092],[35.011344,32.233015],[35.011214,32.232873],[35.011007,32.232602],[35.010896,32.232468],[35.010491,32.231728],[35.010531,32.231583],[35.010623,32.231421],[35.010794,32.231196],[35.010908,32.231094],[35.010385,32.23054],[35.010034,32.230118],[35.00972,32.22969],[35.009243,32.229139],[35.008871,32.228599],[35.008051,32.227673],[35.007722,32.227271],[35.007209,32.226607],[35.006721,32.225957],[35.006341,32.225455],[35.006105,32.225166],[35.005402,32.2243],[35.005099,32.223883],[35.004724,32.223578],[35.003857,32.223053],[35.003231,32.222543],[35.002311,32.221877],[35.001427,32.221167],[35.000078,32.220054],[34.999119,32.219272],[34.9979,32.217975],[34.997604,32.217737],[34.996849,32.217279],[34.995701,32.216508],[34.99503,32.216036],[34.994202,32.215497],[34.993573,32.214921],[34.993154,32.214426],[34.992417,32.213692],[34.99201,32.213292],[34.991588,32.212915],[34.991297,32.212648],[34.991074,32.212044],[34.991176,32.211635],[34.991121,32.211163],[34.990653,32.209983],[34.990391,32.209493],[34.989844,32.208617],[34.989451,32.208017],[34.989088,32.207541],[34.988584,32.207231],[34.988153,32.207101],[34.987504,32.206805],[34.987641,32.206731],[34.986519,32.206594],[34.986228,32.206608],[34.985695,32.20664],[34.985337,32.206687],[34.985068,32.206734],[34.984935,32.206751],[34.984789,32.206746],[34.984683,32.206707],[34.984577,32.206622],[34.984348,32.206302],[34.983974,32.205664],[34.983717,32.205309],[34.983516,32.205018],[34.983337,32.204775],[34.983108,32.204527],[34.982929,32.204389],[34.982374,32.204038],[34.981926,32.20379],[34.981445,32.203561],[34.981194,32.203451],[34.981015,32.203403],[34.980869,32.203374],[34.98074,32.203369],[34.980566,32.203383],[34.980331,32.203411],[34.980051,32.203425],[34.979743,32.203415],[34.979458,32.203372],[34.978993,32.20328],[34.978651,32.203199],[34.978524,32.203174],[34.978418,32.203131],[34.978261,32.203097],[34.978043,32.203068],[34.977819,32.203011],[34.97764,32.202901],[34.97745,32.202767],[34.977238,32.202543],[34.976841,32.201995],[34.976439,32.201495],[34.976231,32.201234],[34.976002,32.201034],[34.975773,32.200838],[34.975549,32.200671],[34.975359,32.20058],[34.97518,32.200523],[34.974945,32.200499],[34.97476,32.200513],[34.974586,32.200512],[34.974413,32.200493],[34.974256,32.20044],[34.973926,32.200297],[34.973741,32.200225],[34.973613,32.200201],[34.97345,32.200201],[34.972997,32.200219],[34.972526,32.200309],[34.971956,32.200459],[34.971401,32.200658],[34.971003,32.200862],[34.97075,32.200909],[34.970526,32.200942],[34.970381,32.200918],[34.970118,32.20086],[34.96986,32.200784],[34.969603,32.20074],[34.969099,32.200687],[34.96869,32.200629],[34.968281,32.200614],[34.968074,32.200561],[34.967807,32.200527],[34.967567,32.200522],[34.967303,32.200545],[34.967135,32.200578],[34.966956,32.200597],[34.966693,32.200597],[34.966362,32.200605],[34.966049,32.200591],[34.965797,32.200576],[34.96555,32.200542],[34.965382,32.20048],[34.965164,32.200356],[34.964818,32.20017],[34.964588,32.200069],[34.964355,32.199958],[34.964053,32.199767],[34.963471,32.199433],[34.96294,32.199137],[34.962627,32.198937],[34.962437,32.198817],[34.962286,32.198722],[34.962208,32.198627],[34.962096,32.198446],[34.961968,32.198165],[34.961944,32.198061],[34.961916,32.197899],[34.961849,32.197742],[34.961788,32.197642],[34.961721,32.197566],[34.961643,32.197504],[34.961531,32.197456],[34.961408,32.197437],[34.961296,32.197436],[34.961128,32.197369],[34.961061,32.197279],[34.960994,32.197117],[34.960833,32.196703],[34.960666,32.196407],[34.960543,32.196126],[34.96033,32.195662],[34.960241,32.195395],[34.960164,32.195067],[34.960098,32.194676],[34.960064,32.194368],[34.96006,32.193754],[34.960078,32.193545],[34.960078,32.193426],[34.959731,32.193411],[34.959378,32.193387],[34.959356,32.193282],[34.959144,32.192848],[34.95886,32.192486],[34.958077,32.191534],[34.957301,32.190543],[34.957015,32.190149],[34.957038,32.190034],[34.957078,32.189717],[34.957208,32.189188],[34.957361,32.188413],[34.957419,32.188075],[34.957572,32.187333],[34.95772,32.186563],[34.957828,32.18593],[34.958129,32.184242],[34.958215,32.18359],[34.958398,32.182411],[34.958569,32.18145],[34.958796,32.180162],[34.958938,32.179368],[34.958972,32.179135],[34.959093,32.178113],[34.959219,32.177242],[34.959589,32.175664],[34.95997,32.175303],[34.960691,32.174654],[34.961606,32.173895],[34.961836,32.173672],[34.961909,32.173629],[34.962234,32.173582],[34.963522,32.173427],[34.964384,32.173305],[34.964525,32.173277],[34.964558,32.173215],[34.964564,32.173139],[34.964469,32.171707],[34.964398,32.171008],[34.964224,32.169076],[34.964224,32.168934],[34.964291,32.168886],[34.964431,32.168896],[34.965081,32.168926],[34.965685,32.168936],[34.966663,32.169004],[34.967105,32.169043],[34.967267,32.169029],[34.96738,32.168957],[34.967862,32.16854],[34.968659,32.167961],[34.969434,32.167411],[34.970326,32.166756],[34.970713,32.166476],[34.970875,32.166343],[34.970932,32.166182],[34.970904,32.166001],[34.970854,32.165891],[34.970655,32.165188],[34.97056,32.164755],[34.970561,32.164569],[34.9706,32.164484],[34.97083,32.164351],[34.971105,32.16418],[34.973261,32.162863],[34.974237,32.162289],[34.974358,32.162208],[34.97447,32.162131],[34.974641,32.161977],[34.974797,32.161761],[34.974983,32.161513],[34.975048,32.161364],[34.975158,32.161189],[34.975444,32.160898],[34.975727,32.160579],[34.975928,32.160348],[34.976363,32.159838],[34.976802,32.159322],[34.97704,32.159072],[34.977216,32.158867],[34.97729,32.158735],[34.977306,32.158605],[34.97734,32.158279],[34.977341,32.157925],[34.977344,32.157776],[34.977326,32.157661],[34.97723,32.157451],[34.977053,32.157178],[34.976593,32.156505],[34.976237,32.156075],[34.975973,32.155661],[34.97559,32.155157],[34.975287,32.154687],[34.975083,32.154382],[34.974814,32.153855],[34.974471,32.152992],[34.974428,32.152402],[34.974417,32.152284],[34.974514,32.152135],[34.974789,32.151947],[34.975587,32.151283],[34.97632,32.150726],[34.977021,32.150258],[34.977786,32.149749],[34.978553,32.149255],[34.979198,32.148831],[34.979298,32.148772],[34.979385,32.148735],[34.97945,32.148728],[34.979629,32.148743],[34.979942,32.148781],[34.980545,32.148863],[34.98128,32.148887],[34.981863,32.148902],[34.982028,32.148906],[34.982724,32.148878],[34.983294,32.148813],[34.98377,32.148731],[34.984268,32.148646],[34.984729,32.148555],[34.985186,32.14853],[34.985656,32.148527],[34.985943,32.148505],[34.98626,32.148498],[34.986512,32.148488],[34.986639,32.148436],[34.986704,32.148329],[34.987166,32.147555],[34.987489,32.147097],[34.987707,32.146765],[34.987777,32.146584],[34.987877,32.146366],[34.988441,32.145531],[34.989035,32.144597],[34.989148,32.144379],[34.989569,32.143614],[34.990089,32.142735],[34.990268,32.142451],[34.990391,32.142252],[34.99043,32.142152],[34.990426,32.141971],[34.990331,32.141704],[34.989847,32.140527],[34.989262,32.138826],[34.989197,32.13867],[34.98911,32.138582],[34.988932,32.138541],[34.988589,32.138525],[34.98841,32.138478],[34.988062,32.138444],[34.987866,32.138447],[34.987695,32.13841],[34.987485,32.138014],[34.987463,32.137834],[34.987442,32.137669],[34.987356,32.137342],[34.987313,32.136851],[34.987464,32.136434],[34.987571,32.136161],[34.987621,32.136061],[34.987764,32.135779],[34.988258,32.13458],[34.988343,32.134217],[34.988408,32.134035],[34.988343,32.133871],[34.988172,32.133617],[34.987506,32.132581],[34.986455,32.131328],[34.98588,32.13042],[34.985695,32.130139],[34.985586,32.129764],[34.985499,32.129327],[34.985419,32.128765],[34.985391,32.12821],[34.985357,32.127248],[34.985314,32.127012],[34.985323,32.126288],[34.985391,32.125577],[34.985576,32.124734],[34.985702,32.124229],[34.985978,32.123295],[34.986262,32.122799],[34.986346,32.122652],[34.986965,32.121854],[34.987349,32.121313],[34.987593,32.120883],[34.987924,32.120534],[34.988343,32.120091],[34.988645,32.11963],[34.988807,32.119355],[34.988838,32.118981],[34.988846,32.118594],[34.988867,32.116834],[34.988818,32.115722],[34.988826,32.115429],[34.9889,32.115161],[34.988945,32.11503],[34.989239,32.1148],[34.989607,32.114513],[34.990114,32.11404],[34.99096,32.11333],[34.99157,32.112862],[34.991673,32.112763],[34.991718,32.112657],[34.991836,32.112332],[34.991906,32.112084],[34.992046,32.111784],[34.992399,32.111329],[34.992723,32.110974],[34.992958,32.110681],[34.993099,32.110375],[34.993195,32.110007],[34.993255,32.109395],[34.993301,32.108429],[34.993461,32.108264],[34.993263,32.107329],[34.993194,32.107062],[34.993186,32.106421],[34.992301,32.105752],[34.991799,32.10548],[34.990969,32.105456],[34.990331,32.105142],[34.990201,32.10491],[34.990067,32.104473],[34.990099,32.104278],[34.990193,32.104016],[34.990762,32.103366],[34.991062,32.102362],[34.990397,32.102122],[34.989919,32.101868],[34.989181,32.101902],[34.988205,32.101629],[34.986157,32.100307],[34.986342,32.100012],[34.986472,32.099011],[34.986152,32.098232],[34.986149,32.09802],[34.985647,32.096555],[34.985693,32.095993],[34.985149,32.094682],[34.984124,32.093109],[34.983755,32.092881],[34.983343,32.092171],[34.983148,32.09157],[34.982866,32.091187],[34.982492,32.089944],[34.982505,32.089565],[34.982776,32.088883],[34.983227,32.088746],[34.984205,32.08891],[34.98521,32.089176],[34.985997,32.089543],[34.986306,32.089783],[34.987127,32.087558],[34.991217,32.074761],[34.991264,32.074509],[34.991669,32.073356],[34.991711,32.073097],[34.991716,32.073079],[34.991724,32.073062],[34.991736,32.073046],[34.991752,32.073032],[34.991769,32.073021],[34.991798,32.073001],[34.991823,32.072978],[34.991843,32.072951],[34.991851,32.072937],[34.992066,32.072112],[34.992201,32.071596],[34.992325,32.071331],[34.992366,32.071121],[34.992399,32.071014],[34.992432,32.070946],[34.992513,32.07077],[34.99254,32.070674],[34.992562,32.070606],[34.992599,32.070543],[34.992647,32.070486],[34.992655,32.070478],[34.992684,32.070446],[34.992706,32.07041],[34.992713,32.070395],[34.992737,32.07033],[34.99276,32.070266],[34.992782,32.070201],[34.992796,32.070157],[34.992821,32.070033],[34.992821,32.069919],[34.992822,32.069856],[34.992835,32.069794],[34.992862,32.069735],[34.992887,32.069696],[34.992921,32.06964],[34.992944,32.06958],[34.992954,32.069518],[34.992953,32.069479],[34.992956,32.069411],[34.992971,32.069344],[34.993001,32.06928],[34.993226,32.068703],[34.993379,32.068261],[34.99361,32.067782],[34.993778,32.067382],[34.993988,32.066841],[34.994135,32.066469],[34.994376,32.065919],[34.994502,32.065617],[34.994785,32.065005],[34.994921,32.064615],[34.995089,32.064144],[34.995264,32.063658],[34.995366,32.063347],[34.99546,32.063125],[34.995534,32.062965],[34.995649,32.062761],[34.995754,32.062557],[34.995921,32.062185],[34.99611,32.061883],[34.996183,32.061652],[34.996267,32.061475],[34.996361,32.061324],[34.996435,32.061085],[34.996529,32.060854],[34.996624,32.060712],[34.996624,32.060499],[34.996729,32.060366],[34.996802,32.06018],[34.996876,32.059985],[34.997001,32.059789],[34.997043,32.059639],[34.997213,32.059251],[34.997318,32.058984],[34.997413,32.058754],[34.997507,32.058514],[34.997633,32.058159],[34.997717,32.057884],[34.997759,32.057769],[34.997832,32.057663],[34.997875,32.05745],[34.997979,32.057343],[34.998011,32.057175],[34.998095,32.056997],[34.99821,32.05666],[34.998304,32.056465],[34.998378,32.05627],[34.998433,32.055865],[34.998465,32.055475],[34.998486,32.055315],[34.998508,32.055049],[34.99855,32.054791],[34.998665,32.054445],[34.998687,32.054303],[34.99876,32.05409],[34.998844,32.053895],[34.998917,32.0537],[34.998991,32.053434],[34.999456,32.053064],[34.999096,32.053043],[34.999192,32.052752],[34.999277,32.052504],[34.99936,32.052246],[34.999434,32.051971],[34.999616,32.051857],[34.999632,32.051862],[35.000357,32.049377],[35.000544,32.048745],[35.001672,32.044891],[35.002547,32.04169],[35.00259,32.041497],[35.002799,32.04046],[35.003395,32.037008],[35.003737,32.033398],[35.004463,32.026769],[35.004929,32.022857],[35.004951,32.022754],[35.0051,32.02221],[35.005195,32.021851],[35.005177,32.021821],[35.004389,32.020735],[35.003851,32.019989],[35.002343,32.018659],[34.999852,32.017896],[34.99955,32.017489],[34.999658,32.014245],[34.999671,32.013855],[34.999631,32.013084],[34.999438,32.011121],[34.999317,32.008257],[34.999316,32.008197],[34.999287,32.007619],[34.999118,32.004721],[34.99917,32.002753],[34.999204,32.001769],[34.999236,32.00086],[34.9993,31.998907],[34.999392,31.997255],[34.999403,31.996991],[34.999371,31.996321],[34.999355,31.995989],[34.999336,31.995507],[34.999307,31.994858],[34.999154,31.993552],[34.998994,31.992647],[34.998864,31.991973],[34.998571,31.991288],[34.998072,31.988368],[34.997794,31.987034],[34.997412,31.985199],[34.997157,31.984148],[34.996931,31.983143],[34.996713,31.98236],[34.996452,31.981454],[34.996411,31.981327],[34.996227,31.981199],[34.996011,31.980167],[34.995721,31.978792],[34.995534,31.978006],[34.995297,31.976991],[34.994903,31.975432],[34.994069,31.972783],[34.992529,31.972155],[34.989281,31.970856],[34.987832,31.970805],[34.986839,31.9706],[34.987326,31.968666],[34.987362,31.968518],[34.987546,31.967823],[34.987818,31.967732],[34.988,31.967703],[34.98814,31.967697],[34.988345,31.967703],[34.988398,31.967524],[34.990276,31.961124],[34.990297,31.961053],[34.990317,31.961001],[34.991769,31.959358],[34.99491,31.956325],[34.994941,31.956299],[34.994976,31.956074],[34.994914,31.955881],[34.994634,31.955574],[34.999211,31.951346],[35.000425,31.950453],[35.000567,31.950348],[35.000811,31.950169],[35.000859,31.950142],[35.000885,31.950167],[35.001054,31.95012],[35.002694,31.949911],[35.00372,31.94963],[35.005226,31.94905],[35.005254,31.948961],[35.005775,31.947252],[35.005781,31.946885],[35.00879,31.943649],[35.002835,31.939175],[35.002343,31.937493],[35.002431,31.937099],[35.002587,31.936151],[35.002757,31.935673],[35.002918,31.935285],[35.003169,31.93484],[35.004075,31.933854],[35.004976,31.933],[35.005837,31.932338],[35.006202,31.93205],[35.006986,31.931422],[35.00789,31.930519],[35.00821,31.930197],[35.009425,31.929214],[35.010071,31.928893],[35.011753,31.92814],[35.012489,31.927692],[35.013705,31.927152],[35.014896,31.926958],[35.016385,31.926714],[35.018738,31.926333],[35.020465,31.926046],[35.02234,31.926032],[35.023127,31.925991],[35.025501,31.925767],[35.027433,31.925454],[35.02753,31.925436],[35.028509,31.925228],[35.028751,31.925083],[35.029284,31.92477],[35.029377,31.924714],[35.029411,31.924694],[35.029681,31.924537],[35.031059,31.923471],[35.031855,31.922634],[35.031883,31.922607],[35.032801,31.921588],[35.032889,31.921487],[35.032954,31.921416],[35.033105,31.921243],[35.033421,31.920891],[35.033592,31.9207],[35.033656,31.92063],[35.033746,31.920499],[35.033888,31.920294],[35.034028,31.920091],[35.034167,31.91989],[35.034307,31.919694],[35.034442,31.919499],[35.034464,31.919466],[35.034542,31.919298],[35.034638,31.919095],[35.034732,31.918894],[35.034827,31.918694],[35.034921,31.918492],[35.035017,31.918291],[35.035111,31.91809],[35.035162,31.917981],[35.035205,31.917889],[35.035253,31.917787],[35.035299,31.917687],[35.035387,31.917486],[35.035473,31.917282],[35.035566,31.917081],[35.035659,31.91688],[35.035752,31.916678],[35.035801,31.916573],[35.035841,31.916448],[35.035912,31.916228],[35.035988,31.915995],[35.036036,31.915846],[35.036079,31.915748],[35.036314,31.915226],[35.036453,31.914849],[35.036552,31.914585],[35.03679,31.913818],[35.036997,31.913147],[35.037022,31.913078],[35.037456,31.911943],[35.037653,31.911626],[35.038073,31.91068],[35.038193,31.910077],[35.038376,31.909184],[35.038859,31.906842],[35.038857,31.906639],[35.038856,31.906499],[35.03887,31.905783],[35.038877,31.905326],[35.038919,31.903285],[35.038873,31.902804],[35.038818,31.902267],[35.038576,31.899715],[35.03849,31.898728],[35.038404,31.897844],[35.038522,31.896515],[35.038616,31.896112],[35.038777,31.895526],[35.038931,31.89503],[35.039074,31.894539],[35.039188,31.89415],[35.038212,31.889],[35.038007,31.887948],[35.038735,31.88662],[35.039144,31.885872],[35.039113,31.885537],[35.039089,31.885267],[35.039084,31.885213],[35.039073,31.885111],[35.039055,31.884899],[35.039007,31.884405],[35.038792,31.882355],[35.038791,31.882343],[35.038677,31.881204],[35.03867,31.881147],[35.03864,31.880831],[35.038414,31.878878],[35.038226,31.877266],[35.038164,31.876986],[35.038153,31.876944],[35.037942,31.876831],[35.037508,31.876544],[35.037457,31.876382],[35.037289,31.873024],[35.037266,31.872339],[35.037236,31.871534],[35.03729,31.870765],[35.03729,31.870495],[35.036692,31.868721],[35.036193,31.867233],[35.036152,31.867111],[35.03608,31.866895],[35.035394,31.864859],[35.035412,31.86452],[35.035081,31.863152],[35.03478,31.862192],[35.034746,31.862057],[35.034701,31.861884],[35.034663,31.861736],[35.034618,31.861561],[35.034574,31.861389],[35.034532,31.861225],[35.034502,31.861108],[35.034406,31.860734],[35.03369,31.858842],[35.033093,31.857987],[35.032715,31.857611],[35.031886,31.856913],[35.031409,31.856627],[35.030891,31.8564],[35.030333,31.856273],[35.028002,31.856217],[35.026838,31.85624],[35.025096,31.856364],[35.020936,31.85654],[35.018656,31.856702],[35.016793,31.856736],[35.015576,31.856641],[35.01362,31.856308],[35.012119,31.856093],[35.010804,31.855948],[35.0077,31.855731],[35.00599,31.855542],[35.003466,31.855214],[35.002485,31.855032],[35.001825,31.854855],[35.001448,31.854753],[35.000181,31.854359],[34.999339,31.854141],[34.998393,31.853834],[34.997814,31.853643],[34.997278,31.853461],[34.996268,31.853161],[34.995931,31.853022],[34.995607,31.852894],[34.995321,31.852702],[34.995084,31.852531],[34.99487,31.852288],[34.994793,31.852223],[34.994713,31.852133],[34.994589,31.851985],[34.994291,31.851507],[34.994108,31.851211],[34.993967,31.850937],[34.993947,31.850875],[34.99392,31.850768],[34.993829,31.850489],[34.993726,31.850177],[34.993473,31.849543],[34.993318,31.849162],[34.993194,31.848921],[34.993077,31.848651],[34.993063,31.848619],[34.992993,31.848457],[34.992977,31.848421],[34.992973,31.848411],[34.99291,31.848267],[34.992654,31.847693],[34.992513,31.847405],[34.992435,31.847248],[34.992194,31.846807],[34.992184,31.8468],[34.99217,31.846789],[34.992093,31.846735],[34.991988,31.84666],[34.991857,31.846569],[34.991696,31.84646],[34.991167,31.846096],[34.990927,31.845927],[34.989863,31.8452],[34.988678,31.84438],[34.988149,31.844013],[34.987543,31.843618],[34.987318,31.84347],[34.986879,31.843185],[34.986602,31.843017],[34.986171,31.842756],[34.986075,31.842697],[34.985884,31.842584],[34.985612,31.842418],[34.984691,31.841849],[34.984679,31.841834],[34.984582,31.841768],[34.984122,31.841468],[34.984055,31.841414],[34.984005,31.841377],[34.983847,31.841264],[34.983773,31.841211],[34.983303,31.840867],[34.982841,31.840521],[34.982525,31.840287],[34.98174,31.839707],[34.979979,31.838606],[34.979951,31.838588],[34.978322,31.83757],[34.978058,31.83733],[34.977859,31.837092],[34.97774,31.836846],[34.977634,31.836388],[34.977587,31.835816],[34.977613,31.834947],[34.977576,31.833492],[34.977661,31.832828],[34.977775,31.832607],[34.977965,31.832388],[34.978415,31.832192],[34.981858,31.831328],[34.983697,31.83094],[34.986349,31.830649],[34.988231,31.830487],[34.989484,31.830412],[34.989431,31.83053],[34.989558,31.830589],[34.989689,31.8304],[34.990125,31.830374],[34.992448,31.830423],[34.994532,31.830332],[34.996697,31.830158],[34.996962,31.830195],[34.997995,31.830121],[34.998491,31.830078],[34.998523,31.830075],[34.999147,31.830021],[35.000208,31.829931],[35.001093,31.829859],[35.002055,31.829779],[35.002534,31.829738],[35.003022,31.829697],[35.003134,31.829688],[35.003847,31.829627],[35.00464,31.829559],[35.005767,31.829466],[35.006626,31.829393],[35.008066,31.829267],[35.010016,31.829093],[35.010122,31.829076],[35.010511,31.829032],[35.010634,31.829018],[35.011189,31.828952],[35.011812,31.828881],[35.01246,31.828806],[35.013254,31.828709],[35.013732,31.828651],[35.013921,31.828631],[35.014068,31.82862],[35.014245,31.828608],[35.014501,31.828591],[35.014668,31.828578],[35.015062,31.828551],[35.015379,31.828527],[35.015744,31.828498],[35.016024,31.828481],[35.016173,31.828472],[35.016499,31.82855],[35.016941,31.828648],[35.017262,31.828716],[35.017564,31.828782],[35.018044,31.828894],[35.018442,31.828982],[35.019563,31.829227],[35.02029,31.829384],[35.021282,31.829604],[35.021782,31.829718],[35.021799,31.829718],[35.021966,31.82976],[35.022203,31.829817],[35.022593,31.829933],[35.023499,31.830204],[35.02355,31.830215],[35.023624,31.830239],[35.023635,31.830242],[35.023745,31.830275],[35.023805,31.830292],[35.02397,31.830342],[35.024218,31.830414],[35.024458,31.830506],[35.025165,31.830768],[35.025445,31.830874],[35.025717,31.830972],[35.025805,31.831009],[35.026084,31.831115],[35.026229,31.831206],[35.027324,31.831895],[35.027369,31.83192],[35.027392,31.831935],[35.027662,31.832105],[35.027972,31.832299],[35.028314,31.832512],[35.028345,31.832534],[35.028532,31.83265],[35.028566,31.832672],[35.028744,31.832792],[35.02965,31.833332],[35.030043,31.833564],[35.030585,31.833879],[35.030715,31.833992],[35.030857,31.834124],[35.031163,31.834409],[35.031305,31.834544],[35.031782,31.834998],[35.031981,31.835184],[35.03243,31.835602],[35.032612,31.835772],[35.033051,31.836188],[35.033183,31.836313],[35.03338,31.836513],[35.033654,31.836794],[35.03382,31.836961],[35.034261,31.837403],[35.034389,31.837535],[35.034668,31.83782],[35.034874,31.838028],[35.035108,31.838276],[35.035168,31.838341],[35.035205,31.838375],[35.03548,31.838702],[35.035702,31.838963],[35.036015,31.839325],[35.036089,31.839415],[35.036129,31.839452],[35.036225,31.83954],[35.036982,31.840172],[35.037189,31.84034],[35.037308,31.840429],[35.037425,31.840521],[35.037574,31.840649],[35.037823,31.840851],[35.037984,31.840993],[35.038589,31.841501],[35.039564,31.842309],[35.03985,31.842547],[35.039923,31.842626],[35.043011,31.845973],[35.043079,31.846029],[35.04389,31.846907],[35.044698,31.847777],[35.045367,31.848493],[35.046022,31.849203],[35.046444,31.849652],[35.046696,31.849931],[35.046935,31.85023],[35.047502,31.850504],[35.053385,31.853547],[35.053583,31.85368],[35.053647,31.853724],[35.053781,31.853812],[35.053916,31.853899],[35.054051,31.853985],[35.054116,31.854025],[35.054188,31.854071],[35.054325,31.854155],[35.054463,31.854238],[35.054601,31.854321],[35.054741,31.854403],[35.054881,31.854483],[35.055022,31.854563],[35.055163,31.854642],[35.055306,31.854719],[35.055449,31.854796],[35.055593,31.854872],[35.055737,31.854947],[35.055882,31.855021],[35.056028,31.855094],[35.056175,31.855166],[35.056322,31.855236],[35.05647,31.855306],[35.056619,31.855375],[35.056768,31.855443],[35.056918,31.85551],[35.057068,31.855576],[35.057219,31.85564],[35.057371,31.855704],[35.057523,31.855767],[35.057676,31.855829],[35.057829,31.855889],[35.057983,31.855949],[35.058138,31.856007],[35.058293,31.856065],[35.058529,31.85615],[35.060253,31.856543],[35.060312,31.856556],[35.060399,31.856576],[35.061698,31.856723],[35.063538,31.856775],[35.06383,31.856783],[35.067847,31.856582],[35.068937,31.856544],[35.069754,31.856434],[35.072797,31.856005],[35.073415,31.855847],[35.07536,31.855348],[35.076507,31.854928],[35.077917,31.854499],[35.080296,31.853602],[35.080537,31.853511],[35.082919,31.852525],[35.083306,31.852365],[35.085858,31.850423],[35.085878,31.850394],[35.08686,31.849439],[35.086884,31.849416],[35.087042,31.849263],[35.087816,31.848407],[35.088467,31.847538],[35.08884,31.846853],[35.089079,31.846273],[35.089092,31.846247],[35.0892,31.84605],[35.089263,31.845941],[35.089579,31.845308],[35.089985,31.844469],[35.090086,31.844255],[35.090199,31.844026],[35.090319,31.843784],[35.090416,31.843614],[35.0905,31.843443],[35.090547,31.843322],[35.090738,31.842931],[35.090813,31.842796],[35.090894,31.842618],[35.091046,31.842334],[35.091113,31.842203],[35.091138,31.842139],[35.091174,31.842075],[35.091464,31.841602],[35.092129,31.840561],[35.092242,31.840381],[35.09237,31.840187],[35.09248,31.840013],[35.092536,31.839929],[35.092914,31.839351],[35.092986,31.839247],[35.093509,31.838507],[35.093573,31.838419],[35.093632,31.838339],[35.093703,31.838241],[35.093771,31.838143],[35.09405,31.837749],[35.094277,31.837432],[35.094616,31.836952],[35.094663,31.836895],[35.095426,31.83592],[35.095526,31.835783],[35.095724,31.835521],[35.095876,31.835342],[35.096135,31.835072],[35.096503,31.834716],[35.097003,31.834283],[35.097243,31.834101],[35.097795,31.833751],[35.09837,31.833428],[35.098649,31.833271],[35.098967,31.833123],[35.099193,31.83302],[35.099655,31.832837],[35.099998,31.832721],[35.10039,31.832614],[35.10059,31.832565],[35.101113,31.832548],[35.101368,31.832573],[35.101634,31.832607],[35.10194,31.832664],[35.102305,31.832748],[35.102608,31.832828],[35.102989,31.832954],[35.103012,31.832874],[35.103048,31.832679],[35.103188,31.832075],[35.103243,31.831796],[35.10336,31.831112],[35.103589,31.829807],[35.103592,31.829792],[35.103709,31.829011],[35.103793,31.828382],[35.103874,31.827886],[35.10394,31.827553],[35.103964,31.827449],[35.104041,31.827192],[35.104184,31.826833],[35.10435,31.826481],[35.104465,31.826294],[35.10462,31.826036],[35.104842,31.825698],[35.105205,31.825221],[35.105412,31.824989],[35.105583,31.824812],[35.105645,31.824754],[35.106012,31.824468],[35.106343,31.824257],[35.106521,31.824157],[35.106907,31.823975],[35.107181,31.823855],[35.107631,31.82371],[35.107903,31.823638],[35.108123,31.823595],[35.108473,31.823549],[35.108869,31.823525],[35.109292,31.823518],[35.109499,31.823525],[35.109924,31.82355],[35.110152,31.823559],[35.110556,31.823579],[35.110827,31.823612],[35.11127,31.823668],[35.111453,31.823693],[35.111556,31.823712],[35.111838,31.823764],[35.112019,31.823799],[35.112156,31.823827],[35.112433,31.8239],[35.112574,31.823952],[35.112815,31.824051],[35.113217,31.824257],[35.113391,31.824345],[35.113563,31.824435],[35.113611,31.824458],[35.113978,31.824643],[35.114502,31.824904],[35.114816,31.825042],[35.115056,31.825137],[35.115346,31.825232],[35.115656,31.825286],[35.116017,31.825352],[35.116225,31.825387],[35.11641,31.825417],[35.116743,31.82547],[35.117224,31.825532],[35.117738,31.825595],[35.11805,31.825608],[35.118376,31.825621],[35.118431,31.825622],[35.118565,31.825622],[35.11883,31.825605],[35.119147,31.825561],[35.119454,31.825511],[35.119837,31.825422],[35.120262,31.825325],[35.120512,31.825251],[35.121128,31.825032],[35.121211,31.825001],[35.121779,31.824777],[35.122938,31.824316],[35.123017,31.824283],[35.123697,31.824003],[35.124362,31.82373],[35.124787,31.823478],[35.125293,31.823179],[35.125529,31.82304],[35.125593,31.823],[35.127008,31.821958],[35.12716,31.82182],[35.127216,31.82177],[35.127449,31.821552],[35.127809,31.821224],[35.128405,31.82069],[35.128475,31.820627],[35.128757,31.820371],[35.128807,31.820325],[35.129687,31.81953],[35.130011,31.819233],[35.130099,31.819171],[35.131642,31.818076],[35.13389,31.816835],[35.134565,31.816564],[35.135341,31.815873],[35.135907,31.815591],[35.136233,31.815422],[35.136734,31.815208],[35.136801,31.815088],[35.13708,31.815043],[35.137292,31.815003],[35.138346,31.814643],[35.138466,31.814602],[35.139546,31.814232],[35.140029,31.814072],[35.141663,31.813577],[35.142413,31.81335],[35.143253,31.813096],[35.143323,31.813088],[35.143991,31.813028],[35.144211,31.813005],[35.144728,31.812952],[35.144753,31.812953],[35.14479,31.812947],[35.145015,31.812905],[35.145614,31.812747],[35.145959,31.812706],[35.146366,31.812691],[35.146549,31.812655],[35.146815,31.812599],[35.146972,31.812569],[35.147043,31.812541],[35.14742,31.812391],[35.14774,31.812266],[35.147999,31.812151],[35.148313,31.812025],[35.148369,31.811991],[35.148308,31.811965],[35.148366,31.811939],[35.149362,31.811529],[35.150338,31.811262],[35.151454,31.811106],[35.152177,31.81105],[35.152861,31.811042],[35.153283,31.811019],[35.154433,31.810926],[35.154947,31.810898],[35.155921,31.810791],[35.15649,31.810743],[35.156805,31.810679],[35.157202,31.810543],[35.15758,31.810347],[35.158358,31.809865],[35.159184,31.8094],[35.159912,31.809134],[35.160619,31.809022],[35.162003,31.809125],[35.162954,31.809271],[35.163805,31.809339],[35.164396,31.809359],[35.165568,31.809225],[35.166084,31.809103],[35.166995,31.808846],[35.167711,31.808736],[35.168696,31.808624],[35.169773,31.808488],[35.16993,31.808464],[35.169949,31.808395],[35.170204,31.808398],[35.170747,31.808321],[35.170767,31.808318],[35.172103,31.80813],[35.172241,31.808128],[35.173558,31.808109],[35.17362,31.808108],[35.173835,31.808105],[35.174821,31.807968],[35.175086,31.808016],[35.17613,31.807903],[35.177472,31.807879],[35.178075,31.807879],[35.179558,31.808021],[35.181145,31.808269],[35.182011,31.80842],[35.182166,31.808455],[35.182929,31.808646],[35.183764,31.808943],[35.18413,31.809008],[35.184974,31.809084],[35.185224,31.809115],[35.1869,31.809293],[35.187573,31.809365],[35.187628,31.809371],[35.18763,31.809505],[35.187642,31.80972],[35.187601,31.809902],[35.187403,31.810362],[35.187016,31.81098],[35.186999,31.811063],[35.186993,31.81141],[35.18712,31.811684],[35.187134,31.811965],[35.186492,31.8126],[35.185391,31.813583],[35.184677,31.813823],[35.184419,31.813849],[35.184299,31.814022],[35.184284,31.814306],[35.184355,31.814646],[35.184654,31.815261],[35.184584,31.815497],[35.184513,31.815571],[35.184551,31.815713],[35.184665,31.815856],[35.184698,31.815952],[35.184677,31.816092],[35.184473,31.816243],[35.184405,31.816351],[35.184393,31.816545],[35.18443,31.816631],[35.184406,31.81673],[35.184273,31.816772],[35.184171,31.817319],[35.18408,31.817611],[35.183871,31.818177],[35.183579,31.81867],[35.183194,31.819204],[35.182355,31.820006],[35.182043,31.820238],[35.181808,31.820811],[35.181862,31.821058],[35.182034,31.82132],[35.182259,31.821508],[35.182289,31.82219],[35.182278,31.82245],[35.182223,31.82272],[35.18245,31.823496],[35.182465,31.823826],[35.182439,31.824073],[35.183105,31.824884],[35.184142,31.825939],[35.184654,31.825896],[35.185327,31.826037],[35.185956,31.82613],[35.187104,31.826231],[35.187855,31.82641],[35.189047,31.826482],[35.189245,31.826466],[35.194737,31.826581],[35.198381,31.825684],[35.199126,31.825533],[35.199585,31.825386],[35.199777,31.825324],[35.199937,31.825089],[35.200542,31.824801],[35.201193,31.824602],[35.202011,31.824245],[35.202683,31.823809],[35.202892,31.823595],[35.203172,31.823518],[35.203858,31.823396],[35.205191,31.823254],[35.206234,31.823378],[35.206714,31.823375],[35.207109,31.823193],[35.207462,31.822956],[35.207635,31.822516],[35.207529,31.822283],[35.207244,31.821945],[35.207227,31.821683],[35.207359,31.821315],[35.207408,31.82102],[35.20763,31.820586],[35.207895,31.82036],[35.208184,31.820297],[35.208378,31.820378],[35.208529,31.820519],[35.208858,31.82067],[35.209124,31.820621],[35.209584,31.820475],[35.20987,31.820212],[35.2101,31.819764],[35.21016,31.819425],[35.210089,31.819003],[35.209916,31.818667],[35.209629,31.818348],[35.209449,31.818027],[35.209484,31.817855],[35.209744,31.817316],[35.209831,31.817136],[35.210195,31.817245],[35.211417,31.817611],[35.212209,31.817909],[35.212356,31.817938],[35.212821,31.818028],[35.212864,31.818078],[35.213037,31.818281],[35.213171,31.818369],[35.213956,31.818471],[35.214312,31.818553],[35.214979,31.818878],[35.215125,31.819039],[35.215284,31.819569],[35.215332,31.819853],[35.215425,31.820084],[35.215775,31.820525],[35.215868,31.820701],[35.215946,31.820962],[35.215909,31.821212],[35.215779,31.821444],[35.215492,31.821736],[35.215282,31.822128],[35.215217,31.822491],[35.215233,31.822728],[35.215481,31.823449],[35.215535,31.824023],[35.215493,31.824499],[35.215378,31.824949],[35.215217,31.825352],[35.215156,31.825675],[35.215154,31.826087],[35.215329,31.826642],[35.2153,31.826939],[35.216214,31.839021],[35.214985,31.843131],[35.215005,31.843135],[35.213807,31.847115],[35.214532,31.850756],[35.211797,31.858427],[35.211461,31.86299],[35.206477,31.865354],[35.206478,31.865441],[35.206458,31.865588],[35.206416,31.865696],[35.206368,31.865765],[35.206231,31.865903],[35.206122,31.866038],[35.205992,31.86614],[35.205937,31.866205],[35.205931,31.866231],[35.205925,31.866428],[35.205878,31.86651],[35.205843,31.866572],[35.205775,31.866753],[35.205724,31.866856],[35.205695,31.867039],[35.205686,31.86714],[35.205607,31.867426],[35.20553,31.867601],[35.205441,31.867734],[35.205415,31.86779],[35.205404,31.867925],[35.205372,31.868024],[35.20526,31.868263],[35.205143,31.868472],[35.205092,31.868609],[35.205012,31.868736],[35.204978,31.868818],[35.20497,31.868885],[35.204975,31.868922],[35.204998,31.869027],[35.205033,31.869171],[35.205043,31.869272],[35.205045,31.869323],[35.204973,31.869433],[35.204865,31.869607],[35.204761,31.869765],[35.204706,31.869822],[35.204468,31.870029],[35.204299,31.870177],[35.204254,31.870266],[35.204217,31.870363],[35.204173,31.870591],[35.204156,31.870696],[35.204211,31.870779],[35.204251,31.871001],[35.204271,31.87115],[35.20427,31.871341],[35.204261,31.871545],[35.20423,31.871941],[35.204209,31.872166],[35.204172,31.872577],[35.204601,31.873539],[35.207072,31.879138],[35.206997,31.87943],[35.206966,31.879737],[35.206947,31.880014],[35.20692,31.88017],[35.206801,31.880381],[35.206768,31.880537],[35.206746,31.88072],[35.206666,31.881078],[35.206651,31.881282],[35.206722,31.881403],[35.206841,31.881535],[35.206919,31.881583],[35.207044,31.881662],[35.207285,31.88174],[35.207499,31.881737],[35.207782,31.881868],[35.207909,31.881942],[35.208028,31.881957],[35.20813,31.881911],[35.208371,31.881793],[35.208661,31.881736],[35.208925,31.881665],[35.209207,31.881587],[35.209374,31.881514],[35.209485,31.88144],[35.209552,31.88143],[35.209626,31.881446],[35.209682,31.881492],[35.209703,31.881569],[35.209743,31.881817],[35.209888,31.882115],[35.209974,31.882256],[35.210053,31.882302],[35.210119,31.882309],[35.210532,31.88228],[35.210862,31.882257],[35.211036,31.882226],[35.211163,31.882185],[35.211329,31.882144],[35.211467,31.882095],[35.211674,31.882003],[35.211835,31.881924],[35.212045,31.881857],[35.212266,31.881781],[35.212411,31.881719],[35.212426,31.881713],[35.212459,31.88169],[35.212497,31.881656],[35.212576,31.8816],[35.212716,31.881523],[35.212792,31.881602],[35.212921,31.881717],[35.213064,31.881853],[35.213278,31.882053],[35.21348,31.882236],[35.213585,31.882323],[35.213635,31.882359],[35.213685,31.882397],[35.21373,31.882425],[35.220211,31.882666],[35.223012,31.878827],[35.22561,31.86745],[35.226287,31.866159],[35.226645,31.865589],[35.227086,31.864996],[35.227395,31.86462],[35.227422,31.864592],[35.22745,31.864565],[35.227476,31.864537],[35.227502,31.864509],[35.227528,31.86448],[35.227552,31.86445],[35.227577,31.864421],[35.2276,31.864391],[35.227623,31.864361],[35.227646,31.86433],[35.227667,31.864299],[35.227688,31.864268],[35.227709,31.864236],[35.227728,31.864204],[35.227748,31.864172],[35.227766,31.86414],[35.227784,31.864107],[35.227801,31.864074],[35.227817,31.864041],[35.227833,31.864007],[35.227848,31.863973],[35.227862,31.86394],[35.227876,31.863905],[35.227889,31.863871],[35.227901,31.863836],[35.227912,31.863802],[35.227923,31.863767],[35.227933,31.863732],[35.227942,31.863697],[35.227951,31.863661],[35.227958,31.863626],[35.227965,31.86359],[35.227972,31.863555],[35.227977,31.863519],[35.227982,31.863483],[35.227986,31.863447],[35.22799,31.863411],[35.227992,31.863375],[35.227994,31.863339],[35.227995,31.863303],[35.227996,31.863267],[35.227995,31.863231],[35.227994,31.863195],[35.227992,31.863159],[35.22799,31.863123],[35.227986,31.863087],[35.227982,31.863051],[35.227977,31.863015],[35.227972,31.862979],[35.227965,31.862944],[35.227958,31.862908],[35.22795,31.862873],[35.227942,31.862837],[35.227933,31.862802],[35.227922,31.862767],[35.227912,31.862732],[35.2279,31.862697],[35.227888,31.862663],[35.227875,31.862628],[35.227862,31.862594],[35.227847,31.86256],[35.227832,31.862527],[35.227817,31.862493],[35.2278,31.86246],[35.227783,31.862427],[35.227765,31.862394],[35.227748,31.862359],[35.227731,31.862332],[35.227714,31.862301],[35.227694,31.862266],[35.227677,31.862232],[35.227658,31.862198],[35.227639,31.862166],[35.227611,31.862126],[35.227592,31.862099],[35.227253,31.861623],[35.227113,31.861426],[35.226276,31.86042],[35.226008,31.860121],[35.225984,31.860091],[35.225962,31.86006],[35.22594,31.860029],[35.225918,31.859998],[35.225898,31.859967],[35.225878,31.859935],[35.225859,31.859903],[35.22584,31.85987],[35.225823,31.859838],[35.225806,31.859805],[35.225789,31.859771],[35.225774,31.859738],[35.225759,31.859704],[35.225745,31.85967],[35.225732,31.859636],[35.225719,31.859601],[35.225707,31.859567],[35.225696,31.859532],[35.225686,31.859497],[35.225677,31.859462],[35.225668,31.859426],[35.22566,31.859391],[35.225653,31.859355],[35.225647,31.85932],[35.22564,31.859271],[35.224824,31.854306],[35.224819,31.85427],[35.224815,31.854234],[35.224811,31.854198],[35.224808,31.854162],[35.224812,31.853833],[35.224812,31.853759],[35.224834,31.853484],[35.22486,31.853349],[35.224947,31.852888],[35.224955,31.852846],[35.22506,31.852526],[35.225353,31.852036],[35.225975,31.851136],[35.227202,31.849542],[35.228425,31.847937],[35.228845,31.846531],[35.228878,31.846222],[35.228984,31.84581],[35.229297,31.844976],[35.229641,31.844211],[35.229927,31.843297],[35.230073,31.842648],[35.23236,31.842327],[35.23337,31.841954],[35.241874,31.845259],[35.242241,31.845294],[35.243007,31.845292],[35.243264,31.84528],[35.24389,31.845247],[35.244755,31.84526],[35.244914,31.845254],[35.245327,31.845171],[35.246344,31.84514],[35.246707,31.845135],[35.247272,31.845117],[35.247389,31.845116],[35.248044,31.845104],[35.248102,31.8451],[35.248542,31.845085],[35.248635,31.845076],[35.249634,31.844517],[35.249753,31.844412],[35.249949,31.844318],[35.250216,31.84414],[35.250245,31.844163],[35.250422,31.843997],[35.250474,31.844028],[35.250707,31.843977],[35.250932,31.843932],[35.251041,31.843904],[35.251174,31.843799],[35.251323,31.843682],[35.251381,31.84357],[35.251518,31.843302],[35.25157,31.843186],[35.251655,31.843089],[35.251696,31.843033],[35.251808,31.842902],[35.251865,31.842862],[35.251962,31.84275],[35.252035,31.842724],[35.252273,31.842599],[35.25246,31.842477],[35.252666,31.842364],[35.252848,31.842337],[35.253054,31.842347],[35.253404,31.842178],[35.253495,31.842111],[35.253541,31.841996],[35.254067,31.841581],[35.254433,31.841271],[35.254762,31.841125],[35.254998,31.840969],[35.255036,31.840937],[35.255173,31.840839],[35.255336,31.840725],[35.255453,31.840642],[35.255727,31.840449],[35.255973,31.840221],[35.256151,31.840074],[35.256327,31.839923],[35.256475,31.839797],[35.256622,31.839669],[35.256922,31.83946],[35.257063,31.838294],[35.256888,31.83815],[35.256766,31.837999],[35.256634,31.837811],[35.256294,31.837262],[35.256058,31.836891],[35.255943,31.836712],[35.255684,31.836453],[35.255376,31.836223],[35.254973,31.835951],[35.254393,31.835561],[35.253944,31.835267],[35.253579,31.83501],[35.253402,31.83488],[35.253222,31.834691],[35.253098,31.834473],[35.253015,31.834283],[35.252964,31.83409],[35.252897,31.833843],[35.252805,31.833429],[35.252753,31.833298],[35.252678,31.833135],[35.252539,31.832898],[35.252395,31.832719],[35.25222,31.832551],[35.252061,31.832434],[35.251798,31.831908],[35.251096,31.830389],[35.253823,31.830464],[35.254517,31.830048],[35.25522,31.829742],[35.255606,31.829547],[35.256037,31.829347],[35.256688,31.829362],[35.257906,31.829225],[35.258375,31.82914],[35.258865,31.829011],[35.259775,31.828632],[35.261088,31.828023],[35.262781,31.827264],[35.263669,31.826813],[35.26385,31.826715],[35.264119,31.826373],[35.26444,31.82598],[35.264675,31.825724],[35.265046,31.825547],[35.264701,31.825567],[35.26459,31.825523],[35.264435,31.825522],[35.264276,31.825548],[35.264039,31.825461],[35.263889,31.825299],[35.26374,31.82519],[35.263604,31.825096],[35.263519,31.825068],[35.263398,31.824977],[35.263309,31.824893],[35.263208,31.824773],[35.263083,31.824635],[35.262962,31.824502],[35.262685,31.824248],[35.26235,31.823967],[35.262272,31.823912],[35.262201,31.823867],[35.262063,31.823782],[35.26197,31.823696],[35.261853,31.823572],[35.261786,31.823476],[35.261714,31.823364],[35.261662,31.823293],[35.261609,31.823195],[35.261545,31.823154],[35.2615,31.82312],[35.26138,31.822995],[35.261295,31.822783],[35.261291,31.822737],[35.26124,31.822665],[35.261263,31.822614],[35.261272,31.822575],[35.261284,31.822389],[35.26129,31.822311],[35.261311,31.822172],[35.261272,31.821895],[35.261347,31.821706],[35.261361,31.821671],[35.26142,31.821558],[35.261521,31.821367],[35.261541,31.821249],[35.261469,31.82096],[35.261409,31.820872],[35.261339,31.820653],[35.260984,31.820324],[35.260981,31.820172],[35.260984,31.819994],[35.260742,31.819493],[35.260491,31.819375],[35.260178,31.81917],[35.260023,31.819045],[35.259933,31.818967],[35.259786,31.818871],[35.259553,31.818692],[35.259543,31.818537],[35.259191,31.818204],[35.259062,31.818137],[35.258827,31.817872],[35.258608,31.817636],[35.258339,31.817369],[35.258412,31.81733],[35.258384,31.817022],[35.258337,31.816896],[35.258102,31.816665],[35.258032,31.816528],[35.257705,31.816081],[35.257658,31.816011],[35.257515,31.815698],[35.25732,31.815213],[35.257127,31.814779],[35.257045,31.814343],[35.256943,31.814146],[35.25684,31.813955],[35.25677,31.81381],[35.256336,31.813451],[35.256299,31.813395],[35.256268,31.813336],[35.25618,31.81324],[35.256032,31.813097],[35.255882,31.812958],[35.255807,31.812946],[35.25572,31.812938],[35.255649,31.812926],[35.255511,31.812882],[35.255445,31.81286],[35.255376,31.812846],[35.257239,31.810775],[35.256485,31.803772],[35.256512,31.803755],[35.256525,31.803716],[35.256528,31.803698],[35.256539,31.803683],[35.256555,31.803671],[35.256574,31.803665],[35.256615,31.80367],[35.256631,31.803663],[35.256641,31.803659],[35.256657,31.803647],[35.256678,31.803631],[35.256695,31.803619],[35.256713,31.80361],[35.256721,31.803593],[35.256714,31.803573],[35.256709,31.803549],[35.256706,31.803533],[35.256844,31.803414],[35.256876,31.803386],[35.256903,31.803351],[35.25693,31.803308],[35.257078,31.803067],[35.257114,31.802955],[35.257121,31.802934],[35.257125,31.802915],[35.257129,31.802901],[35.257137,31.802885],[35.25715,31.802867],[35.257164,31.802853],[35.257182,31.802843],[35.257199,31.802833],[35.257225,31.802825],[35.257269,31.802808],[35.257323,31.802785],[35.257344,31.802773],[35.257375,31.802755],[35.257406,31.802734],[35.257602,31.802576],[35.257667,31.802474],[35.257738,31.802308],[35.257886,31.801815],[35.258054,31.801687],[35.258211,31.801549],[35.258367,31.801428],[35.258479,31.801314],[35.258599,31.80127],[35.258703,31.801211],[35.258798,31.801118],[35.258881,31.801075],[35.259084,31.801022],[35.259203,31.801058],[35.259302,31.801077],[35.25944,31.800921],[35.259804,31.792949],[35.259814,31.79265],[35.259913,31.792299],[35.259982,31.792101],[35.260237,31.791895],[35.260295,31.791791],[35.260429,31.791662],[35.260511,31.791562],[35.260529,31.791526],[35.260617,31.791456],[35.26078,31.791349],[35.260909,31.791281],[35.261073,31.791147],[35.261169,31.791087],[35.261247,31.791052],[35.26133,31.790906],[35.261362,31.790839],[35.261418,31.790755],[35.261406,31.790701],[35.261451,31.790648],[35.26152,31.790586],[35.261601,31.790497],[35.261671,31.790435],[35.261738,31.790358],[35.261812,31.79025],[35.261894,31.790157],[35.261943,31.790087],[35.262005,31.790037],[35.262269,31.79001],[35.262409,31.790005],[35.262512,31.790009],[35.262625,31.789995],[35.262694,31.789972],[35.262724,31.790008],[35.262779,31.790019],[35.262811,31.790026],[35.262853,31.790015],[35.262917,31.78997],[35.262996,31.789966],[35.259174,31.785446],[35.257931,31.785447],[35.257655,31.785375],[35.257592,31.78536],[35.256988,31.780459],[35.253556,31.770678],[35.252939,31.770631],[35.252766,31.770519],[35.252445,31.770453],[35.252272,31.770468],[35.251768,31.770506],[35.251755,31.770463],[35.251745,31.770183],[35.251748,31.770067],[35.251836,31.769721],[35.251954,31.769284],[35.25205,31.768963],[35.252127,31.768655],[35.252241,31.768329],[35.252304,31.768191],[35.252367,31.767929],[35.252401,31.767715],[35.252415,31.7676],[35.252445,31.767472],[35.252496,31.767363],[35.252545,31.76723],[35.252919,31.762929],[35.259782,31.756871],[35.259725,31.756838],[35.259678,31.756804],[35.259633,31.756755],[35.259593,31.756695],[35.259546,31.756606],[35.259496,31.756501],[35.259478,31.756311],[35.259444,31.75619],[35.259468,31.755979],[35.259598,31.755693],[35.259706,31.755419],[35.259716,31.755247],[35.259642,31.75504],[35.259541,31.754794],[35.259454,31.754512],[35.259263,31.753904],[35.259215,31.753606],[35.259218,31.753523],[35.25925,31.753377],[35.259305,31.753171],[35.259428,31.752587],[35.25946,31.752472],[35.259507,31.752404],[35.259744,31.752302],[35.259935,31.752234],[35.260322,31.752083],[35.260448,31.75201],[35.26062,31.751908],[35.2609,31.751694],[35.261058,31.751576],[35.261256,31.751407],[35.261569,31.751112],[35.261937,31.750781],[35.262243,31.750489],[35.262546,31.750203],[35.262677,31.75007],[35.262854,31.749749],[35.263033,31.749403],[35.26319,31.74916],[35.263232,31.749094],[35.263298,31.748927],[35.263302,31.748918],[35.263325,31.748858],[35.263365,31.748573],[35.26194,31.747581],[35.260571,31.746648],[35.25819,31.742442],[35.251539,31.738838],[35.251591,31.738785],[35.25187,31.738476],[35.251961,31.738313],[35.252021,31.737942],[35.252093,31.737809],[35.25214,31.737701],[35.25228,31.737519],[35.25222,31.737276],[35.252255,31.736981],[35.252153,31.736776],[35.252063,31.736566],[35.252021,31.736472],[35.25199,31.736317],[35.251858,31.736052],[35.251749,31.735714],[35.251695,31.735617],[35.251715,31.735463],[35.251634,31.735269],[35.251579,31.735079],[35.251559,31.73499],[35.251612,31.734889],[35.251587,31.734809],[35.251562,31.734648],[35.251534,31.734566],[35.251506,31.734516],[35.251584,31.734454],[35.251625,31.734355],[35.251604,31.734244],[35.251544,31.734171],[35.251474,31.734082],[35.251498,31.733939],[35.251575,31.733806],[35.251677,31.733651],[35.251719,31.73355],[35.251718,31.733438],[35.25165,31.733329],[35.25155,31.733242],[35.251476,31.733105],[35.25141,31.732872],[35.251415,31.732776],[35.251474,31.732634],[35.251462,31.732543],[35.249788,31.725502],[35.243796,31.719956],[35.24277,31.712236],[35.242726,31.712205],[35.239076,31.709621],[35.231247,31.712947],[35.231179,31.713094],[35.231132,31.713229],[35.231076,31.713299],[35.230972,31.71335],[35.230837,31.713408],[35.230723,31.71352],[35.230635,31.713617],[35.230554,31.713662],[35.230493,31.713705],[35.230479,31.713746],[35.230469,31.713841],[35.230478,31.713961],[35.230425,31.714052],[35.230289,31.714245],[35.230135,31.714436],[35.230054,31.714518],[35.229925,31.714596],[35.229838,31.714639],[35.229794,31.71466],[35.229785,31.714717],[35.229754,31.714879],[35.229725,31.714951],[35.229605,31.715092],[35.229568,31.715165],[35.229527,31.715315],[35.229501,31.715371],[35.229483,31.715449],[35.229483,31.715591],[35.229472,31.715726],[35.229487,31.715892],[35.229451,31.715999],[35.22937,31.716113],[35.229361,31.716159],[35.229348,31.716223],[35.229244,31.716322],[35.229174,31.716422],[35.229154,31.716477],[35.229131,31.716549],[35.229065,31.716665],[35.22895,31.716854],[35.228872,31.716995],[35.228819,31.717097],[35.228511,31.717432],[35.228528,31.71756],[35.22452,31.719004],[35.220685,31.71661],[35.220027,31.716199],[35.219033,31.715578],[35.205758,31.723609],[35.196496,31.722418],[35.195568,31.722298],[35.19177,31.721809],[35.188826,31.72143],[35.186803,31.721233],[35.179763,31.720545],[35.165008,31.732347],[35.154033,31.733606],[35.150905,31.736633],[35.150868,31.736668],[35.150008,31.736425],[35.149334,31.736314],[35.148696,31.736079],[35.148408,31.735883],[35.147516,31.735095],[35.146478,31.734254],[35.146186,31.733983],[35.146093,31.733897],[35.145699,31.73353],[35.145219,31.733022],[35.144751,31.732587],[35.144293,31.732069],[35.143616,31.731197],[35.143195,31.73071],[35.142553,31.73012],[35.141067,31.729171],[35.139684,31.728844],[35.138972,31.728752],[35.138347,31.728729],[35.137493,31.728943],[35.137038,31.729168],[35.136574,31.729582],[35.136289,31.730003],[35.1363,31.730009],[35.136231,31.730375],[35.136157,31.730904],[35.136328,31.730932],[35.136386,31.731711],[35.13636,31.732698],[35.136407,31.733669],[35.136413,31.733755],[35.136393,31.733789],[35.136285,31.733921],[35.136164,31.734039],[35.135945,31.734199],[35.135696,31.734323],[35.135426,31.734409],[35.135143,31.734454],[35.134854,31.734456],[35.13457,31.734415],[35.1345,31.734399],[35.134407,31.734376],[35.134304,31.734351],[35.134222,31.734327],[35.134131,31.7343],[35.13404,31.734272],[35.133949,31.734243],[35.13386,31.734212],[35.13371,31.734157],[35.132842,31.733747],[35.132726,31.73368],[35.13173,31.73312],[35.131335,31.732873],[35.130799,31.732425],[35.130687,31.732317],[35.129687,31.731515],[35.129579,31.731444],[35.129468,31.731373],[35.129355,31.731304],[35.129241,31.731236],[35.129125,31.731171],[35.129008,31.731106],[35.12889,31.731044],[35.12877,31.730984],[35.128649,31.730925],[35.128527,31.730868],[35.128184,31.730685],[35.12777,31.730382],[35.12769,31.730311],[35.127602,31.730231],[35.127516,31.730149],[35.127432,31.730066],[35.127349,31.729982],[35.127268,31.729897],[35.127189,31.72981],[35.127112,31.729723],[35.127036,31.729634],[35.126963,31.729544],[35.126866,31.729423],[35.126616,31.729102],[35.126374,31.728778],[35.126138,31.72845],[35.125908,31.728119],[35.125686,31.727785],[35.125279,31.727151],[35.124693,31.726208],[35.124538,31.725954],[35.123978,31.725062],[35.123772,31.724736],[35.123516,31.724316],[35.12327,31.723893],[35.123032,31.723465],[35.122971,31.723355],[35.122854,31.72315],[35.122733,31.722947],[35.122608,31.722745],[35.122478,31.722545],[35.122345,31.722348],[35.122208,31.722152],[35.122066,31.721958],[35.121921,31.721767],[35.121844,31.721663],[35.121566,31.721181],[35.121332,31.72055],[35.121165,31.719644],[35.121053,31.718258],[35.121014,31.717883],[35.120851,31.716274],[35.120834,31.716159],[35.12077,31.715947],[35.120664,31.715748],[35.120518,31.715568],[35.120339,31.715412],[35.12017,31.715287],[35.119842,31.71504],[35.119687,31.714922],[35.119412,31.714718],[35.119132,31.714519],[35.118848,31.714323],[35.118558,31.714153],[35.118157,31.71399],[35.118145,31.713986],[35.117282,31.713784],[35.116392,31.713713],[35.1155,31.713776],[35.113978,31.714],[35.113877,31.714015],[35.113561,31.714066],[35.113245,31.714122],[35.112931,31.714183],[35.112617,31.714248],[35.112305,31.714318],[35.111861,31.714423],[35.111141,31.714603],[35.110425,31.714794],[35.110348,31.714815],[35.109827,31.714953],[35.109304,31.715082],[35.108778,31.715204],[35.108703,31.71522],[35.108187,31.715283],[35.108071,31.715286],[35.10762,31.715257],[35.107183,31.715161],[35.106771,31.715001],[35.106398,31.714783],[35.106075,31.714512],[35.105953,31.714392],[35.105807,31.714253],[35.105659,31.714117],[35.105509,31.713984],[35.105355,31.713852],[35.105267,31.713778],[35.105047,31.713587],[35.104831,31.713392],[35.104619,31.713195],[35.104411,31.712994],[35.104207,31.71279],[35.10394,31.712523],[35.103646,31.712239],[35.103345,31.711958],[35.103127,31.711761],[35.102908,31.711729],[35.101876,31.710925],[35.100582,31.709633],[35.09992,31.709054],[35.099381,31.708461],[35.099127,31.708132],[35.098811,31.707723],[35.098211,31.706919],[35.097156,31.70555],[35.096386,31.704522],[35.096217,31.704377],[35.095817,31.703995],[35.095447,31.703547],[35.094554,31.702506],[35.093739,31.701518],[35.093185,31.700833],[35.092857,31.700572],[35.092395,31.700163],[35.091964,31.699834],[35.091275,31.699413],[35.090639,31.699057],[35.090094,31.698726],[35.089596,31.69841],[35.088729,31.697975],[35.088129,31.697675],[35.087465,31.697264],[35.086801,31.696814],[35.086342,31.696539],[35.086038,31.696295],[35.085725,31.695955],[35.085264,31.695269],[35.085116,31.694953],[35.084942,31.694535],[35.084749,31.693983],[35.084657,31.693478],[35.084648,31.693178],[35.084649,31.692754],[35.08472,31.692191],[35.08479,31.691806],[35.084928,31.691398],[35.085187,31.690964],[35.085279,31.690817],[35.085314,31.690711],[35.085279,31.690611],[35.085141,31.690529],[35.084698,31.690359],[35.084145,31.690146],[35.083469,31.689882],[35.083207,31.689803],[35.082894,31.689688],[35.082544,31.689521],[35.081827,31.689235],[35.081508,31.689111],[35.08109,31.688984],[35.08042,31.68872],[35.079612,31.688407],[35.078545,31.687994],[35.077932,31.687742],[35.077297,31.687499],[35.076397,31.687131],[35.075273,31.68663],[35.074429,31.686345],[35.073571,31.686035],[35.073022,31.685846],[35.072752,31.685745],[35.072611,31.685692],[35.072245,31.685518],[35.071948,31.685337],[35.071477,31.685103],[35.070998,31.684879],[35.069924,31.684399],[35.069295,31.684151],[35.068979,31.684008],[35.068394,31.68365],[35.067888,31.683367],[35.067379,31.683062],[35.067021,31.682849],[35.06656,31.682497],[35.066351,31.682285],[35.066034,31.681979],[35.06535,31.681393],[35.064918,31.681032],[35.064719,31.680858],[35.064404,31.680612],[35.064191,31.680478],[35.063773,31.680217],[35.063537,31.680082],[35.063356,31.679966],[35.063204,31.679851],[35.06303,31.679748],[35.062725,31.679496],[35.062389,31.679253],[35.062005,31.678984],[35.061612,31.678705],[35.060994,31.678291],[35.060108,31.67775],[35.059488,31.677343],[35.058711,31.676894],[35.057988,31.676512],[35.057233,31.676102],[35.057017,31.676024],[35.05673,31.675863],[35.056447,31.67565],[35.055894,31.675249],[35.055486,31.674917],[35.055391,31.674859],[35.055125,31.67472],[35.05443,31.674304],[35.053829,31.673931],[35.053503,31.673721],[35.053194,31.673531],[35.052847,31.673314],[35.052432,31.673052],[35.052124,31.672816],[35.051774,31.672521],[35.051277,31.672453],[35.050908,31.672212],[35.05004,31.671654],[35.049337,31.67124],[35.04886,31.670951],[35.048303,31.670613],[35.046744,31.669704],[35.046642,31.669654],[35.046027,31.669278],[35.045961,31.669231],[35.045247,31.668811],[35.045195,31.668785],[35.045056,31.668715],[35.044918,31.668644],[35.044783,31.66857],[35.044648,31.668494],[35.044515,31.668416],[35.044384,31.668336],[35.044255,31.668255],[35.044127,31.668171],[35.044072,31.668134],[35.043684,31.66787],[35.043302,31.667601],[35.043254,31.667566],[35.043077,31.667435],[35.042903,31.667302],[35.042732,31.667166],[35.042663,31.667111],[35.041022,31.66602],[35.040907,31.665955],[35.040786,31.665885],[35.040667,31.665812],[35.04055,31.665739],[35.040434,31.665663],[35.040319,31.665586],[35.040069,31.665435],[35.039693,31.665276],[35.039575,31.665235],[35.039459,31.665193],[35.039343,31.665149],[35.039228,31.665103],[35.039114,31.665055],[35.039001,31.665006],[35.038902,31.664963],[35.037824,31.664599],[35.037276,31.664428],[35.036565,31.664094],[35.036502,31.664058],[35.036337,31.663961],[35.036174,31.663861],[35.036014,31.663759],[35.035855,31.663655],[35.035698,31.663548],[35.035591,31.663474],[35.035461,31.663389],[35.035331,31.663305],[35.035198,31.663224],[35.035064,31.663144],[35.034928,31.663067],[35.034791,31.662991],[35.034652,31.662918],[35.034337,31.662753],[35.033419,31.662261],[35.032506,31.661752],[35.032187,31.661567],[35.031871,31.661377],[35.03156,31.661183],[35.031252,31.660984],[35.031163,31.660926],[35.030938,31.660782],[35.03071,31.660642],[35.03048,31.660506],[35.030247,31.660373],[35.030011,31.660243],[35.029772,31.660117],[35.029531,31.659995],[35.029281,31.659872],[35.02888,31.659681],[35.028475,31.659496],[35.028067,31.659318],[35.02696,31.658923],[35.025483,31.658615],[35.024698,31.658516],[35.023932,31.658394],[35.022457,31.657982],[35.022317,31.657932],[35.022137,31.65787],[35.021956,31.657811],[35.021774,31.657755],[35.021591,31.657702],[35.021406,31.657651],[35.02122,31.657603],[35.021034,31.657558],[35.020847,31.657516],[35.020658,31.657476],[35.020614,31.657467],[35.020165,31.657332],[35.019749,31.657133],[35.019473,31.656975],[35.019131,31.656785],[35.018785,31.656601],[35.01873,31.656573],[35.018376,31.656433],[35.018,31.656348],[35.017875,31.656329],[35.017734,31.656305],[35.017594,31.656279],[35.017453,31.656251],[35.017314,31.65622],[35.017175,31.656188],[35.017036,31.656154],[35.016899,31.656117],[35.016762,31.656079],[35.016626,31.656038],[35.016579,31.656023],[35.016311,31.65591],[35.01607,31.655758],[35.015992,31.655705],[35.015841,31.655629],[35.015678,31.655576],[35.015355,31.655498],[35.013463,31.654963],[35.01283,31.6548],[35.011455,31.65443],[35.011337,31.654399],[35.010557,31.654264],[35.010227,31.654222],[35.009489,31.654043],[35.009284,31.653976],[35.008981,31.653871],[35.00868,31.653762],[35.008382,31.653649],[35.008085,31.653531],[35.007792,31.653409],[35.0075,31.653283],[35.007212,31.653152],[35.006926,31.653017],[35.006255,31.652651],[35.005282,31.651936],[35.005106,31.65178],[35.004934,31.651621],[35.004765,31.65146],[35.0046,31.651296],[35.003824,31.650516],[35.001626,31.648741],[34.999117,31.646967],[34.999381,31.646568],[34.998533,31.646116],[34.997875,31.645834],[34.997603,31.645664],[34.997265,31.645455],[34.997005,31.6453],[34.996749,31.645119],[34.996498,31.644879],[34.995991,31.644314],[34.995518,31.643779],[34.99502,31.643209],[34.994356,31.642439],[34.993901,31.641909],[34.993679,31.64173],[34.993329,31.64143],[34.992927,31.64097],[34.992326,31.640245],[34.992222,31.64012],[34.992158,31.640005],[34.992029,31.639819],[34.991724,31.63951],[34.991106,31.638874],[34.990529,31.638244],[34.990336,31.638014],[34.990272,31.637924],[34.990022,31.637614],[34.989853,31.637463],[34.989788,31.637403],[34.989553,31.637129],[34.989023,31.636544],[34.988434,31.635853],[34.987997,31.635318],[34.987846,31.635108],[34.987215,31.634189],[34.986551,31.633254],[34.986293,31.632939],[34.985675,31.632189],[34.985541,31.632029],[34.98539,31.631804],[34.985093,31.631374],[34.984639,31.630769],[34.984402,31.630447],[34.983838,31.629684],[34.982901,31.628468],[34.98245,31.627929],[34.982153,31.627504],[34.981728,31.626899],[34.981362,31.626299],[34.98097,31.625714],[34.980365,31.624774],[34.980091,31.624369],[34.98001,31.624294],[34.979928,31.624184],[34.979777,31.623939],[34.979566,31.62359],[34.978757,31.62245],[34.978553,31.622145],[34.977859,31.62106],[34.977032,31.62002],[34.976756,31.619741],[34.976505,31.619361],[34.976005,31.618695],[34.975463,31.618],[34.975257,31.617786],[34.975071,31.617621],[34.974907,31.617466],[34.974686,31.617245],[34.974086,31.61669],[34.973858,31.61647],[34.973596,31.616204],[34.973404,31.615934],[34.973105,31.615615],[34.973029,31.615575],[34.972935,31.61553],[34.972883,31.61546],[34.972737,31.61531],[34.972073,31.614614],[34.970987,31.613456],[34.970486,31.61295],[34.970306,31.612775],[34.969857,31.612375],[34.969208,31.61177],[34.968648,31.611185],[34.968339,31.610894],[34.968258,31.610809],[34.968031,31.610554],[34.96783,31.610321],[34.96778,31.610264],[34.967447,31.60985],[34.966999,31.60934],[34.966206,31.608514],[34.965621,31.6079],[34.964783,31.606979],[34.964264,31.606474],[34.963961,31.606193],[34.963357,31.605573],[34.962594,31.604768],[34.961994,31.604117],[34.961183,31.603328],[34.960618,31.602683],[34.960379,31.602477],[34.960257,31.602347],[34.960041,31.602162],[34.95938,31.601492],[34.958628,31.600676],[34.957906,31.599961],[34.957679,31.59975],[34.957251,31.599276],[34.956657,31.598671],[34.955684,31.597845],[34.95514,31.59734],[34.954295,31.596524],[34.953538,31.595788],[34.952994,31.595284],[34.952755,31.595034],[34.95251,31.594779],[34.952394,31.594663],[34.952324,31.594558],[34.952213,31.594353],[34.952086,31.594038],[34.951981,31.593833],[34.951852,31.593629],[34.951759,31.593359],[34.951551,31.592644],[34.951278,31.591865],[34.951186,31.591575],[34.951168,31.59145],[34.95107,31.591205],[34.95103,31.590951],[34.950954,31.590736],[34.950844,31.590461],[34.950647,31.589881],[34.950496,31.589491],[34.950374,31.589301],[34.950305,31.589076],[34.950171,31.588621],[34.949939,31.587882],[34.949667,31.587152],[34.949481,31.586702],[34.949242,31.586063],[34.948882,31.585153],[34.948766,31.584938],[34.948679,31.584648],[34.948453,31.583974],[34.948111,31.582954],[34.94778,31.582019],[34.947418,31.58222],[34.94692,31.580689],[34.946666,31.578764],[34.94666,31.578619],[34.946649,31.578421],[34.946634,31.578223],[34.946615,31.578025],[34.946592,31.577828],[34.946565,31.577631],[34.946534,31.577434],[34.946499,31.577238],[34.94646,31.577043],[34.946417,31.576848],[34.946412,31.576825],[34.946339,31.576494],[34.946273,31.576161],[34.946214,31.575827],[34.946162,31.575493],[34.946117,31.575158],[34.946078,31.574822],[34.946046,31.574486],[34.946021,31.574149],[34.946003,31.573812],[34.945883,31.571043],[34.945868,31.570828],[34.945831,31.570392],[34.945785,31.569958],[34.94573,31.569523],[34.945666,31.56909],[34.945594,31.568657],[34.945575,31.568549],[34.945531,31.568277],[34.945494,31.568004],[34.945461,31.567731],[34.945435,31.567457],[34.945414,31.567183],[34.945398,31.566908],[34.945388,31.566634],[34.945387,31.566586],[34.945379,31.566417],[34.945369,31.566247],[34.945355,31.566078],[34.945338,31.565909],[34.945317,31.565741],[34.945292,31.565573],[34.945265,31.565405],[34.945248,31.565315],[34.945226,31.565205],[34.945201,31.565095],[34.945174,31.564986],[34.945145,31.564877],[34.945114,31.564769],[34.945081,31.564661],[34.945045,31.564553],[34.945007,31.564446],[34.944967,31.56434],[34.944958,31.564317],[34.944693,31.563802],[34.944327,31.563335],[34.943872,31.562929],[34.943671,31.562752],[34.943487,31.562526],[34.943352,31.562276],[34.943269,31.56201],[34.943242,31.561735],[34.943248,31.559675],[34.943298,31.556857],[34.943288,31.556618],[34.943133,31.555714],[34.943083,31.555535],[34.942799,31.554557],[34.942794,31.554543],[34.942711,31.554276],[34.942622,31.554011],[34.942527,31.553748],[34.942427,31.553485],[34.942322,31.553225],[34.942212,31.552966],[34.942008,31.55249],[34.94179,31.551952],[34.941582,31.551411],[34.941569,31.551375],[34.941528,31.55126],[34.94149,31.551145],[34.941454,31.551029],[34.941421,31.550913],[34.94139,31.550797],[34.941361,31.55068],[34.941335,31.550562],[34.941311,31.550444],[34.941289,31.550326],[34.941275,31.550236],[34.941169,31.548421],[34.941349,31.544302],[34.941527,31.541375],[34.9416,31.539916],[34.941661,31.538713],[34.941715,31.534521],[34.941811,31.531966],[34.941852,31.530872],[34.941826,31.530427],[34.941897,31.52986],[34.941952,31.529588],[34.942026,31.528541],[34.941907,31.527572],[34.941567,31.526517],[34.940937,31.52507],[34.940905,31.525007],[34.940434,31.523768],[34.940409,31.523664],[34.940367,31.523281],[34.940404,31.522897],[34.940519,31.522525],[34.940637,31.52224],[34.941144,31.520978],[34.941624,31.519708],[34.94164,31.519665],[34.941823,31.51915],[34.941995,31.518632],[34.942157,31.518111],[34.942308,31.517589],[34.942448,31.517064],[34.942578,31.516537],[34.942696,31.516008],[34.942705,31.515971],[34.942756,31.515746],[34.942812,31.515522],[34.942872,31.515299],[34.942937,31.515077],[34.943006,31.514856],[34.94308,31.514636],[34.943141,31.514443],[34.943252,31.513805],[34.943256,31.513747],[34.943425,31.512846],[34.943504,31.512579],[34.944021,31.510896],[34.944134,31.510393],[34.944151,31.509812],[34.943988,31.507572],[34.943783,31.505418],[34.943726,31.504965],[34.943241,31.503068],[34.942628,31.501115],[34.942522,31.500833],[34.942269,31.499577],[34.941939,31.499035],[34.941789,31.49869],[34.9415,31.497715],[34.941305,31.497151],[34.94098,31.496415],[34.940852,31.496164],[34.940795,31.495968],[34.940684,31.495778],[34.940626,31.495539],[34.940564,31.4953],[34.940497,31.495062],[34.940425,31.494825],[34.940349,31.494589],[34.940267,31.494354],[34.940181,31.494121],[34.93973,31.492915],[34.939006,31.490882],[34.938958,31.490743],[34.938682,31.489978],[34.938391,31.489216],[34.938084,31.48846],[34.93712,31.486145],[34.93701,31.485964],[34.936738,31.485503],[34.936475,31.485038],[34.936223,31.48457],[34.93598,31.484098],[34.935536,31.483236],[34.935074,31.482379],[34.934594,31.48153],[34.93451,31.481383],[34.934088,31.48063],[34.933682,31.479871],[34.933292,31.479106],[34.933153,31.478829],[34.932898,31.478344],[34.932634,31.477863],[34.93236,31.477386],[34.932257,31.477207],[34.932068,31.47687],[34.931886,31.476529],[34.931711,31.476187],[34.931542,31.475841],[34.931381,31.475493],[34.931227,31.475143],[34.931221,31.475128],[34.931143,31.474951],[34.931061,31.474775],[34.930975,31.4746],[34.930886,31.474426],[34.930793,31.474253],[34.930697,31.474082],[34.930598,31.473913],[34.930534,31.473808],[34.930053,31.473027],[34.929556,31.472254],[34.929043,31.471489],[34.928919,31.471304],[34.928772,31.471078],[34.928631,31.47085],[34.928493,31.47062],[34.928361,31.470387],[34.928234,31.470153],[34.928111,31.469917],[34.927993,31.46968],[34.927856,31.469403],[34.927685,31.46907],[34.927506,31.468741],[34.927321,31.468413],[34.926643,31.467241],[34.925331,31.464909],[34.925026,31.464387],[34.923566,31.462448],[34.923465,31.462335],[34.923284,31.462128],[34.923106,31.461917],[34.922934,31.461704],[34.922765,31.461489],[34.922601,31.46127],[34.922442,31.46105],[34.922287,31.460827],[34.922136,31.460602],[34.92164,31.459886],[34.919613,31.457597],[34.918171,31.456233],[34.914805,31.452757],[34.912702,31.450512],[34.911524,31.449281],[34.911353,31.449088],[34.911112,31.448807],[34.910877,31.448522],[34.910648,31.448235],[34.910424,31.447943],[34.910207,31.447649],[34.909996,31.447351],[34.90979,31.44705],[34.909591,31.446747],[34.90953,31.446652],[34.909386,31.446438],[34.909239,31.446225],[34.909087,31.446015],[34.908931,31.445807],[34.908771,31.445602],[34.908606,31.445399],[34.908438,31.445199],[34.907829,31.4445],[34.907286,31.443897],[34.906539,31.443097],[34.905872,31.44241],[34.905779,31.442316],[34.905419,31.441961],[34.905145,31.441732],[34.904679,31.441269],[34.904298,31.440931],[34.90391,31.440599],[34.903516,31.440273],[34.900766,31.438037],[34.900389,31.437725],[34.899817,31.437104],[34.899379,31.436407],[34.899305,31.436257],[34.899213,31.436061],[34.899125,31.435864],[34.899041,31.435666],[34.89896,31.435467],[34.898642,31.434772],[34.897911,31.433658],[34.897401,31.432968],[34.896359,31.431088],[34.895771,31.429702],[34.895186,31.428242],[34.895002,31.427757],[34.894789,31.427166],[34.894588,31.426571],[34.894399,31.425974],[34.894223,31.425374],[34.894058,31.424771],[34.893622,31.423522],[34.892802,31.422058],[34.891535,31.420227],[34.890066,31.418019],[34.888977,31.415812],[34.887629,31.413294],[34.885911,31.40964],[34.884572,31.406421],[34.883558,31.403902],[34.882504,31.400732],[34.881258,31.397017],[34.881079,31.396041],[34.881055,31.394487],[34.881078,31.394236],[34.881186,31.393169],[34.881317,31.392103],[34.881384,31.391674],[34.881869,31.390009],[34.882682,31.388441],[34.883167,31.387697],[34.884513,31.385687],[34.886081,31.383414],[34.886546,31.382688],[34.887397,31.380852],[34.887403,31.380836],[34.887585,31.380297],[34.887756,31.379756],[34.887916,31.379211],[34.888897,31.375745],[34.889582,31.372783],[34.889607,31.372611],[34.889712,31.372262],[34.889886,31.371933],[34.889926,31.371873],[34.890087,31.371637],[34.890252,31.371403],[34.890422,31.371172],[34.890596,31.370943],[34.890776,31.370717],[34.890959,31.370494],[34.891148,31.370274],[34.891341,31.370056],[34.891538,31.369841],[34.893527,31.367714],[34.893956,31.367307],[34.894511,31.366797],[34.895076,31.366295],[34.895652,31.365802],[34.896237,31.365318],[34.896832,31.364842],[34.897818,31.364055],[34.898792,31.363249],[34.899749,31.362428],[34.900849,31.361549],[34.900878,31.361531],[34.903298,31.360052],[34.9034,31.36],[34.904693,31.359188],[34.90485,31.35907],[34.905231,31.358793],[34.905617,31.358522],[34.906009,31.358257],[34.906406,31.357997],[34.906808,31.357744],[34.907215,31.357496],[34.907627,31.357255],[34.908044,31.35702],[34.908466,31.356792],[34.908685,31.356669],[34.90941,31.356155],[34.91002,31.355541],[34.910496,31.354845],[34.910652,31.35453],[34.910881,31.353833],[34.910965,31.353112],[34.910966,31.352961],[34.910736,31.350672],[34.910729,31.350632],[34.910718,31.350442],[34.910745,31.350253],[34.91197,31.349886],[34.913953,31.348349],[34.915335,31.347138],[34.918296,31.345191],[34.920028,31.343567],[34.92206,31.343334],[34.923602,31.342917],[34.924355,31.342464],[34.926444,31.34169],[34.927167,31.341761],[34.933167,31.34278],[34.935664,31.346452],[34.940986,31.346232],[34.947423,31.349604],[34.954628,31.350222],[34.954956,31.348516],[34.955391,31.348566],[34.956437,31.348674],[34.957485,31.348766],[34.958535,31.348843],[34.960549,31.348974],[34.962753,31.349177],[34.963429,31.349174],[34.965512,31.349374],[34.965762,31.349415],[34.966079,31.349463],[34.966397,31.349507],[34.966715,31.349546],[34.967034,31.34958],[34.967354,31.349609],[34.967674,31.349633],[34.968738,31.349713],[34.970061,31.34983],[34.970258,31.34985],[34.970535,31.349881],[34.97081,31.349917],[34.971085,31.349957],[34.97136,31.350001],[34.971633,31.350049],[34.971905,31.350101],[34.972176,31.350157],[34.972446,31.350217],[34.973425,31.350437],[34.974534,31.350669],[34.977,31.351049],[34.979678,31.351701],[34.97987,31.351733],[34.980272,31.351805],[34.980672,31.351883],[34.98107,31.351966],[34.981466,31.352056],[34.981861,31.352152],[34.982254,31.352253],[34.982644,31.352361],[34.983032,31.352474],[34.98397,31.352751],[34.985939,31.35331],[34.986263,31.353397],[34.986738,31.353519],[34.987215,31.353633],[34.987694,31.35374],[34.988176,31.35384],[34.988659,31.353933],[34.989145,31.354019],[34.991829,31.354471],[34.992012,31.354497],[34.992573,31.354636],[34.993096,31.354856],[34.993375,31.354992],[34.994362,31.355354],[34.995407,31.355563],[34.995597,31.355587],[34.995941,31.355635],[34.996284,31.355688],[34.996967,31.355809],[34.997306,31.355877],[34.997644,31.35595],[34.999327,31.356329],[34.999403,31.356354],[35.000114,31.356523],[35.000848,31.356583],[35.000936,31.356584],[35.002092,31.356692],[35.002423,31.356749],[35.002957,31.35685],[35.00349,31.356958],[35.00402,31.357074],[35.004548,31.357198],[35.004579,31.357205],[35.00484,31.357266],[35.005102,31.357323],[35.005366,31.357376],[35.00563,31.357425],[35.005896,31.357471],[35.006162,31.357512],[35.00643,31.357549],[35.006863,31.357603],[35.007328,31.357653],[35.007794,31.357698],[35.008261,31.357734],[35.008472,31.357749],[35.008959,31.357777],[35.009446,31.357798],[35.009934,31.357811],[35.010422,31.357817],[35.01091,31.357816],[35.011156,31.357815],[35.011549,31.357817],[35.011942,31.357826],[35.012334,31.35784],[35.012727,31.35786],[35.013119,31.357887],[35.013303,31.357899],[35.013547,31.357913],[35.01379,31.357923],[35.014034,31.357929],[35.014278,31.357932],[35.014521,31.35793],[35.01454,31.35793],[35.014818,31.357929],[35.015096,31.357932],[35.015374,31.35794],[35.015651,31.357951],[35.015929,31.357967],[35.016206,31.357987],[35.016482,31.358011],[35.016575,31.358019],[35.017142,31.358067],[35.01771,31.358106],[35.018279,31.358137],[35.018849,31.358159],[35.0204,31.358211],[35.022587,31.358282],[35.022952,31.358291],[35.023565,31.358299],[35.024178,31.358297],[35.024792,31.358286],[35.025405,31.358267],[35.025516,31.358262],[35.025806,31.358255],[35.026095,31.358251],[35.026385,31.358252],[35.026675,31.358258],[35.026965,31.358267],[35.027823,31.358306],[35.029433,31.358396],[35.029576,31.358405],[35.029979,31.358426],[35.030382,31.35844],[35.030785,31.358448],[35.031189,31.358451],[35.031593,31.358447],[35.032978,31.358434],[35.034455,31.358441],[35.036461,31.358473],[35.036553,31.358475],[35.036881,31.358477],[35.037209,31.358474],[35.037537,31.358467],[35.037865,31.358455],[35.038192,31.358438],[35.03852,31.358415],[35.038846,31.358388],[35.039289,31.358346],[35.041162,31.358169],[35.042532,31.358023],[35.044014,31.357844],[35.044386,31.357801],[35.046412,31.35775],[35.046681,31.357763],[35.047665,31.357801],[35.04865,31.357823],[35.049635,31.357832],[35.050325,31.357833],[35.052854,31.357864],[35.053492,31.357875],[35.054836,31.357881],[35.056179,31.357868],[35.056299,31.357866],[35.056753,31.357864],[35.057208,31.357868],[35.057662,31.357879],[35.059464,31.357926],[35.062046,31.357961],[35.062583,31.357966],[35.063524,31.357987],[35.064465,31.358022],[35.064558,31.358026],[35.065127,31.358046],[35.065696,31.358057],[35.066265,31.358059],[35.066834,31.358054],[35.067402,31.358039],[35.067971,31.358016],[35.069825,31.357941],[35.070091,31.357932],[35.072305,31.357837],[35.072815,31.357808],[35.073314,31.357771],[35.073813,31.357727],[35.074311,31.357676],[35.074808,31.357617],[35.075303,31.35755],[35.075614,31.357508],[35.076158,31.357439],[35.076703,31.35738],[35.077249,31.357328],[35.077467,31.357308],[35.077901,31.357264],[35.078334,31.357213],[35.078767,31.357155],[35.079198,31.357091],[35.079627,31.357021],[35.079875,31.35698],[35.080205,31.35693],[35.080535,31.356885],[35.080866,31.356845],[35.081198,31.356809],[35.08153,31.356779],[35.081864,31.356754],[35.082197,31.356733],[35.082437,31.35672],[35.083002,31.356682],[35.083565,31.356636],[35.084128,31.356581],[35.084689,31.356518],[35.085249,31.356446],[35.085375,31.356429],[35.085716,31.356388],[35.086058,31.356351],[35.0864,31.35632],[35.086743,31.356294],[35.087086,31.356272],[35.08743,31.356256],[35.087774,31.356245],[35.088273,31.356231],[35.089122,31.356197],[35.091354,31.356103],[35.094284,31.356018],[35.0943,31.356018],[35.094499,31.356011],[35.094697,31.356003],[35.094896,31.355991],[35.095094,31.355976],[35.095292,31.355958],[35.095489,31.355937],[35.095686,31.355913],[35.095794,31.3559],[35.096757,31.355866],[35.096933,31.355872],[35.097199,31.355877],[35.097464,31.355879],[35.097729,31.355877],[35.097995,31.355871],[35.09826,31.355861],[35.098525,31.355847],[35.09879,31.355828],[35.099478,31.355796],[35.101224,31.355898],[35.101316,31.35591],[35.101547,31.355938],[35.101778,31.355962],[35.10201,31.355983],[35.102242,31.356],[35.102475,31.356014],[35.102708,31.356025],[35.102941,31.356031],[35.103174,31.356035],[35.104077,31.356048],[35.105052,31.356075],[35.109452,31.356224],[35.114202,31.356353],[35.114285,31.356355],[35.114668,31.356359],[35.115051,31.356358],[35.115433,31.356352],[35.115816,31.356339],[35.116198,31.356321],[35.11658,31.356297],[35.119101,31.356122],[35.119656,31.356068],[35.121028,31.355785],[35.12121,31.355734],[35.121458,31.355668],[35.121706,31.355606],[35.121956,31.355547],[35.122207,31.355493],[35.122459,31.355442],[35.122712,31.355395],[35.122966,31.355351],[35.123221,31.355312],[35.123604,31.355258],[35.124015,31.355206],[35.124427,31.355161],[35.124839,31.355122],[35.125253,31.355089],[35.125667,31.355062],[35.128338,31.354909],[35.13027,31.354871],[35.130319,31.354868],[35.130676,31.354845],[35.131035,31.354827],[35.131393,31.354815],[35.131752,31.354808],[35.13211,31.354807],[35.132469,31.354811],[35.132827,31.35482],[35.133185,31.354835],[35.133543,31.354855],[35.134305,31.354938],[35.1355,31.355221],[35.13662,31.355678],[35.137752,31.356252],[35.13925,31.357003],[35.14099,31.357843],[35.141293,31.357984],[35.144726,31.359231],[35.14495,31.359294],[35.146186,31.359652],[35.147415,31.360028],[35.148637,31.360422],[35.149205,31.360613],[35.150293,31.360993],[35.150663,31.361121],[35.153403,31.361806],[35.153474,31.361818],[35.1538,31.361877],[35.154124,31.361941],[35.154447,31.36201],[35.154768,31.362084],[35.155088,31.362163],[35.155406,31.362246],[35.155791,31.362353],[35.156184,31.362468],[35.156404,31.362534],[35.157105,31.362737],[35.157811,31.36293],[35.15852,31.363111],[35.159233,31.363282],[35.160017,31.363438],[35.161949,31.363612],[35.163318,31.363632],[35.166587,31.36371],[35.167369,31.363722],[35.168267,31.363748],[35.169164,31.363788],[35.169228,31.363791],[35.169681,31.363819],[35.170133,31.363853],[35.170585,31.363895],[35.171035,31.363943],[35.171865,31.364032],[35.172782,31.364117],[35.174512,31.364265],[35.17487,31.364289],[35.17786,31.364739],[35.178603,31.364916],[35.17927,31.365087],[35.179934,31.365267],[35.180594,31.365457],[35.180659,31.365477],[35.180924,31.365559],[35.181187,31.365645],[35.181448,31.365734],[35.181707,31.365828],[35.181964,31.365925],[35.18222,31.366027],[35.182473,31.366132],[35.182724,31.366241],[35.182818,31.366282],[35.183025,31.36637],[35.183233,31.366455],[35.183443,31.366536],[35.183655,31.366615],[35.183868,31.36669],[35.184083,31.366762],[35.184299,31.366831],[35.184517,31.366897],[35.184736,31.366959],[35.185464,31.367155],[35.186321,31.367373],[35.187182,31.367578],[35.187724,31.367689],[35.189542,31.36788],[35.190091,31.367908],[35.191988,31.36819],[35.193492,31.368531],[35.193536,31.368543],[35.193699,31.368586],[35.193864,31.368626],[35.194029,31.368664],[35.194196,31.3687],[35.194362,31.368733],[35.19453,31.368764],[35.194698,31.368792],[35.194858,31.368818],[35.195434,31.368916],[35.196008,31.369024],[35.19658,31.36914],[35.197634,31.369362],[35.199494,31.369932],[35.201906,31.370618],[35.20394,31.371075],[35.204163,31.371101],[35.204977,31.371278],[35.205133,31.371323],[35.205343,31.371381],[35.205554,31.371437],[35.205765,31.371489],[35.205979,31.371537],[35.206192,31.371583],[35.206407,31.371625],[35.206623,31.371664],[35.207912,31.371888],[35.209247,31.372062],[35.209587,31.372118],[35.210971,31.372216],[35.211055,31.372216],[35.211205,31.372218],[35.211356,31.372222],[35.211506,31.372229],[35.211656,31.372237],[35.211806,31.372248],[35.212105,31.372276],[35.212254,31.372293],[35.212403,31.372313],[35.213575,31.372477],[35.213667,31.372486],[35.215768,31.372525],[35.217989,31.372399],[35.219134,31.372359],[35.22013,31.372371],[35.221512,31.372369],[35.221913,31.372367],[35.222666,31.372372],[35.223417,31.372388],[35.224394,31.372456],[35.22615,31.372787],[35.226512,31.372885],[35.227322,31.373116],[35.228128,31.373358],[35.228929,31.373613],[35.229616,31.373871],[35.230745,31.374464],[35.231736,31.375217],[35.231913,31.375374],[35.232116,31.375548],[35.232322,31.37572],[35.232532,31.375889],[35.232745,31.376054],[35.232962,31.376216],[35.233182,31.376375],[35.233405,31.37653],[35.233464,31.376571],[35.233679,31.376723],[35.233891,31.376877],[35.2341,31.377035],[35.234306,31.377197],[35.234509,31.377361],[35.234707,31.377528],[35.234903,31.377698],[35.235095,31.377871],[35.235284,31.378046],[35.23556,31.378305],[35.235932,31.378642],[35.23631,31.378974],[35.236378,31.379032],[35.236544,31.379171],[35.236713,31.379306],[35.236884,31.37944],[35.237058,31.37957],[35.237235,31.379699],[35.237687,31.380023],[35.238836,31.380868],[35.240069,31.381791],[35.240859,31.382457],[35.24341,31.384277],[35.246094,31.386238],[35.247349,31.387314],[35.247869,31.387702],[35.249202,31.388673],[35.249564,31.388944],[35.25077,31.390073],[35.251223,31.39058],[35.252385,31.391749],[35.252525,31.39189],[35.252724,31.392083],[35.252927,31.392272],[35.253133,31.392459],[35.253344,31.392642],[35.253558,31.392823],[35.253775,31.393],[35.253914,31.393109],[35.254138,31.393282],[35.254366,31.393451],[35.254597,31.393616],[35.254831,31.393778],[35.255068,31.393936],[35.255309,31.394091],[35.256212,31.394661],[35.256434,31.394778],[35.256653,31.394889],[35.256874,31.394996],[35.257097,31.3951],[35.257204,31.39515],[35.258011,31.395622],[35.258193,31.395751],[35.258437,31.39593],[35.258677,31.396112],[35.258913,31.396298],[35.259132,31.396472],[35.259667,31.396886],[35.260211,31.397293],[35.260395,31.397426],[35.260623,31.397586],[35.260855,31.397743],[35.261089,31.397896],[35.261327,31.398046],[35.26206,31.3985],[35.26254,31.398797],[35.263584,31.399657],[35.263679,31.399737],[35.263883,31.399956],[35.263984,31.400079],[35.264368,31.400449],[35.265386,31.401274],[35.266458,31.402337],[35.267995,31.403596],[35.268412,31.403977],[35.26909,31.404436],[35.269177,31.404486],[35.269269,31.404541],[35.26936,31.404597],[35.26945,31.404655],[35.269538,31.404714],[35.269626,31.404774],[35.269712,31.404835],[35.270976,31.405753],[35.271788,31.406438],[35.271949,31.406558],[35.272252,31.406778],[35.272559,31.406993],[35.272865,31.407203],[35.274138,31.408055],[35.274286,31.408154],[35.27452,31.408314],[35.274751,31.408478],[35.274978,31.408645],[35.275202,31.408815],[35.275422,31.408989],[35.275639,31.409166],[35.275721,31.409233],[35.275857,31.409342],[35.275995,31.409449],[35.276136,31.409554],[35.276278,31.409656],[35.276423,31.409757],[35.27657,31.409855],[35.276718,31.409951],[35.276869,31.410045],[35.277618,31.410503],[35.279773,31.411913],[35.280504,31.412334],[35.281391,31.412679],[35.281864,31.412818],[35.282373,31.412959],[35.282885,31.413093],[35.283399,31.413219],[35.284567,31.413577],[35.285847,31.414184],[35.286851,31.414763],[35.287134,31.414937],[35.287647,31.415348],[35.287752,31.415448],[35.287916,31.415598],[35.288083,31.415746],[35.288253,31.415891],[35.288426,31.416034],[35.288953,31.416466],[35.289814,31.417192],[35.290315,31.417671],[35.291003,31.418549],[35.291378,31.419121],[35.291809,31.419754],[35.292253,31.420381],[35.29271,31.421001],[35.293077,31.421421],[35.293624,31.421878],[35.294257,31.422247],[35.295887,31.423031],[35.296181,31.423179],[35.297568,31.424054],[35.298618,31.424855],[35.299537,31.425565],[35.299577,31.425598],[35.299759,31.425738],[35.299853,31.425806],[35.300043,31.425938],[35.30014,31.426002],[35.300238,31.426064],[35.300338,31.426125],[35.300507,31.426228],[35.300701,31.42635],[35.300893,31.426475],[35.301082,31.426603],[35.301191,31.426693],[35.301451,31.426868],[35.301632,31.427004],[35.30181,31.427143],[35.30195,31.427252],[35.302116,31.427378],[35.302284,31.427501],[35.302455,31.427621],[35.302628,31.427739],[35.302804,31.427855],[35.302982,31.427968],[35.303162,31.428078],[35.303345,31.428185],[35.303655,31.42838],[35.304271,31.42888],[35.30428,31.428889],[35.304532,31.429129],[35.30479,31.429365],[35.305052,31.429598],[35.305493,31.429943],[35.306316,31.430428],[35.307231,31.430872],[35.307333,31.430922],[35.307669,31.431091],[35.308002,31.431265],[35.308331,31.431444],[35.308656,31.431628],[35.309762,31.432265],[35.31132,31.432998],[35.311469,31.433071],[35.311621,31.433149],[35.311771,31.433228],[35.31192,31.43331],[35.312066,31.433394],[35.312211,31.433481],[35.312334,31.433555],[35.313595,31.434336],[35.314972,31.435204],[35.315664,31.435711],[35.317041,31.436551],[35.31826,31.437294],[35.318462,31.437421],[35.31866,31.437542],[35.31886,31.437659],[35.319063,31.437774],[35.319268,31.437885],[35.319476,31.437994],[35.319685,31.438099],[35.319725,31.438118],[35.319971,31.438243],[35.320214,31.438371],[35.320455,31.438502],[35.320693,31.438637],[35.320928,31.438776],[35.32116,31.438918],[35.32139,31.439064],[35.322353,31.439697],[35.323312,31.440352],[35.323323,31.440359],[35.323667,31.440603],[35.324006,31.440851],[35.32434,31.441105],[35.32438,31.441136],[35.324668,31.441364],[35.324952,31.441596],[35.325232,31.441833],[35.325506,31.442074],[35.326263,31.442749],[35.326884,31.443222],[35.327256,31.443454],[35.328205,31.444081],[35.328215,31.444089],[35.329022,31.444568],[35.329086,31.4446],[35.329221,31.444669],[35.329356,31.44474],[35.329489,31.444813],[35.32962,31.444888],[35.32975,31.444965],[35.329878,31.445044],[35.330005,31.445125],[35.33013,31.445207],[35.330253,31.445292],[35.330952,31.445773],[35.331822,31.446353],[35.332353,31.446701],[35.333313,31.447318],[35.333732,31.447655],[35.333814,31.447706],[35.333957,31.447796],[35.334099,31.447889],[35.334239,31.447984],[35.334377,31.448081],[35.334513,31.44818],[35.334647,31.448281],[35.334727,31.448342],[35.334979,31.44853],[35.335235,31.448715],[35.335495,31.448896],[35.335759,31.449073],[35.336027,31.449245],[35.336297,31.449414],[35.336443,31.449503],[35.336794,31.44971],[35.337148,31.449912],[35.337507,31.450109],[35.33769,31.450209],[35.337865,31.450309],[35.338038,31.450412],[35.338209,31.450517],[35.338378,31.450625],[35.338544,31.450735],[35.339551,31.451412],[35.34069,31.452168],[35.341537,31.452781],[35.343185,31.453997],[35.344568,31.454858],[35.344624,31.454897],[35.344783,31.455006],[35.344943,31.455113],[35.345106,31.455217],[35.345271,31.455318],[35.345438,31.455418],[35.345607,31.455514],[35.345778,31.455608],[35.345951,31.4557],[35.34601,31.455732],[35.346082,31.455771],[35.346153,31.455811],[35.346224,31.455853],[35.346293,31.455895],[35.346362,31.455939],[35.346501,31.45603],[35.346799,31.45623],[35.347094,31.456434],[35.34838,31.457343],[35.349681,31.458168],[35.350983,31.458932],[35.352267,31.459892],[35.352817,31.460353],[35.35361,31.461004],[35.353686,31.46107],[35.353787,31.461156],[35.353891,31.46124],[35.353995,31.461322],[35.354102,31.461403],[35.35421,31.461483],[35.354279,31.461532],[35.354463,31.461668],[35.354644,31.461808],[35.354822,31.461949],[35.354997,31.462094],[35.355566,31.462572],[35.355774,31.462753],[35.3559,31.462841],[35.356718,31.46341],[35.357046,31.463608],[35.357371,31.46381],[35.357486,31.463882],[35.357741,31.464039],[35.358,31.464192],[35.358262,31.46434],[35.358527,31.464486],[35.359019,31.464818],[35.358855,31.464658],[35.359059,31.464766],[35.35926,31.464877],[35.359458,31.464992],[35.359655,31.465109],[35.359849,31.465229],[35.36004,31.465352],[35.360229,31.465478],[35.360297,31.465523],[35.360474,31.46564],[35.360654,31.465754],[35.360836,31.465865],[35.36102,31.465973],[35.361207,31.466079],[35.361395,31.466182],[35.361586,31.466282],[35.361828,31.466405],[35.362694,31.466837],[35.362815,31.466897],[35.362994,31.466989],[35.363172,31.467084],[35.363348,31.467181],[35.363522,31.467281],[35.363694,31.467383],[35.363864,31.467488],[35.363879,31.467498],[35.364089,31.467628],[35.364302,31.467754],[35.364518,31.467878],[35.364736,31.467999],[35.364957,31.468116],[35.36503,31.468154],[35.365252,31.468273],[35.365472,31.468396],[35.365689,31.468522],[35.365904,31.468652],[35.366116,31.468784],[35.366505,31.469032],[35.367461,31.469614],[35.36748,31.469632],[35.367516,31.469667],[35.367553,31.469701],[35.36759,31.469734],[35.367628,31.469767],[35.367667,31.469799],[35.367706,31.46983],[35.367746,31.469861],[35.367787,31.469892],[35.367914,31.46999],[35.368275,31.470344],[35.36847,31.470552],[35.368916,31.470917],[35.369384,31.471239],[35.370344,31.471858],[35.370634,31.472046],[35.370948,31.472236],[35.371107,31.472327],[35.371406,31.472488],[35.371727,31.472649],[35.371937,31.472748],[35.372627,31.473146],[35.37278,31.473255],[35.372968,31.47339],[35.373149,31.473526],[35.373327,31.473665],[35.373502,31.473806],[35.373766,31.474014],[35.374926,31.474744],[35.375005,31.474786],[35.375226,31.474905],[35.375445,31.475027],[35.375661,31.475152],[35.375874,31.475281],[35.376085,31.475413],[35.376293,31.475549],[35.377331,31.476235],[35.378582,31.477068],[35.378813,31.477199],[35.379061,31.477344],[35.379305,31.477493],[35.379547,31.477646],[35.379786,31.477802],[35.379956,31.477918],[35.381119,31.478888],[35.381337,31.479101],[35.381575,31.479326],[35.381818,31.479548],[35.382065,31.479765],[35.382798,31.4804],[35.382893,31.480481],[35.383055,31.480617],[35.38322,31.48075],[35.383388,31.48088],[35.383558,31.481009],[35.383761,31.481165],[35.384582,31.481947],[35.384957,31.482374],[35.385789,31.483424],[35.385865,31.483542],[35.386101,31.483823],[35.386389,31.484064],[35.386694,31.484293],[35.387339,31.484917],[35.387504,31.485093],[35.387913,31.485428],[35.388687,31.485961],[35.390286,31.487134],[35.391584,31.488007],[35.39174,31.488102],[35.391894,31.488162],[35.392086,31.488203],[35.392251,31.488244],[35.392405,31.488309],[35.392544,31.488396],[35.392663,31.488502],[35.3928,31.488684],[35.39289,31.488778],[35.392999,31.488857],[35.39368,31.489278],[35.394142,31.489566],[35.395106,31.49012],[35.394953,31.490575],[35.394633,31.49162],[35.394722,31.491667],[35.397222,31.4925],[35.39912,31.493069],[35.399055,31.493606],[35.399442,31.494176],[35.399862,31.494579],[35.399952,31.494837],[35.398621,31.495823],[35.398246,31.496832],[35.398153,31.496922],[35.398157,31.497102],[35.39806,31.497194],[35.397887,31.497916],[35.398067,31.498088],[35.398238,31.498617],[35.398343,31.498821],[35.398516,31.498987],[35.398605,31.500078],[35.399053,31.500508],[35.399235,31.50097],[35.3995,31.501225],[35.399862,31.501863],[35.399999,31.501995],[35.400194,31.502198],[35.400311,31.502653],[35.39968,31.50312],[35.399684,31.5033],[35.399592,31.503388],[35.39934,31.503908],[35.399235,31.504567],[35.399596,31.504914],[35.399936,31.505268],[35.400637,31.505665],[35.40076,31.506184],[35.40057,31.506553],[35.399958,31.507141],[35.399817,31.507575],[35.399978,31.50836],[35.400133,31.508509],[35.400311,31.508882],[35.400131,31.509407],[35.400043,31.510577],[35.399946,31.51086],[35.399616,31.511177],[35.399055,31.512194],[35.398865,31.512474],[35.398066,31.513066],[35.397545,31.51414],[35.397438,31.514807],[35.397663,31.515245],[35.397796,31.515517],[35.397887,31.515605],[35.398033,31.515757],[35.399091,31.515905],[35.399411,31.516238],[35.399594,31.516414],[35.399682,31.517044],[35.39989,31.517764],[35.400043,31.517761],[35.400381,31.518113],[35.400582,31.518211],[35.400925,31.518387],[35.401211,31.51848],[35.401568,31.51883],[35.400732,31.519304],[35.400577,31.519939],[35.400304,31.52047],[35.400131,31.520636],[35.399953,31.520912],[35.400133,31.521085],[35.400366,31.521565],[35.400679,31.521717],[35.40085,31.521895],[35.401016,31.522055],[35.40157,31.522163],[35.401762,31.522262],[35.40206,31.522572],[35.402623,31.523113],[35.401429,31.523308],[35.400941,31.524051],[35.40085,31.524139],[35.400852,31.524231],[35.400751,31.524328],[35.400763,31.524925],[35.401192,31.525491],[35.400722,31.526073],[35.400463,31.526322],[35.400583,31.527385],[35.400875,31.527665],[35.402001,31.527849],[35.401702,31.528136],[35.401526,31.528319],[35.401382,31.528458],[35.401396,31.529181],[35.40193,31.529439],[35.402107,31.529531],[35.402353,31.52965],[35.402826,31.529529],[35.403375,31.529395],[35.403957,31.529545],[35.404955,31.529524],[35.40571,31.529653],[35.406155,31.530439],[35.406148,31.530799],[35.40588,31.531056],[35.405734,31.531209],[35.405613,31.531962],[35.405792,31.532134],[35.40588,31.532684],[35.405545,31.533006],[35.404065,31.533151],[35.403811,31.533674],[35.403816,31.533946],[35.404006,31.534502],[35.404445,31.535353],[35.404442,31.535507],[35.403904,31.535638],[35.403816,31.535729],[35.403288,31.535901],[35.403097,31.535999],[35.402646,31.536177],[35.402362,31.536369],[35.402381,31.537264],[35.402639,31.537512],[35.402974,31.537963],[35.402552,31.538518],[35.402379,31.539053],[35.402287,31.539141],[35.402289,31.539233],[35.402188,31.53933],[35.402203,31.540074],[35.402443,31.541007],[35.403161,31.541147],[35.403643,31.541396],[35.404166,31.541385],[35.404742,31.541484],[35.405074,31.541477],[35.405521,31.541658],[35.406882,31.541761],[35.407048,31.542303],[35.406401,31.542925],[35.40586,31.5431],[35.405433,31.543545],[35.40507,31.543721],[35.404644,31.544164],[35.404352,31.544306],[35.404063,31.544747],[35.403906,31.545685],[35.404739,31.546014],[35.404923,31.546392],[35.404802,31.546507],[35.404535,31.547228],[35.404431,31.54743],[35.404447,31.548213],[35.404236,31.548524],[35.403817,31.548926],[35.403726,31.54912],[35.403906,31.549292],[35.404002,31.550083],[35.404455,31.550193],[35.404802,31.550372],[35.405535,31.550461],[35.405966,31.55091],[35.40634,31.550999],[35.406643,31.550684],[35.406826,31.550508],[35.406958,31.55037],[35.407061,31.550271],[35.407409,31.550102],[35.407587,31.550011],[35.408308,31.549923],[35.408785,31.549759],[35.409024,31.550158],[35.408659,31.55142],[35.408669,31.551898],[35.408661,31.552258],[35.408669,31.552625],[35.408862,31.55281],[35.409248,31.553607],[35.409386,31.553874],[35.409563,31.554684],[35.40975,31.554772],[35.409967,31.554546],[35.410166,31.554355],[35.410872,31.553936],[35.411202,31.553776],[35.411841,31.553111],[35.412169,31.553349],[35.411989,31.553874],[35.411901,31.554774],[35.411809,31.555041],[35.411631,31.555629],[35.41217,31.55576],[35.412566,31.555861],[35.412708,31.556306],[35.41248,31.556525],[35.41262,31.556658],[35.412711,31.556847],[35.413504,31.556831],[35.413794,31.55698],[35.413785,31.557426],[35.413516,31.557557],[35.413428,31.557923],[35.413608,31.558096],[35.413696,31.558187],[35.414152,31.558458],[35.414143,31.558913],[35.413934,31.559114],[35.414057,31.559353],[35.414145,31.559544],[35.413875,31.559802],[35.413881,31.560097],[35.414416,31.560611],[35.414694,31.561078],[35.415122,31.56149],[35.415346,31.561831],[35.416613,31.562705],[35.41702,31.563218],[35.417119,31.563314],[35.417469,31.563847],[35.417568,31.563942],[35.417924,31.564485],[35.418099,31.564653],[35.418457,31.565464],[35.418548,31.565552],[35.418649,31.56576],[35.419398,31.566479],[35.41958,31.567039],[35.419445,31.567169],[35.419269,31.567711],[35.419086,31.568247],[35.418992,31.568632],[35.418811,31.569161],[35.418501,31.569459],[35.418248,31.569721],[35.41783,31.570584],[35.417738,31.570672],[35.41774,31.570764],[35.41759,31.570908],[35.417201,31.571764],[35.417381,31.572289],[35.417514,31.572699],[35.417379,31.572828],[35.417195,31.57302],[35.417018,31.573924],[35.41684,31.574445],[35.416752,31.574806],[35.416526,31.575299],[35.416526,31.575389],[35.416347,31.575389],[35.416347,31.575569],[35.416257,31.575569],[35.416214,31.575795],[35.415761,31.57678],[35.415667,31.577078],[35.415108,31.577518],[35.414913,31.577728],[35.414693,31.577932],[35.414507,31.578464],[35.414593,31.578849],[35.414863,31.579359],[35.414706,31.579739],[35.414349,31.579907],[35.414153,31.580089],[35.413878,31.580556],[35.413699,31.580722],[35.41336,31.581528],[35.413159,31.581634],[35.4128,31.581804],[35.412886,31.581994],[35.41333,31.582134],[35.413362,31.582923],[35.412933,31.583831],[35.411815,31.584243],[35.411543,31.584758],[35.411776,31.585736],[35.411988,31.585933],[35.411828,31.586291],[35.411715,31.586395],[35.411722,31.586575],[35.411542,31.586741],[35.411629,31.587114],[35.411722,31.58738],[35.411888,31.587904],[35.412031,31.588059],[35.41226,31.58827],[35.412397,31.589129],[35.412527,31.58927],[35.413186,31.58988],[35.412904,31.590142],[35.412636,31.590648],[35.412441,31.591393],[35.412583,31.592631],[35.4128,31.593668],[35.412886,31.59466],[35.41298,31.594746],[35.413099,31.595247],[35.413251,31.59557],[35.413429,31.595734],[35.413624,31.595944],[35.414863,31.596427],[35.414725,31.59676],[35.414507,31.596995],[35.414162,31.597315],[35.413778,31.59791],[35.413519,31.598149],[35.413488,31.598928],[35.413939,31.599664],[35.413608,31.600289],[35.413696,31.600776],[35.413929,31.600992],[35.414313,31.601493],[35.414327,31.601846],[35.414147,31.602013],[35.414234,31.602295],[35.414327,31.602382],[35.414764,31.602854],[35.415419,31.603083],[35.416431,31.603123],[35.416663,31.603014],[35.417005,31.602833],[35.417651,31.602745],[35.41802,31.602615],[35.418905,31.603014],[35.4194,31.603171],[35.419893,31.603373],[35.420342,31.603515],[35.420932,31.603794],[35.421241,31.604272],[35.421412,31.60443],[35.421603,31.604897],[35.42169,31.60517],[35.421866,31.605333],[35.422049,31.606208],[35.421693,31.606518],[35.421172,31.606683],[35.420975,31.606787],[35.4207,31.606917],[35.420209,31.607177],[35.419236,31.607362],[35.41905,31.607535],[35.41838,31.608328],[35.418363,31.608751],[35.418499,31.609271],[35.4181,31.609482],[35.417853,31.609599],[35.417651,31.610174],[35.417737,31.611009],[35.417831,31.611095],[35.417997,31.611792],[35.418229,31.612043],[35.419047,31.612606],[35.419808,31.612727],[35.419987,31.612892],[35.420096,31.613804],[35.420253,31.613974],[35.420465,31.614074],[35.420892,31.6148],[35.422056,31.61576],[35.42259,31.615781],[35.423386,31.615749],[35.423544,31.616049],[35.42331,31.617168],[35.423397,31.618106],[35.42349,31.618192],[35.423836,31.618664],[35.424649,31.619325],[35.42526,31.61954],[35.425915,31.619335],[35.426312,31.619063],[35.427,31.61878],[35.427834,31.618561],[35.428184,31.619223],[35.428446,31.620053],[35.429056,31.620711],[35.429243,31.620884],[35.429595,31.62143],[35.429688,31.621516],[35.42997,31.621953],[35.430407,31.622235],[35.430673,31.622418],[35.430856,31.622504],[35.431187,31.622679],[35.431438,31.622689],[35.43164,31.622681],[35.431981,31.622996],[35.432184,31.623216],[35.43249,31.623413],[35.432947,31.623907],[35.433343,31.624117],[35.434245,31.624402],[35.434985,31.624945],[35.43479,31.62533],[35.434367,31.625722],[35.434082,31.626162],[35.433458,31.626457],[35.433282,31.62655],[35.432851,31.626753],[35.432473,31.627269],[35.432116,31.6276],[35.432002,31.629131],[35.432345,31.629578],[35.432471,31.630241],[35.432828,31.630572],[35.432843,31.630934],[35.432472,31.631334],[35.432024,31.631491],[35.431599,31.631625],[35.431396,31.632008],[35.431371,31.632643],[35.431482,31.633108],[35.431575,31.633194],[35.431805,31.633443],[35.432021,31.633557],[35.432376,31.633724],[35.432509,31.634106],[35.431686,31.634753],[35.431571,31.63508],[35.431485,31.635803],[35.431324,31.636418],[35.431288,31.637325],[35.431575,31.637416],[35.431751,31.637509],[35.432204,31.637596],[35.432883,31.637774],[35.433465,31.637797],[35.43436,31.63761],[35.434626,31.637855],[35.434449,31.638138],[35.434277,31.638298],[35.434092,31.638824],[35.434,31.639306],[35.433853,31.639869],[35.434026,31.640056],[35.435165,31.640204],[35.435391,31.640195],[35.436021,31.64022],[35.436246,31.640115],[35.436586,31.639935],[35.437065,31.640044],[35.437449,31.6404],[35.43739,31.641892],[35.437504,31.641997],[35.437732,31.642351],[35.438132,31.642447],[35.438488,31.64254],[35.438965,31.642653],[35.438921,31.643772],[35.439027,31.643887],[35.439386,31.644057],[35.4394,31.644414],[35.439097,31.644622],[35.438472,31.644917],[35.438492,31.645413],[35.438463,31.64613],[35.438605,31.646576],[35.439077,31.646595],[35.440041,31.646313],[35.44064,31.646641],[35.440652,31.646957],[35.439889,31.647665],[35.43966,31.64802],[35.43948,31.648186],[35.439566,31.648289],[35.440299,31.648574],[35.440471,31.649116],[35.4408,31.649422],[35.441007,31.649813],[35.441094,31.649996],[35.441273,31.650162],[35.441165,31.650741],[35.440739,31.651136],[35.440717,31.651692],[35.441004,31.651793],[35.441636,31.651879],[35.441902,31.651972],[35.442292,31.652096],[35.442531,31.652601],[35.44271,31.652767],[35.44272,31.653021],[35.442534,31.653909],[35.442654,31.654212],[35.442802,31.654218],[35.442974,31.654211],[35.443486,31.654391],[35.444726,31.65385],[35.445362,31.653875],[35.446205,31.653841],[35.446329,31.654076],[35.446124,31.654574],[35.445951,31.655299],[35.445652,31.655576],[35.44532,31.656524],[35.445288,31.657326],[35.445405,31.657452],[35.446124,31.657959],[35.446038,31.658081],[35.4459,31.658208],[35.445585,31.658976],[35.445499,31.659428],[35.445319,31.659941],[35.445405,31.660506],[35.445678,31.660593],[35.445991,31.660729],[35.446032,31.660679],[35.446999,31.660786],[35.447069,31.661178],[35.447184,31.661223],[35.447069,31.661268],[35.447285,31.661591],[35.447392,31.661664],[35.447465,31.661998],[35.447159,31.662077],[35.447213,31.662214],[35.44704,31.662348],[35.446979,31.662705],[35.447069,31.662705],[35.447069,31.662795],[35.447159,31.662795],[35.447368,31.66291],[35.447249,31.662975],[35.44732,31.663156],[35.447264,31.663534],[35.447844,31.663772],[35.448096,31.663924],[35.448288,31.664002],[35.448494,31.664126],[35.448351,31.66449],[35.447947,31.664656],[35.447749,31.664912],[35.447698,31.664951],[35.44789,31.665191],[35.448636,31.66536],[35.449442,31.665449],[35.449905,31.665711],[35.450515,31.666199],[35.450568,31.666625],[35.450013,31.667069],[35.449814,31.667948],[35.449996,31.669027],[35.450297,31.669439],[35.449904,31.670057],[35.450003,31.670694],[35.450179,31.670835],[35.450033,31.670952],[35.449724,31.671478],[35.449804,31.672277],[35.450073,31.672902],[35.449903,31.673716],[35.449717,31.674367],[35.449474,31.674561],[35.449305,31.675003],[35.449201,31.675836],[35.449804,31.67659],[35.450253,31.676949],[35.450443,31.677029],[35.450851,31.677327],[35.451421,31.677398],[35.451471,31.677438],[35.451552,31.677336],[35.452145,31.67741],[35.452446,31.677372],[35.452968,31.677679],[35.452944,31.677867],[35.452589,31.678017],[35.452419,31.678116],[35.451561,31.678156],[35.450634,31.678283],[35.450015,31.6785],[35.449541,31.679012],[35.449437,31.679108],[35.449451,31.679461],[35.449358,31.679547],[35.449272,31.67983],[35.449451,31.679996],[35.449686,31.681318],[35.449811,31.681433],[35.449987,31.682045],[35.449538,31.682152],[35.449143,31.682256],[35.448747,31.682465],[35.448643,31.683782],[35.448822,31.683949],[35.448929,31.684064],[35.449169,31.684573],[35.449318,31.684711],[35.449493,31.685624],[35.450021,31.686113],[35.449894,31.686843],[35.449944,31.687948],[35.450063,31.688008],[35.450123,31.688128],[35.450213,31.688128],[35.450213,31.688218],[35.450536,31.688434],[35.450609,31.68859],[35.450303,31.688757],[35.449984,31.688704],[35.449905,31.688897],[35.449717,31.689042],[35.449674,31.689296],[35.449704,31.689355],[35.449824,31.689416],[35.450003,31.689773],[35.450064,31.690222],[35.449944,31.690463],[35.45,31.690666],[35.450393,31.690733],[35.450789,31.6908],[35.450881,31.691211],[35.450522,31.691311],[35.450483,31.691451],[35.450884,31.691679],[35.452039,31.691831],[35.4521,31.691901],[35.452482,31.691999],[35.452691,31.692824],[35.452961,31.692925],[35.452998,31.692979],[35.453302,31.693057],[35.453394,31.693301],[35.453547,31.693407],[35.452932,31.693741],[35.452639,31.693787],[35.452226,31.693824],[35.45201,31.693877],[35.451883,31.693983],[35.451827,31.694528],[35.452049,31.695118],[35.451789,31.695333],[35.451871,31.695453],[35.451969,31.695535],[35.452051,31.696082],[35.4521,31.696123],[35.452159,31.696093],[35.452234,31.695944],[35.452309,31.696093],[35.452507,31.696193],[35.452579,31.696511],[35.452459,31.696572],[35.452598,31.696829],[35.452998,31.696931],[35.453099,31.696806],[35.453566,31.69708],[35.453806,31.69738],[35.453806,31.69747],[35.454076,31.69747],[35.454076,31.69765],[35.454301,31.697824],[35.454385,31.698599],[35.454486,31.698677],[35.454564,31.699048],[35.454681,31.699345],[35.455121,31.699525],[35.455373,31.699677],[35.45579,31.699848],[35.456129,31.699942],[35.456232,31.700075],[35.456465,31.700112],[35.456906,31.70022],[35.45713,31.700165],[35.457534,31.700066],[35.458155,31.700218],[35.458208,31.700255],[35.458298,31.700255],[35.458298,31.700345],[35.458531,31.700381],[35.458746,31.700522],[35.459106,31.700614],[35.459171,31.70053],[35.459735,31.700435],[35.4598,31.700351],[35.4611,31.70013],[35.461391,31.700306],[35.461672,31.700384],[35.461829,31.700587],[35.462171,31.700851],[35.462469,31.701384],[35.46272,31.701486],[35.462958,31.701794],[35.46311,31.701911],[35.463242,31.702083],[35.463329,31.702591],[35.463444,31.702635],[35.463329,31.70268],[35.463402,31.702787],[35.463561,31.702897],[35.463858,31.703337],[35.464137,31.703489],[35.464316,31.703579],[35.464407,31.703758],[35.464448,31.703807],[35.46495,31.704239],[35.465173,31.704339],[35.465385,31.704457],[35.466294,31.704608],[35.466784,31.704429],[35.467119,31.704328],[35.467563,31.704491],[35.46764,31.704747],[35.46773,31.704747],[35.46773,31.704926],[35.468105,31.705177],[35.468179,31.705286],[35.468399,31.705425],[35.468589,31.705505],[35.468758,31.705605],[35.469386,31.705837],[35.470385,31.706044],[35.470921,31.706197],[35.471204,31.706551],[35.471781,31.706901],[35.472092,31.707032],[35.472264,31.707133],[35.472392,31.707117],[35.473059,31.707542],[35.473397,31.708022],[35.473669,31.70824],[35.473789,31.70839],[35.474199,31.708678],[35.474288,31.708789],[35.474502,31.708844],[35.474594,31.709201],[35.4747,31.709275],[35.474774,31.709471],[35.474961,31.709759],[35.475007,31.710047],[35.475047,31.710097],[35.475346,31.710336],[35.4759,31.711028],[35.476651,31.711344],[35.477113,31.711713],[35.477302,31.711793],[35.477742,31.712163],[35.478021,31.712242],[35.47816,31.712417],[35.478281,31.712702],[35.47838,31.712781],[35.47842,31.712921],[35.478606,31.712965],[35.478758,31.713212],[35.478962,31.713338],[35.479188,31.714008],[35.479374,31.714123],[35.479712,31.714773],[35.479823,31.714842],[35.479926,31.715009],[35.480173,31.715161],[35.480217,31.715347],[35.48036,31.715383],[35.48059,31.715717],[35.481047,31.715888],[35.481115,31.716155],[35.481205,31.716155],[35.481205,31.716245],[35.481444,31.716365],[35.481474,31.716425],[35.48267,31.717399],[35.482776,31.718267],[35.483038,31.718912],[35.483225,31.720064],[35.483317,31.720152],[35.483659,31.720858],[35.483786,31.720979],[35.48431,31.721323],[35.484492,31.721319],[35.484752,31.721591],[35.484844,31.721679],[35.484932,31.72204],[35.485203,31.723026],[35.485291,31.723477],[35.485386,31.723938],[35.485736,31.724274],[35.486089,31.724813],[35.48583,31.725452],[35.485742,31.726088],[35.485922,31.72626],[35.48612,31.726563],[35.486289,31.726909],[35.486459,31.72761],[35.486641,31.728057],[35.486729,31.728598],[35.486824,31.728689],[35.486812,31.729271],[35.486821,31.729688],[35.487303,31.730151],[35.487537,31.731113],[35.487629,31.731201],[35.487717,31.731472],[35.488078,31.73192],[35.488212,31.732145],[35.488302,31.732145],[35.488302,31.732235],[35.488401,31.732315],[35.488521,31.732465],[35.488664,31.732579],[35.488949,31.733256],[35.489418,31.733631],[35.489865,31.733903],[35.489987,31.734607],[35.490148,31.73488],[35.490325,31.7353],[35.490408,31.736148],[35.490508,31.736227],[35.490618,31.73649],[35.490547,31.736547],[35.490857,31.736956],[35.491047,31.737036],[35.491457,31.737277],[35.491755,31.737495],[35.492247,31.737773],[35.492434,31.738007],[35.493192,31.738528],[35.493332,31.738703],[35.493432,31.738783],[35.493552,31.738932],[35.493851,31.739172],[35.494091,31.739471],[35.49439,31.739711],[35.49463,31.74028],[35.49473,31.74045],[35.49481,31.741088],[35.494989,31.741717],[35.495089,31.741797],[35.495438,31.742256],[35.495538,31.742336],[35.495578,31.743015],[35.495719,31.743234],[35.495863,31.743586],[35.495988,31.743683],[35.496286,31.744216],[35.496781,31.744597],[35.497015,31.744901],[35.49722,31.745059],[35.497324,31.745671],[35.497476,31.745923],[35.497621,31.746278],[35.497565,31.746663],[35.497644,31.747147],[35.497764,31.747386],[35.497883,31.747447],[35.497914,31.747506],[35.497962,31.747548],[35.498093,31.748135],[35.498418,31.74819],[35.498722,31.748584],[35.498989,31.748653],[35.499131,31.749032],[35.499171,31.749483],[35.499212,31.749542],[35.499747,31.749895],[35.499943,31.749968],[35.500159,31.750111],[35.500459,31.750261],[35.500668,31.750678],[35.500729,31.751129],[35.500609,31.751189],[35.500609,31.751369],[35.500659,31.751408],[35.500837,31.751842],[35.500917,31.752437],[35.500788,31.752537],[35.500931,31.752753],[35.501019,31.752987],[35.501254,31.753149],[35.501327,31.753256],[35.501429,31.753334],[35.501736,31.753732],[35.501776,31.754064],[35.501866,31.754064],[35.501866,31.754513],[35.502046,31.754513],[35.502046,31.754693],[35.502136,31.754693],[35.50235,31.754748],[35.502405,31.754962],[35.502645,31.755082],[35.502675,31.755142],[35.502854,31.755412],[35.503175,31.75554],[35.503612,31.755822],[35.503803,31.7559],[35.503843,31.75595],[35.504318,31.756331],[35.504421,31.756809],[35.504521,31.757068],[35.504601,31.757528],[35.504701,31.757607],[35.504741,31.757657],[35.504741,31.757837],[35.5049,31.757947],[35.505149,31.758307],[35.505227,31.75859],[35.50501,31.758645],[35.504938,31.758986],[35.505034,31.760598],[35.505186,31.761167],[35.505335,31.7613],[35.505514,31.762071],[35.505486,31.762543],[35.505549,31.762957],[35.505586,31.763011],[35.505758,31.763129],[35.506035,31.763639],[35.506248,31.763786],[35.506478,31.76412],[35.506855,31.764365],[35.506897,31.764305],[35.507001,31.764179],[35.50802,31.764283],[35.508515,31.764232],[35.508792,31.763898],[35.50938,31.763644],[35.509598,31.763381],[35.509758,31.762659],[35.510312,31.762452],[35.511018,31.762563],[35.511164,31.762549],[35.511613,31.762594],[35.51229,31.762525],[35.512868,31.762279],[35.513455,31.762339],[35.514218,31.762261],[35.515048,31.762345],[35.516516,31.762183],[35.516877,31.761977],[35.517246,31.761532],[35.518722,31.760898],[35.519673,31.760687],[35.519873,31.760573],[35.520662,31.76029],[35.521365,31.759886],[35.521805,31.759772],[35.522208,31.760003],[35.522258,31.760173],[35.522438,31.760173],[35.522438,31.760262],[35.52275,31.760489],[35.522933,31.760575],[35.52311,31.760668],[35.523472,31.760755],[35.5239,31.760867],[35.525393,31.760808],[35.526077,31.760664],[35.526853,31.761259],[35.527295,31.761399],[35.527783,31.76138],[35.528411,31.761405],[35.528962,31.761383],[35.529325,31.760992],[35.529943,31.760506],[35.530839,31.760399],[35.531284,31.760216],[35.533354,31.760129],[35.53344,31.760036],[35.533893,31.75977],[35.534716,31.759266],[35.535381,31.759108],[35.536676,31.759159],[35.53746,31.759128],[35.53826,31.758848],[35.538567,31.758685],[35.538772,31.758693],[35.539279,31.758962],[35.539798,31.759164],[35.540718,31.759127],[35.541617,31.759163],[35.542508,31.759127],[35.542962,31.758778],[35.543146,31.758692],[35.543483,31.758513],[35.543882,31.758418],[35.54422,31.758239],[35.544495,31.75811],[35.544901,31.757895],[35.545585,31.757628],[35.546391,31.757797],[35.546559,31.75779],[35.547177,31.75792],[35.548462,31.757869],[35.549863,31.758089],[35.550645,31.758058],[35.550869,31.758067],[35.55225,31.758012],[35.552754,31.75788],[35.553117,31.757794],[35.553381,31.757654],[35.553703,31.757502],[35.554145,31.757025],[35.554626,31.756579],[35.555183,31.756446],[35.555568,31.756311],[35.556736,31.756358],[35.557246,31.756536],[35.557519,31.756622],[35.557767,31.75671],[35.558328,31.757917],[35.558187,31.759289],[35.557946,31.759775],[35.557977,31.760274],[35.557978,31.760708],[35.557955,31.760949],[35.558005,31.761228],[35.557967,31.761452],[35.558016,31.76165],[35.558084,31.761862],[35.558258,31.762058],[35.558472,31.762236],[35.558607,31.762714],[35.558682,31.762983],[35.558855,31.763301],[35.558573,31.76383],[35.558403,31.764274],[35.558191,31.765186],[35.558034,31.765567],[35.557906,31.765663],[35.557521,31.766015],[35.557114,31.766096],[35.556701,31.766171],[35.556651,31.766363],[35.556532,31.766464],[35.556046,31.766452],[35.555428,31.76628],[35.554939,31.766251],[35.554179,31.766471],[35.553688,31.766751],[35.553292,31.766836],[35.552977,31.766985],[35.552863,31.767342],[35.552945,31.767862],[35.55327,31.768269],[35.553722,31.768445],[35.554288,31.768632],[35.554716,31.768924],[35.555155,31.76941],[35.555604,31.769796],[35.555763,31.770089],[35.555734,31.770471],[35.555596,31.770813],[35.555375,31.771162],[35.555417,31.771409],[35.555495,31.771607],[35.555754,31.771839],[35.555701,31.772165],[35.555374,31.772486],[35.554883,31.772779],[35.554386,31.773024],[35.553936,31.773055],[35.553345,31.773065],[35.5528,31.773248],[35.552327,31.773494],[35.551945,31.773817],[35.551626,31.774503],[35.551312,31.775008],[35.551238,31.775546],[35.550945,31.775679],[35.550527,31.775952],[35.550513,31.776443],[35.550564,31.776663],[35.550244,31.776938],[35.550113,31.777359],[35.549714,31.77767],[35.549505,31.777901],[35.549345,31.778116],[35.549201,31.778252],[35.549284,31.778568],[35.54917,31.779267],[35.548991,31.779662],[35.548677,31.78004],[35.548372,31.780446],[35.548135,31.780862],[35.548219,31.781268],[35.548122,31.78186],[35.547604,31.782545],[35.547348,31.783135],[35.547272,31.783618],[35.547465,31.78399],[35.54802,31.784543],[35.548261,31.784981],[35.548505,31.785546],[35.549001,31.785962],[35.549251,31.786235],[35.549396,31.786682],[35.549506,31.787168],[35.549765,31.787659],[35.549925,31.788228],[35.550113,31.788606],[35.550094,31.788951],[35.550426,31.789246],[35.550872,31.789709],[35.551143,31.790231],[35.551336,31.790525],[35.551381,31.790873],[35.551311,31.791241],[35.550957,31.791758],[35.55064,31.792353],[35.550393,31.792984],[35.550348,31.793539],[35.550382,31.793923],[35.550511,31.794174],[35.550701,31.79461],[35.550952,31.795315],[35.551261,31.795893],[35.551522,31.796515],[35.551242,31.796901],[35.550695,31.797272],[35.550113,31.797653],[35.54944,31.798175],[35.549046,31.798413],[35.548795,31.798587],[35.548598,31.798716],[35.54846,31.79885],[35.548123,31.798949],[35.547851,31.799221],[35.547632,31.799393],[35.547439,31.799531],[35.547221,31.799667],[35.547003,31.79994],[35.546829,31.800225],[35.546579,31.800565],[35.546566,31.800886],[35.546433,31.801301],[35.546336,31.801597],[35.546246,31.801896],[35.545858,31.802405],[35.545453,31.802715],[35.54525,31.803015],[35.544991,31.803342],[35.544735,31.803713],[35.54441,31.803883],[35.543993,31.804038],[35.543684,31.804262],[35.543534,31.804419],[35.543341,31.804567],[35.543138,31.804697],[35.542884,31.804908],[35.542825,31.805258],[35.542866,31.805546],[35.542957,31.805948],[35.542941,31.806271],[35.543019,31.806473],[35.54306,31.806864],[35.543036,31.807005],[35.542962,31.807223],[35.543047,31.807361],[35.543059,31.807554],[35.543048,31.807756],[35.543085,31.807977],[35.543169,31.808294],[35.54326,31.808552],[35.543402,31.808927],[35.543379,31.809236],[35.543426,31.809476],[35.543524,31.809723],[35.543448,31.809909],[35.543246,31.810153],[35.543009,31.810255],[35.542876,31.810376],[35.542758,31.810431],[35.542675,31.810565],[35.542598,31.810716],[35.54258,31.810878],[35.542582,31.810993],[35.543285,31.811514],[35.543582,31.811659],[35.543736,31.81189],[35.543819,31.812132],[35.54414,31.812432],[35.544094,31.812595],[35.544045,31.812785],[35.544043,31.813097],[35.54418,31.813364],[35.544408,31.813557],[35.544242,31.813738],[35.54367,31.813899],[35.543225,31.813844],[35.542906,31.8136],[35.542446,31.813196],[35.54207,31.812991],[35.541701,31.812982],[35.541419,31.812944],[35.541144,31.813059],[35.541015,31.813152],[35.54095,31.813245],[35.540897,31.813365],[35.540886,31.81354],[35.540927,31.813901],[35.541012,31.814253],[35.541547,31.814557],[35.541993,31.814813],[35.542242,31.815201],[35.542158,31.815251],[35.542021,31.815396],[35.541875,31.815349],[35.541738,31.815396],[35.541573,31.815419],[35.541396,31.815446],[35.541245,31.815401],[35.541009,31.815365],[35.54075,31.815462],[35.540511,31.815499],[35.540241,31.815537],[35.539873,31.815578],[35.539552,31.815641],[35.539372,31.815709],[35.539142,31.815812],[35.538989,31.815963],[35.538978,31.816078],[35.53895,31.816223],[35.539099,31.816411],[35.5393,31.816546],[35.539434,31.816644],[35.539599,31.816749],[35.539835,31.816894],[35.539908,31.817472],[35.53997,31.817719],[35.540265,31.817797],[35.540824,31.817611],[35.541193,31.817421],[35.541508,31.817318],[35.541834,31.817102],[35.541972,31.817],[35.54223,31.816887],[35.542567,31.816887],[35.54274,31.816894],[35.542924,31.816996],[35.543195,31.817077],[35.543207,31.817146],[35.543255,31.817361],[35.543246,31.817516],[35.542788,31.818128],[35.542447,31.818342],[35.541915,31.818805],[35.541691,31.818789],[35.541387,31.818611],[35.54092,31.818511],[35.540562,31.818478],[35.540469,31.818472],[35.540235,31.81863],[35.540095,31.818763],[35.540048,31.818955],[35.540142,31.819077],[35.540461,31.819206],[35.540764,31.819252],[35.540975,31.819396],[35.541225,31.819553],[35.541501,31.819705],[35.541752,31.819717],[35.541968,31.819701],[35.542066,31.819789],[35.542219,31.819971],[35.542292,31.820127],[35.542354,31.820428],[35.542281,31.820658],[35.542479,31.820752],[35.542742,31.820787],[35.542907,31.820945],[35.542902,31.82114],[35.542831,31.821479],[35.542802,31.821719],[35.542925,31.821982],[35.542926,31.822233],[35.542976,31.822499],[35.543126,31.822644],[35.543381,31.822718],[35.543852,31.822768],[35.544197,31.822865],[35.544362,31.822863],[35.544539,31.822843],[35.544822,31.82278],[35.545004,31.822565],[35.545172,31.822479],[35.545566,31.822508],[35.545963,31.822705],[35.546249,31.822909],[35.546406,31.823008],[35.546519,31.823068],[35.5467,31.823115],[35.547007,31.82321],[35.547246,31.823249],[35.547635,31.82325],[35.548144,31.823341],[35.548301,31.823414],[35.548471,31.823478],[35.548637,31.823569],[35.548697,31.823683],[35.548746,31.823834],[35.54874,31.824087],[35.548735,31.824389],[35.548706,31.824709],[35.548671,31.824977],[35.54855,31.825142],[35.548395,31.825354],[35.548209,31.825498],[35.547957,31.825686],[35.547779,31.825844],[35.547713,31.825998],[35.547652,31.826092],[35.547539,31.826221],[35.54737,31.826441],[35.547302,31.82657],[35.547222,31.82668],[35.547145,31.826854],[35.547062,31.827004],[35.547076,31.827197],[35.547188,31.827407],[35.547232,31.827583],[35.547261,31.827816],[35.547385,31.828028],[35.547478,31.828226],[35.547551,31.828541],[35.54764,31.828749],[35.547668,31.828917],[35.547681,31.82912],[35.547643,31.82926],[35.547345,31.829398],[35.546805,31.829587],[35.54627,31.829662],[35.545915,31.829667],[35.545595,31.829636],[35.545281,31.829623],[35.545085,31.829702],[35.544913,31.829827],[35.544795,31.829945],[35.544698,31.830209],[35.544711,31.830401],[35.544761,31.830527],[35.544802,31.830684],[35.544929,31.83076],[35.545194,31.830749],[35.545503,31.830679],[35.545776,31.830623],[35.546031,31.830541],[35.546323,31.830441],[35.546706,31.830316],[35.546954,31.830346],[35.547146,31.830461],[35.547248,31.830674],[35.547208,31.8309],[35.54708,31.83106],[35.546932,31.831185],[35.546736,31.831244],[35.546572,31.831351],[35.546475,31.831578],[35.546431,31.83179],[35.546421,31.832055],[35.546438,31.83225],[35.546436,31.832424],[35.546464,31.832585],[35.546601,31.832739],[35.546675,31.83285],[35.546811,31.833094],[35.546823,31.833241],[35.546855,31.83345],[35.546835,31.833616],[35.546792,31.83377],[35.546738,31.833957],[35.546729,31.834132],[35.546772,31.834302],[35.54686,31.834405],[35.546966,31.834513],[35.547192,31.834642],[35.547431,31.834746],[35.547577,31.83481],[35.547877,31.834924],[35.548179,31.835022],[35.548355,31.835071],[35.548644,31.835099],[35.54886,31.835093],[35.549143,31.835281],[35.549305,31.835646],[35.549355,31.835852],[35.549367,31.836145],[35.549313,31.836321],[35.549221,31.836559],[35.549004,31.836636],[35.548665,31.836559],[35.548309,31.83648],[35.548029,31.836495],[35.547858,31.836521],[35.547665,31.836482],[35.547456,31.836386],[35.547258,31.836207],[35.547082,31.836076],[35.546879,31.836016],[35.546639,31.836009],[35.546501,31.83608],[35.546397,31.836227],[35.546359,31.836358],[35.54634,31.836496],[35.546317,31.836626],[35.546372,31.836757],[35.54646,31.836902],[35.546626,31.837065],[35.546742,31.837145],[35.546928,31.837172],[35.547217,31.837243],[35.547443,31.837368],[35.547603,31.837514],[35.547674,31.837679],[35.54771,31.837838],[35.547719,31.838157],[35.547645,31.838456],[35.547464,31.83871],[35.547131,31.838962],[35.546869,31.839199],[35.546792,31.839473],[35.54675,31.839783],[35.546826,31.839953],[35.547032,31.84009],[35.547262,31.840084],[35.547454,31.840112],[35.54752,31.840182],[35.54752,31.840385],[35.547336,31.840699],[35.547176,31.84085],[35.54688,31.841047],[35.546525,31.841231],[35.546325,31.841358],[35.546103,31.841377],[35.545925,31.841344],[35.545775,31.841256],[35.545597,31.841221],[35.545324,31.841259],[35.545138,31.84133],[35.545052,31.841454],[35.545007,31.84161],[35.544983,31.841828],[35.544991,31.84199],[35.54504,31.842197],[35.54497,31.842345],[35.544748,31.842409],[35.544662,31.842514],[35.544662,31.842675],[35.544727,31.842799],[35.544884,31.842898],[35.545017,31.842969],[35.545206,31.84299],[35.545408,31.84295],[35.545676,31.842914],[35.545983,31.842938],[35.54647,31.843003],[35.546719,31.843017],[35.546973,31.842957],[35.547126,31.842845],[35.54718,31.842679],[35.547283,31.8426],[35.547568,31.842575],[35.54788,31.842616],[35.548166,31.842769],[35.548361,31.842879],[35.548543,31.843012],[35.548662,31.843224],[35.548717,31.843408],[35.548823,31.843618],[35.548934,31.843842],[35.548966,31.844008],[35.548842,31.844149],[35.548657,31.84418],[35.548483,31.844112],[35.548227,31.844001],[35.548015,31.843962],[35.547641,31.84407],[35.5473,31.844209],[35.547147,31.844302],[35.547039,31.844468],[35.546947,31.844657],[35.546647,31.844812],[35.546137,31.844916],[35.54566,31.845012],[35.54538,31.845013],[35.545027,31.84521],[35.544719,31.845358],[35.544279,31.845297],[35.54391,31.845309],[35.543568,31.845428],[35.543371,31.845539],[35.543266,31.845823],[35.543263,31.846153],[35.543223,31.84655],[35.543097,31.846653],[35.543058,31.84678],[35.543199,31.846961],[35.54342,31.847124],[35.543681,31.847163],[35.543969,31.847012],[35.544157,31.846883],[35.544492,31.846693],[35.544804,31.846628],[35.545205,31.846553],[35.545523,31.846602],[35.545741,31.846646],[35.545899,31.846685],[35.546155,31.846693],[35.546326,31.846748],[35.546476,31.846885],[35.546454,31.847037],[35.54642,31.847269],[35.546417,31.847425],[35.546426,31.847599],[35.546411,31.84782],[35.546412,31.848013],[35.546181,31.848169],[35.546076,31.848334],[35.545787,31.848401],[35.545577,31.848406],[35.545425,31.848385],[35.545246,31.848354],[35.545076,31.848321],[35.544856,31.848394],[35.544696,31.848481],[35.544533,31.848621],[35.544372,31.84877],[35.544157,31.848981],[35.543897,31.849109],[35.543755,31.849341],[35.543542,31.849399],[35.543282,31.849264],[35.543031,31.84907],[35.542745,31.848837],[35.542394,31.848568],[35.541992,31.848315],[35.541775,31.848341],[35.541585,31.84836],[35.54133,31.848241],[35.541066,31.848314],[35.54102,31.848516],[35.541253,31.848666],[35.541565,31.848743],[35.54195,31.849007],[35.542211,31.849301],[35.542602,31.849604],[35.543001,31.849794],[35.543202,31.849891],[35.543282,31.850134],[35.543265,31.850321],[35.543197,31.850495],[35.542969,31.850539],[35.54288,31.850537],[35.542782,31.850556],[35.542582,31.850565],[35.542507,31.850446],[35.542411,31.850355],[35.542229,31.850292],[35.542047,31.850247],[35.541564,31.850157],[35.541289,31.850137],[35.541115,31.850204],[35.540746,31.850314],[35.540419,31.85055],[35.540177,31.850679],[35.53996,31.850839],[35.539792,31.85092],[35.53961,31.851001],[35.539422,31.851145],[35.539255,31.851303],[35.539173,31.851514],[35.539026,31.85167],[35.538984,31.851821],[35.538972,31.852009],[35.539097,31.852169],[35.539478,31.852225],[35.539816,31.852026],[35.539999,31.852046],[35.540265,31.851953],[35.540509,31.85215],[35.540601,31.852443],[35.540509,31.852861],[35.540629,31.85295],[35.540856,31.853027],[35.541135,31.853061],[35.541484,31.853306],[35.541865,31.853604],[35.542241,31.853894],[35.542303,31.854152],[35.542136,31.854454],[35.541854,31.854741],[35.541594,31.854755],[35.541297,31.854631],[35.540984,31.854452],[35.540722,31.854315],[35.540373,31.854274],[35.540196,31.854194],[35.539931,31.854125],[35.539623,31.854235],[35.539433,31.854188],[35.539269,31.854101],[35.539057,31.854202],[35.538943,31.854543],[35.538808,31.854713],[35.538624,31.854916],[35.538355,31.855054],[35.538136,31.855048],[35.537971,31.855039],[35.537804,31.855017],[35.537574,31.855111],[35.53745,31.855136],[35.537167,31.855249],[35.536911,31.85548],[35.536775,31.85564],[35.536666,31.855785],[35.536612,31.855915],[35.536563,31.856036],[35.536514,31.856104],[35.536444,31.856216],[35.536454,31.856368],[35.53657,31.856599],[35.536768,31.856768],[35.537009,31.856861],[35.537238,31.856824],[35.537579,31.856819],[35.537956,31.856843],[35.53823,31.856899],[35.538605,31.856851],[35.538986,31.856968],[35.539325,31.857118],[35.539634,31.857249],[35.539949,31.857469],[35.539966,31.857635],[35.53963,31.85779],[35.539281,31.857894],[35.53873,31.857987],[35.538525,31.858076],[35.538306,31.858263],[35.53829,31.858421],[35.538391,31.858528],[35.538574,31.858582],[35.538731,31.858562],[35.538948,31.858434],[35.539173,31.858333],[35.539489,31.858209],[35.539775,31.858274],[35.539953,31.858441],[35.54017,31.858806],[35.540263,31.859246],[35.540246,31.859557],[35.539933,31.860002],[35.539695,31.860446],[35.539721,31.86071],[35.539872,31.860938],[35.540182,31.861001],[35.540458,31.860988],[35.54065,31.860913],[35.540855,31.860998],[35.54103,31.860877],[35.541053,31.860506],[35.54108,31.860109],[35.541171,31.859893],[35.541385,31.859346],[35.541654,31.859076],[35.541918,31.858938],[35.542122,31.859055],[35.542369,31.859191],[35.54253,31.859325],[35.54287,31.859341],[35.543035,31.859551],[35.543046,31.859957],[35.543013,31.860347],[35.542856,31.860564],[35.542575,31.860833],[35.542617,31.861016],[35.542994,31.861186],[35.543232,31.861296],[35.543503,31.861409],[35.543956,31.861557],[35.544232,31.861764],[35.54437,31.861972],[35.544504,31.862248],[35.544512,31.86249],[35.544158,31.862848],[35.543547,31.863487],[35.543338,31.863829],[35.543384,31.86419],[35.543594,31.864448],[35.543787,31.864637],[35.5441,31.864783],[35.544474,31.864851],[35.544814,31.864736],[35.545143,31.864609],[35.545329,31.864419],[35.545602,31.864183],[35.545721,31.863878],[35.545973,31.863688],[35.546326,31.863551],[35.546664,31.863638],[35.546845,31.863827],[35.546916,31.863965],[35.546867,31.864164],[35.54671,31.864285],[35.546471,31.864384],[35.546237,31.864548],[35.545993,31.864694],[35.545734,31.864801],[35.545439,31.86494],[35.545177,31.865214],[35.544939,31.865403],[35.544725,31.865573],[35.544633,31.86585],[35.544713,31.866181],[35.544714,31.866384],[35.544857,31.866422],[35.545089,31.866348],[35.545311,31.866216],[35.545499,31.866065],[35.545784,31.866094],[35.546016,31.866063],[35.546292,31.865921],[35.546274,31.865737],[35.546256,31.865512],[35.546338,31.865278],[35.546539,31.865123],[35.547021,31.864904],[35.547233,31.864861],[35.547642,31.865009],[35.548065,31.865118],[35.548357,31.865372],[35.548679,31.865498],[35.548795,31.865672],[35.548814,31.865982],[35.54874,31.866246],[35.54862,31.866478],[35.548377,31.866556],[35.548067,31.866537],[35.547845,31.86652],[35.547547,31.866506],[35.547406,31.866384],[35.547267,31.866334],[35.547096,31.86644],[35.547082,31.866675],[35.547177,31.866893],[35.547439,31.867123],[35.547607,31.86734],[35.547673,31.867631],[35.547476,31.867913],[35.547341,31.868085],[35.546977,31.86825],[35.546873,31.868407],[35.546688,31.868507],[35.546522,31.868603],[35.546439,31.868674],[35.546245,31.868788],[35.546014,31.869033],[35.545874,31.869206],[35.545775,31.869399],[35.545666,31.869572],[35.545442,31.869716],[35.545341,31.869911],[35.545282,31.870161],[35.545172,31.870644],[35.545204,31.871031],[35.545358,31.871249],[35.545545,31.871372],[35.54591,31.871474],[35.546265,31.871529],[35.546727,31.871556],[35.547277,31.871702],[35.547841,31.871895],[35.548368,31.872067],[35.549048,31.872541],[35.549424,31.872661],[35.549692,31.872714],[35.549635,31.872907],[35.549464,31.873126],[35.549314,31.873218],[35.549224,31.873382],[35.549053,31.873521],[35.548791,31.873694],[35.548458,31.873927],[35.548176,31.874014],[35.547933,31.874041],[35.547741,31.873981],[35.547448,31.873895],[35.547002,31.873664],[35.546496,31.873467],[35.546163,31.873408],[35.54596,31.873425],[35.545839,31.873469],[35.545749,31.873529],[35.545658,31.873624],[35.545527,31.873754],[35.545427,31.873875],[35.545306,31.874022],[35.545155,31.874177],[35.544994,31.874324],[35.544681,31.874515],[35.544399,31.874696],[35.544056,31.874922],[35.543784,31.875086],[35.543582,31.875181],[35.5434,31.875208],[35.543219,31.875208],[35.543016,31.875131],[35.542844,31.875054],[35.542591,31.874951],[35.542004,31.874737],[35.541508,31.87454],[35.540952,31.874301],[35.540537,31.874198],[35.540214,31.874122],[35.5399,31.874062],[35.539627,31.87408],[35.539425,31.874072],[35.539223,31.874133],[35.539028,31.874242],[35.538897,31.874329],[35.538766,31.874467],[35.538696,31.874631],[35.538636,31.874803],[35.538636,31.87495],[35.538647,31.875105],[35.538698,31.87532],[35.53875,31.875553],[35.538791,31.875743],[35.538943,31.875923],[35.539075,31.876086],[35.539197,31.87619],[35.53944,31.876353],[35.539632,31.876542],[35.539795,31.876774],[35.539826,31.876886],[35.539796,31.877033],[35.539655,31.877111],[35.539493,31.877189],[35.539352,31.877232],[35.539311,31.877352],[35.539282,31.877439],[35.539282,31.87756],[35.539192,31.877672],[35.539071,31.87775],[35.53893,31.877888],[35.53887,31.878052],[35.53887,31.87819],[35.538921,31.878276],[35.539002,31.878388],[35.539084,31.878534],[35.539175,31.878698],[35.539257,31.878818],[35.539287,31.878956],[35.539258,31.87924],[35.539188,31.87937],[35.539117,31.879465],[35.539037,31.87956],[35.538916,31.879724],[35.538785,31.879836],[35.538654,31.87994],[35.538513,31.880009],[35.538341,31.880062],[35.53818,31.880096],[35.537988,31.880106],[35.537725,31.880115],[35.537412,31.88015],[35.536981,31.880234],[35.536597,31.880313],[35.536395,31.880399],[35.536224,31.880495],[35.536022,31.880633],[35.535922,31.880728],[35.53577,31.880841],[35.535609,31.880944],[35.535357,31.881057],[35.535104,31.881135],[35.534801,31.881205],[35.534499,31.881301],[35.534267,31.881405],[35.534115,31.8815],[35.534004,31.881586],[35.533894,31.88169],[35.533803,31.881768],[35.533672,31.88188],[35.533541,31.881993],[35.53338,31.882097],[35.533198,31.882192],[35.532855,31.882374],[35.532583,31.882581],[35.532442,31.882694],[35.532332,31.882961],[35.532342,31.883108],[35.532403,31.883194],[35.532505,31.883254],[35.532667,31.883339],[35.53292,31.883442],[35.533192,31.883551],[35.533466,31.883688],[35.533607,31.883783],[35.533709,31.88399],[35.533811,31.884101],[35.533993,31.884256],[35.534135,31.884411],[35.534358,31.884634],[35.53452,31.884711],[35.534753,31.884771],[35.535006,31.884874],[35.535178,31.88496],[35.535381,31.885097],[35.535502,31.885217],[35.535513,31.885441],[35.535483,31.885553],[35.535383,31.8857],[35.535211,31.885813],[35.53508,31.885873],[35.534909,31.885891],[35.534706,31.885892],[35.534504,31.885892],[35.534272,31.885893],[35.53408,31.885893],[35.533898,31.88592],[35.533686,31.885963],[35.533504,31.886024],[35.533333,31.886102],[35.533232,31.886163],[35.533081,31.886258],[35.53295,31.886344],[35.532758,31.886457],[35.532556,31.886561],[35.532284,31.886665],[35.532041,31.886726],[35.531809,31.88677],[35.531496,31.886814],[35.531334,31.886874],[35.531194,31.887176],[35.531225,31.88728],[35.531286,31.887409],[35.531397,31.887529],[35.53158,31.887684],[35.531742,31.887795],[35.531823,31.887899],[35.531834,31.888002],[35.531744,31.88818],[35.531593,31.888258],[35.531028,31.888536],[35.530665,31.888804],[35.530514,31.88902],[35.530314,31.889494],[35.530249,31.889677],[35.530174,31.889891],[35.530114,31.890296],[35.530065,31.890624],[35.530126,31.890813],[35.530248,31.890977],[35.5304,31.891062],[35.530622,31.891088],[35.530885,31.891113],[35.531158,31.891164],[35.531472,31.891224],[35.531967,31.891308],[35.532524,31.891453],[35.532918,31.891599],[35.533314,31.891818],[35.533537,31.892024],[35.53379,31.892317],[35.534014,31.892712],[35.534147,31.893065],[35.534188,31.893298],[35.534169,31.893531],[35.534099,31.893772],[35.534008,31.893928],[35.533887,31.894014],[35.533716,31.894118],[35.533534,31.89417],[35.533342,31.894162],[35.533221,31.894128],[35.533069,31.894016],[35.532815,31.893784],[35.53245,31.893397],[35.531862,31.892908],[35.531497,31.892702],[35.531255,31.892625],[35.531002,31.892574],[35.530749,31.892592],[35.530507,31.892653],[35.530386,31.892739],[35.530306,31.892877],[35.530296,31.893006],[35.530297,31.893256],[35.530388,31.89348],[35.530632,31.893652],[35.530824,31.893807],[35.531007,31.893918],[35.53127,31.894185],[35.531453,31.894374],[35.531575,31.894529],[35.531676,31.894718],[35.531809,31.894933],[35.53191,31.895157],[35.532022,31.895389],[35.532053,31.895536],[35.532185,31.895647],[35.532337,31.895759],[35.532439,31.895948],[35.532518,31.896152],[35.532509,31.896281],[35.532459,31.896445],[35.532318,31.896601],[35.532197,31.896722],[35.532026,31.896826],[35.531773,31.896947],[35.531581,31.896982],[35.53139,31.897008],[35.531218,31.896991],[35.531046,31.896949],[35.530834,31.896941],[35.530631,31.896984],[35.53044,31.897097],[35.530359,31.8972],[35.53033,31.89733],[35.53036,31.897485],[35.530421,31.897588],[35.530482,31.897709],[35.530614,31.897872],[35.530736,31.897975],[35.530787,31.898139],[35.530788,31.898268],[35.530697,31.898415],[35.530506,31.898553],[35.530284,31.898631],[35.530081,31.898675],[35.529869,31.898701],[35.529607,31.898719],[35.529263,31.898737],[35.529,31.898729],[35.528677,31.898765],[35.528414,31.898852],[35.528192,31.898955],[35.528082,31.899033],[35.527941,31.899206],[35.52784,31.899353],[35.52778,31.899448],[35.527699,31.899603],[35.527629,31.899758],[35.527579,31.899871],[35.527509,31.900103],[35.527499,31.900216],[35.5275,31.900362],[35.5275,31.900474],[35.527531,31.900698],[35.527562,31.900905],[35.527584,31.901284],[35.527626,31.901663],[35.527647,31.901991],[35.527658,31.902284],[35.527659,31.902482],[35.527599,31.902654],[35.527478,31.902793],[35.527342,31.902853],[35.52624,31.903208],[35.525563,31.90349],[35.525137,31.903919],[35.525135,31.90429],[35.525382,31.90459],[35.525749,31.904964],[35.525902,31.905407],[35.525864,31.905869],[35.525805,31.906312],[35.525472,31.906897],[35.525185,31.907266],[35.524862,31.9075],[35.524281,31.90797],[35.524479,31.908242],[35.524722,31.908569],[35.525117,31.909167],[35.525337,31.909692],[35.525405,31.910145],[35.525559,31.910616],[35.525798,31.91105],[35.525908,31.91152],[35.526341,31.912244],[35.526643,31.912913],[35.526838,31.913456],[35.52686,31.913592],[35.526907,31.91389],[35.526925,31.914493],[35.527139,31.914942],[35.527337,31.915288],[35.527701,31.915788],[35.527824,31.916121],[35.527931,31.916429],[35.527932,31.916802],[35.527873,31.9172],[35.527694,31.917572],[35.527364,31.917971],[35.526957,31.918344],[35.526679,31.918688],[35.526648,31.918976],[35.526618,31.919374],[35.526716,31.919784],[35.526798,31.920195],[35.526993,31.920756],[35.526994,31.921099],[35.526979,31.921441],[35.52698,31.921838],[35.526966,31.922236],[35.527063,31.922509],[35.527241,31.922796],[35.527405,31.922967],[35.527499,31.923065],[35.52768,31.923252],[35.527913,31.923427],[35.528262,31.923624],[35.528611,31.923766],[35.529217,31.923831],[35.529578,31.92383],[35.529823,31.923785],[35.530003,31.923719],[35.530234,31.923465],[35.530465,31.923025],[35.53067,31.922639],[35.530862,31.922221],[35.531106,31.921902],[35.531427,31.921571],[35.531672,31.921427],[35.532097,31.921382],[35.53242,31.92148],[35.532704,31.921645],[35.532912,31.921897],[35.533041,31.922149],[35.533042,31.92238],[35.532953,31.922568],[35.53285,31.922744],[35.532735,31.922909],[35.532465,31.92314],[35.532259,31.923383],[35.532105,31.923559],[35.532067,31.923779],[35.532042,31.923955],[35.532146,31.924175],[35.53234,31.924427],[35.532767,31.924657],[35.533244,31.924799],[35.533825,31.924962],[35.534381,31.925137],[35.534819,31.925168],[35.53509,31.925146],[35.535296,31.925024],[35.535463,31.924804],[35.535578,31.92454],[35.535616,31.924309],[35.535551,31.924133],[35.535357,31.92398],[35.534969,31.923816],[35.534569,31.923641],[35.534116,31.923444],[35.533897,31.923324],[35.533896,31.92317],[35.533999,31.923027],[35.534244,31.922927],[35.534758,31.922541],[35.53526,31.922331],[35.535712,31.92234],[35.536112,31.92235],[35.536344,31.922405],[35.536628,31.92258],[35.536965,31.922865],[35.537275,31.923161],[35.537521,31.923325],[35.537805,31.923412],[35.538261,31.92356],[35.538597,31.923625],[35.539113,31.92381],[35.53932,31.923975],[35.539359,31.92414],[35.539296,31.924338],[35.539154,31.924481],[35.538871,31.92457],[35.53851,31.924637],[35.537982,31.924748],[35.537531,31.924881],[35.537003,31.925091],[35.536797,31.925268],[35.53672,31.925488],[35.53685,31.925751],[35.536993,31.926004],[35.537071,31.926224],[35.537033,31.926433],[35.536931,31.926642],[35.536674,31.926917],[35.536456,31.927237],[35.536302,31.927589],[35.536226,31.927875],[35.536162,31.928139],[35.53601,31.9287],[35.535972,31.929052],[35.535964,31.929433],[35.535991,31.929839],[35.53607,31.93018],[35.536303,31.930443],[35.536536,31.930597],[35.536742,31.930596],[35.537013,31.93054],[35.53718,31.930452],[35.53736,31.930396],[35.537734,31.930274],[35.538185,31.930097],[35.538623,31.929975],[35.539203,31.929776],[35.539615,31.929709],[35.540066,31.929686],[35.540543,31.929608],[35.540956,31.929474],[35.541458,31.929308],[35.542077,31.929175],[35.542257,31.929218],[35.542425,31.929317],[35.542529,31.929426],[35.542749,31.929635],[35.542814,31.92981],[35.542764,31.930063],[35.54261,31.930306],[35.542263,31.930724],[35.5418,31.931055],[35.541349,31.931244],[35.540641,31.931542],[35.539997,31.931863],[35.53952,31.932062],[35.539173,31.932327],[35.53907,31.932459],[35.539045,31.932646],[35.539123,31.932855],[35.539305,31.933063],[35.539538,31.933249],[35.539912,31.933457],[35.540274,31.933643],[35.540584,31.933708],[35.540932,31.933696],[35.541151,31.933553],[35.541331,31.933344],[35.541523,31.93309],[35.541755,31.932848],[35.54196,31.932583],[35.542462,31.932175],[35.543028,31.931855],[35.543389,31.931711],[35.543672,31.931666],[35.543904,31.931665],[35.544085,31.931709],[35.544214,31.931797],[35.544279,31.931939],[35.54428,31.932093],[35.544203,31.932291],[35.544075,31.932457],[35.543818,31.932688],[35.543573,31.932865],[35.543252,31.933196],[35.542931,31.933504],[35.542803,31.933746],[35.5427,31.933956],[35.542688,31.934165],[35.542728,31.934373],[35.542845,31.934604],[35.542987,31.934779],[35.54317,31.934951],[35.543325,31.935006],[35.543493,31.935093],[35.543764,31.93517],[35.544138,31.935224],[35.544616,31.935321],[35.545067,31.935375],[35.545351,31.935462],[35.545468,31.935616],[35.545546,31.93577],[35.545599,31.935978],[35.545574,31.936253],[35.545421,31.936759],[35.545255,31.937266],[35.545088,31.937541],[35.544986,31.937717],[35.544831,31.937795],[35.544625,31.937806],[35.544496,31.937762],[35.544392,31.937664],[35.544289,31.937565],[35.544133,31.937423],[35.543991,31.937291],[35.543785,31.93727],[35.543578,31.93727],[35.543372,31.937271],[35.543088,31.937271],[35.542817,31.937239],[35.542559,31.937207],[35.542365,31.937207],[35.541966,31.937241],[35.541746,31.937275],[35.541566,31.937297],[35.541283,31.937386],[35.541154,31.937529],[35.541077,31.937672],[35.541026,31.937838],[35.541001,31.938069],[35.541028,31.938321],[35.54108,31.938563],[35.541197,31.938695],[35.541262,31.938837],[35.541353,31.93909],[35.541418,31.939266],[35.541625,31.939452],[35.541794,31.939617],[35.542001,31.939781],[35.542234,31.939967],[35.542518,31.940209],[35.542867,31.940405],[35.543345,31.940635],[35.543565,31.940733],[35.544017,31.940897],[35.544456,31.941116],[35.544805,31.941313],[35.544974,31.94151],[35.545026,31.941642],[35.544898,31.941796],[35.544756,31.941885],[35.54455,31.94194],[35.544331,31.941996],[35.54406,31.942029],[35.543789,31.942074],[35.543544,31.942119],[35.543248,31.942207],[35.543145,31.942285],[35.543094,31.94258],[35.543029,31.942663],[35.542845,31.942858],[35.542747,31.942905],[35.54253,31.942943],[35.542269,31.942934],[35.54202,31.942907],[35.541802,31.942852],[35.541596,31.942843],[35.541335,31.942909],[35.541205,31.942983],[35.541054,31.943159],[35.541055,31.943317],[35.541099,31.943492],[35.54124,31.943686],[35.541534,31.943834],[35.541915,31.943925],[35.542371,31.943943],[35.542838,31.943969],[35.543457,31.944032],[35.543816,31.944142],[35.544012,31.944234],[35.544099,31.944373],[35.544132,31.944484],[35.5441,31.944614],[35.544003,31.944697],[35.543775,31.94479],[35.54346,31.944828],[35.5427,31.944793],[35.5422,31.944813],[35.541929,31.944851],[35.54168,31.944925],[35.541495,31.945037],[35.541365,31.945158],[35.541301,31.94525],[35.541247,31.94538],[35.541215,31.94551],[35.541248,31.945676],[35.541292,31.945832],[35.541368,31.945943],[35.541618,31.945988],[35.542052,31.945987],[35.542508,31.945967],[35.542964,31.945883],[35.543377,31.945872],[35.543519,31.946011],[35.54353,31.946187],[35.543411,31.946307],[35.543205,31.946428],[35.542858,31.946614],[35.542555,31.9468],[35.542252,31.947069],[35.542035,31.947301],[35.54196,31.947542],[35.541983,31.947783],[35.542092,31.948033],[35.542376,31.948245],[35.542713,31.948355],[35.543093,31.94853],[35.543605,31.948695],[35.543899,31.948889],[35.543921,31.949111],[35.543911,31.949351],[35.543868,31.949527],[35.543793,31.94962],[35.543673,31.949667],[35.543478,31.949649],[35.54326,31.949538],[35.543042,31.949381],[35.542781,31.949197],[35.542531,31.949013],[35.542367,31.94893],[35.54215,31.94893],[35.541933,31.948986],[35.541781,31.949061],[35.541608,31.9492],[35.541544,31.94945],[35.541512,31.949719],[35.541459,31.949969],[35.541362,31.95021],[35.541178,31.950479],[35.541027,31.950683],[35.540832,31.95085],[35.540626,31.951017],[35.540334,31.951256],[35.539912,31.951572],[35.539349,31.952129],[35.539111,31.952472],[35.539036,31.95275],[35.539059,31.953046],[35.539158,31.953221],[35.539278,31.953369],[35.539473,31.953433],[35.539756,31.953386],[35.539983,31.953256],[35.540178,31.95307],[35.540297,31.952848],[35.540383,31.95257],[35.540382,31.952274],[35.540489,31.951977],[35.540673,31.951847],[35.541053,31.951763],[35.541314,31.951716],[35.54152,31.951771],[35.541662,31.951946],[35.541685,31.952289],[35.541577,31.952558],[35.541426,31.952799],[35.541318,31.952975],[35.541243,31.953179],[35.541255,31.953503],[35.541386,31.953706],[35.541669,31.953751],[35.541984,31.953788],[35.542592,31.953832],[35.543244,31.953895],[35.543668,31.953922],[35.543907,31.953995],[35.54406,31.954189],[35.544136,31.954346],[35.544039,31.954412],[35.543811,31.954458],[35.54355,31.954468],[35.543127,31.954488],[35.54291,31.954618],[35.542802,31.954757],[35.542792,31.954924],[35.542836,31.955174],[35.542902,31.955405],[35.543022,31.955697],[35.543121,31.955919],[35.543241,31.956169],[35.543297,31.956428],[35.543233,31.956696],[35.543168,31.957011],[35.542973,31.957141],[35.542756,31.957179],[35.542485,31.957161],[35.542267,31.957097],[35.542071,31.957014],[35.541821,31.956895],[35.541604,31.95684],[35.541365,31.956859],[35.541137,31.956933],[35.540931,31.957101],[35.540552,31.957462],[35.540325,31.957694],[35.540228,31.957945],[35.540197,31.958176],[35.540219,31.958417],[35.540307,31.958676],[35.540482,31.958897],[35.540645,31.959128],[35.540842,31.959387],[35.540853,31.959544],[35.540854,31.95973],[35.540822,31.959896],[35.540736,31.960109],[35.540725,31.960267],[35.540748,31.960396],[35.540879,31.960525],[35.541053,31.960636],[35.541314,31.960691],[35.541694,31.960708],[35.542085,31.960707],[35.542541,31.960706],[35.542772,31.96073],[35.542914,31.960841],[35.543045,31.961035],[35.543263,31.961321],[35.543438,31.96158],[35.543612,31.961728],[35.543819,31.96182],[35.544221,31.961911],[35.544602,31.962049],[35.544983,31.962187],[35.545233,31.962353],[35.545256,31.962584],[35.545181,31.962853],[35.545008,31.963075],[35.54491,31.963168],[35.544748,31.96327],[35.54439,31.963392],[35.544021,31.963522],[35.543554,31.963662],[35.543218,31.963774],[35.542925,31.963914],[35.542633,31.9641],[35.542329,31.964314],[35.541993,31.96462],[35.541745,31.964907],[35.54168,31.965176],[35.541681,31.965371],[35.541758,31.965537],[35.541932,31.965638],[35.542269,31.965656],[35.542584,31.965655],[35.542997,31.9657],[35.543399,31.96581],[35.543736,31.965948],[35.544063,31.966086],[35.544182,31.96616],[35.544188,31.966361],[35.544145,31.966537],[35.544059,31.966871],[35.543984,31.967158],[35.543887,31.967389],[35.543878,31.967695],[35.54391,31.967824],[35.544106,31.967944],[35.544444,31.968036],[35.544846,31.968118],[35.545183,31.968154],[35.545596,31.968246],[35.545922,31.968319],[35.54614,31.968485],[35.546336,31.96866],[35.546565,31.96878],[35.546848,31.968918],[35.547076,31.969084],[35.54736,31.969287],[35.547501,31.969453],[35.547556,31.969546],[35.547567,31.969657],[35.547546,31.969833],[35.547504,31.970073],[35.547451,31.970462],[35.54742,31.970888],[35.547356,31.971129],[35.547313,31.971342],[35.547227,31.971592],[35.547141,31.971888],[35.547023,31.972287],[35.546937,31.972528],[35.54684,31.972778],[35.546627,31.972893],[35.546442,31.972959],[35.54628,31.97295],[35.546029,31.97283],[35.54567,31.972581],[35.545092,31.972111],[35.544504,31.971714],[35.544123,31.971604],[35.543906,31.971623],[35.543722,31.971753],[35.543571,31.97192],[35.543484,31.972069],[35.543452,31.972208],[35.54342,31.972356],[35.543432,31.972541],[35.543433,31.972763],[35.543422,31.972994],[35.543412,31.973189],[35.543402,31.973434],[35.543381,31.973694],[35.543263,31.974027],[35.543058,31.974287],[35.542754,31.974482],[35.542364,31.97465],[35.541919,31.974855],[35.541604,31.975041],[35.541421,31.975217],[35.541323,31.975356],[35.541151,31.975801],[35.540968,31.976264],[35.540861,31.976681],[35.540797,31.976977],[35.540689,31.977191],[35.540635,31.977367],[35.54069,31.977487],[35.540832,31.977579],[35.541005,31.977615],[35.541147,31.977615],[35.541375,31.977614],[35.541582,31.977651],[35.541679,31.977706],[35.541734,31.977808],[35.541702,31.978017],[35.54167,31.978212],[35.541584,31.97849],[35.541423,31.978907],[35.541174,31.979222],[35.540892,31.979417],[35.540621,31.979603],[35.540535,31.979742],[35.540535,31.979862],[35.54059,31.979946],[35.540721,31.979992],[35.540938,31.980037],[35.541199,31.980074],[35.541449,31.980101],[35.541634,31.980146],[35.541743,31.980239],[35.541819,31.980359],[35.54182,31.980488],[35.541722,31.980637],[35.541549,31.980776],[35.541322,31.980971],[35.54117,31.981092],[35.541105,31.981185],[35.541051,31.981305],[35.541019,31.981453],[35.540976,31.981611],[35.540922,31.981768],[35.540869,31.981944],[35.540826,31.982074],[35.540794,31.982204],[35.540718,31.982361],[35.540567,31.982528],[35.540393,31.982686],[35.540198,31.982825],[35.540014,31.982946],[35.539841,31.982984],[35.539667,31.982975],[35.539514,31.982901],[35.539427,31.982763],[35.539296,31.982531],[35.53912,31.982162],[35.539,31.981801],[35.538759,31.981404],[35.538389,31.981182],[35.538313,31.981099],[35.538041,31.980989],[35.537823,31.980906],[35.53766,31.980833],[35.537529,31.980815],[35.537323,31.980926],[35.537258,31.981047],[35.537205,31.981195],[35.537162,31.981334],[35.537076,31.98151],[35.537011,31.981695],[35.536936,31.981862],[35.536817,31.982149],[35.536655,31.982437],[35.536482,31.982705],[35.536201,31.983021],[35.535952,31.983197],[35.535768,31.98334],[35.535532,31.983542],[35.53537,31.983706],[35.535238,31.983908],[35.535076,31.984198],[35.534974,31.984512],[35.534857,31.984815],[35.534696,31.985243],[35.534506,31.985734],[35.534463,31.985961],[35.534419,31.986187],[35.534479,31.986351],[35.534568,31.986514],[35.534731,31.986665],[35.534953,31.986815],[35.535086,31.986953],[35.535205,31.987079],[35.535265,31.98723],[35.535295,31.987368],[35.535295,31.987531],[35.535251,31.987695],[35.535223,31.987846],[35.535208,31.987997],[35.535209,31.988123],[35.535239,31.988236],[35.535313,31.988374],[35.535358,31.988462],[35.535417,31.988563],[35.535536,31.988663],[35.535699,31.988801],[35.536024,31.989014],[35.536291,31.989102],[35.536542,31.989214],[35.536793,31.989226],[35.537074,31.989313],[35.537178,31.989514],[35.537149,31.989602],[35.537046,31.989691],[35.536812,31.989826],[35.536591,31.989952],[35.536355,31.990053],[35.536163,31.990129],[35.535957,31.990293],[35.53578,31.990457],[35.535707,31.990583],[35.535634,31.990697],[35.535634,31.990797],[35.535752,31.99091],[35.536034,31.991212],[35.536301,31.991488],[35.536331,31.991601],[35.536391,31.991802],[35.536376,31.991903],[35.536318,31.992003],[35.53617,31.992117],[35.536038,31.992231],[35.535802,31.99237],[35.535699,31.992521],[35.535699,31.992622],[35.535774,31.99276],[35.535996,31.992835],[35.536217,31.992859],[35.536424,31.992859],[35.536631,31.992871],[35.536912,31.992908],[35.537074,31.992958],[35.537163,31.993046],[35.537193,31.993197],[35.537209,31.993373],[35.537225,31.993637],[35.537225,31.993826],[35.537241,31.994077],[35.537316,31.994329],[35.537331,31.994517],[35.537479,31.994693],[35.537598,31.994768],[35.537982,31.994868],[35.538382,31.994911],[35.538751,31.99496],[35.539062,31.995022],[35.539432,31.995135],[35.539506,31.995158],[35.539831,31.995259],[35.54026,31.995422],[35.540556,31.995585],[35.540852,31.995747],[35.541044,31.995923],[35.541089,31.996024],[35.54109,31.996174],[35.541002,31.996376],[35.5409,31.996817],[35.540827,31.997031],[35.540857,31.99722],[35.540961,31.997345],[35.541124,31.997546],[35.541332,31.997759],[35.54148,31.997872],[35.541584,31.998035],[35.541673,31.998174],[35.541674,31.998325],[35.541526,31.998451],[35.541393,31.998489],[35.541231,31.998477],[35.541054,31.998414],[35.540876,31.998327],[35.540683,31.998138],[35.54052,31.9979],[35.540326,31.997498],[35.540015,31.997096],[35.539881,31.996908],[35.539704,31.996807],[35.539526,31.996757],[35.539289,31.996708],[35.539127,31.996746],[35.538935,31.996822],[35.538788,31.996898],[35.538655,31.996974],[35.538523,31.997112],[35.538449,31.997238],[35.53842,31.997377],[35.53845,31.997503],[35.538495,31.997653],[35.538718,31.997879],[35.538881,31.998093],[35.539147,31.998243],[35.539384,31.998456],[35.539533,31.99862],[35.539578,31.998821],[35.539593,31.999009],[35.539579,31.99916],[35.53952,31.999261],[35.539447,31.999375],[35.539359,31.999425],[35.539078,31.999476],[35.538827,31.999414],[35.53859,31.999314],[35.538442,31.999226],[35.538033,31.99879],[35.53787,31.998589],[35.53738,31.998112],[35.536788,31.997648],[35.536507,31.997535],[35.536197,31.997498],[35.53596,31.997524],[35.535768,31.997575],[35.53571,31.997676],[35.535681,31.997827],[35.535696,31.99794],[35.535785,31.998078],[35.535933,31.998204],[35.536214,31.998392],[35.536452,31.998618],[35.536689,31.998881],[35.536971,31.999208],[35.537194,31.999572],[35.537343,31.999936],[35.537388,32.000226],[35.537389,32.000477],[35.537375,32.000691],[35.537243,32.000993],[35.536992,32.001019],[35.536711,32.000919],[35.536385,32.000744],[35.53606,32.000506],[35.535792,32.000117],[35.535658,31.999802],[35.535583,31.999551],[35.535553,31.99935],[35.535567,31.999048],[35.53561,31.998683],[35.53555,31.998381],[35.535446,31.99828],[35.535209,31.998206],[35.534899,31.998232],[35.534648,31.998295],[35.534575,31.998421],[35.534531,31.998597],[35.534577,31.998861],[35.534681,31.999214],[35.534667,31.99944],[35.534535,31.999667],[35.534373,31.999894],[35.534182,32.000159],[35.534035,32.00031],[35.533903,32.000524],[35.5338,32.000751],[35.533668,32.00099],[35.533522,32.001318],[35.53336,32.001608],[35.53311,32.001772],[35.532888,32.001798],[35.532696,32.00176],[35.532533,32.001648],[35.532429,32.001371],[35.532398,32.001144],[35.532323,32.000604],[35.532292,32.000377],[35.532292,32.000176],[35.532306,32.000038],[35.53235,31.999874],[35.532393,31.999635],[35.532407,31.999308],[35.532361,31.999043],[35.532169,31.99888],[35.531917,31.998818],[35.531681,31.998857],[35.531445,31.998933],[35.531224,31.999059],[35.531003,31.999248],[35.530502,31.999602],[35.530104,31.99988],[35.529647,32.00012],[35.529426,32.000171],[35.529249,32.000146],[35.529101,32.000071],[35.528893,31.99992],[35.52873,31.99972],[35.528581,31.999506],[35.528389,31.999293],[35.5283,31.99918],[35.528181,31.999105],[35.527989,31.999092],[35.527797,31.999118],[35.52762,31.999181],[35.527277,31.999278],[35.527185,31.99947],[35.527026,31.999741],[35.526948,31.999968],[35.526922,32.00025],[35.526936,32.000476],[35.52695,32.00069],[35.527017,32.000938],[35.527151,32.001119],[35.527284,32.001242],[35.527443,32.001366],[35.527643,32.001509],[35.528028,32.001697],[35.528472,32.001935],[35.528679,32.002148],[35.528729,32.002238],[35.528784,32.002336],[35.528843,32.0025],[35.528859,32.002689],[35.528904,32.002915],[35.528949,32.003129],[35.528935,32.003305],[35.528876,32.003418],[35.528773,32.00357],[35.528464,32.003973],[35.528317,32.004087],[35.528125,32.004137],[35.527948,32.004125],[35.5278,32.004063],[35.52774,32.003836],[35.527784,32.003685],[35.527842,32.003534],[35.527916,32.003383],[35.52793,32.003207],[35.52787,32.002993],[35.527751,32.002792],[35.527603,32.002717],[35.527421,32.00258],[35.527275,32.002535],[35.527036,32.002524],[35.526745,32.002559],[35.526506,32.002627],[35.526175,32.002763],[35.525898,32.0029],[35.525659,32.003025],[35.525421,32.003194],[35.525276,32.003443],[35.525197,32.003579],[35.525079,32.003794],[35.52496,32.003896],[35.524497,32.004078],[35.524166,32.004293],[35.523941,32.004576],[35.523758,32.004895],[35.523652,32.005209],[35.523652,32.005344],[35.523773,32.005547],[35.524078,32.005671],[35.524541,32.005568],[35.524766,32.005387],[35.525018,32.005228],[35.525216,32.005047],[35.525401,32.004979],[35.525746,32.004932],[35.526037,32.004988],[35.526343,32.005202],[35.526622,32.005495],[35.526623,32.00563],[35.526571,32.005834],[35.526425,32.006015],[35.526187,32.006185],[35.525883,32.006377],[35.525658,32.006536],[35.525367,32.006729],[35.525222,32.006989],[35.525078,32.007294],[35.525119,32.007621],[35.525371,32.007813],[35.52557,32.007869],[35.525888,32.007721],[35.526179,32.007472],[35.526456,32.007268],[35.526734,32.007098],[35.526999,32.007018],[35.527357,32.006983],[35.527615,32.007094],[35.528097,32.007273],[35.528411,32.007445],[35.528657,32.007689],[35.528701,32.007941],[35.528634,32.008143],[35.528431,32.00836],[35.528195,32.008527],[35.527933,32.008679],[35.527663,32.008809],[35.527971,32.009731],[35.528251,32.009925],[35.528632,32.01014],[35.528938,32.010355],[35.529158,32.010549],[35.529269,32.010751],[35.529312,32.010902],[35.529355,32.011068],[35.529373,32.01127],[35.529373,32.011471],[35.529357,32.011608],[35.529256,32.011724],[35.529163,32.011782],[35.529044,32.011768],[35.5289,32.011718],[35.528739,32.011668],[35.528544,32.011553],[35.528442,32.011431],[35.52834,32.011236],[35.52797,32.011267],[35.527559,32.011158],[35.527235,32.011195],[35.527105,32.011269],[35.526976,32.011454],[35.52689,32.011619],[35.526826,32.011841],[35.526719,32.012135],[35.526634,32.01243],[35.526571,32.012927],[35.526507,32.013277],[35.526292,32.013628],[35.526033,32.013794],[35.525579,32.013814],[35.524995,32.013778],[35.524239,32.013817],[35.523656,32.013874],[35.523072,32.014041],[35.522965,32.014299],[35.522966,32.014612],[35.523183,32.014814],[35.523638,32.014923],[35.523984,32.014978],[35.524373,32.015032],[35.524741,32.015252],[35.525196,32.015564],[35.525998,32.015948],[35.526842,32.016278],[35.527648,32.016515],[35.52792,32.016704],[35.528037,32.016787],[35.528164,32.016853],[35.528359,32.016927],[35.528573,32.017034],[35.528865,32.017157],[35.52904,32.017306],[35.529118,32.017397],[35.529148,32.017487],[35.529148,32.017653],[35.529139,32.017868],[35.529101,32.018034],[35.529005,32.018315],[35.528957,32.018514],[35.528899,32.018696],[35.528871,32.018887],[35.528842,32.019061],[35.528852,32.019185],[35.528892,32.01935],[35.528951,32.019507],[35.528971,32.019656],[35.528971,32.019813],[35.528826,32.019979],[35.52869,32.020046],[35.528554,32.020079],[35.528409,32.020096],[35.528049,32.020114],[35.527641,32.02009],[35.527024,32.019879],[35.526807,32.019806],[35.526461,32.019714],[35.525791,32.019679],[35.525034,32.019718],[35.524083,32.019721],[35.523218,32.019649],[35.522483,32.019706],[35.522224,32.019854],[35.522139,32.020075],[35.522096,32.020351],[35.522076,32.020609],[35.522228,32.020811],[35.522552,32.020976],[35.523136,32.02103],[35.523655,32.020974],[35.52413,32.020862],[35.524562,32.020732],[35.52493,32.020786],[35.52506,32.020952],[35.525088,32.021146],[35.524812,32.021172],[35.524363,32.021506],[35.524156,32.021774],[35.523914,32.02196],[35.523561,32.022105],[35.523419,32.022453],[35.523357,32.022447],[35.523076,32.0223],[35.522794,32.022136],[35.522469,32.021952],[35.522166,32.021787],[35.521928,32.021641],[35.521646,32.021531],[35.521322,32.021495],[35.520869,32.021662],[35.520674,32.021791],[35.520567,32.02192],[35.520481,32.022068],[35.520438,32.022252],[35.52047,32.022483],[35.520634,32.022583],[35.520743,32.02284],[35.521155,32.023336],[35.521437,32.023612],[35.521741,32.023961],[35.522067,32.02431],[35.522194,32.024417],[35.522246,32.02477],[35.522078,32.024816],[35.522115,32.024869],[35.522221,32.024943],[35.522343,32.025267],[35.522179,32.025359],[35.521876,32.025489],[35.52138,32.025766],[35.521273,32.026006],[35.521208,32.026208],[35.521209,32.026392],[35.521318,32.026558],[35.521513,32.026723],[35.521946,32.026961],[35.522336,32.027181],[35.522618,32.027346],[35.522726,32.02753],[35.522857,32.027769],[35.522966,32.028063],[35.522989,32.028358],[35.523184,32.028634],[35.523315,32.028873],[35.523467,32.029056],[35.52364,32.029185],[35.523836,32.029405],[35.523966,32.029571],[35.524054,32.029902],[35.523925,32.030123],[35.523687,32.030234],[35.523319,32.03018],[35.523081,32.03007],[35.522908,32.029886],[35.522712,32.029703],[35.522517,32.029593],[35.522279,32.029593],[35.52202,32.029668],[35.521783,32.029797],[35.52161,32.029908],[35.52146,32.030074],[35.521266,32.030314],[35.520899,32.030572],[35.520489,32.030831],[35.520101,32.031127],[35.519929,32.03133],[35.519843,32.031459],[35.519865,32.03168],[35.519952,32.031827],[35.520126,32.031974],[35.52045,32.031936],[35.520817,32.031788],[35.521054,32.03164],[35.521421,32.03151],[35.521746,32.031491],[35.521962,32.03149],[35.522221,32.031545],[35.522482,32.031765],[35.522612,32.032041],[35.522679,32.032427],[35.522698,32.03283],[35.521935,32.03334],[35.521949,32.033479],[35.522057,32.033572],[35.522301,32.0337],[35.522517,32.033793],[35.522774,32.033943],[35.52291,32.034129],[35.52306,32.034431],[35.523019,32.034606],[35.522898,32.034827],[35.52271,32.035061],[35.522602,32.035142],[35.522439,32.035189],[35.52225,32.035178],[35.522074,32.035144],[35.521939,32.035098],[35.521763,32.034982],[35.521519,32.034796],[35.521261,32.034588],[35.520896,32.034368],[35.520787,32.034275],[35.520584,32.03424],[35.520395,32.034299],[35.520206,32.034486],[35.520044,32.034684],[35.519721,32.034999],[35.519289,32.035384],[35.518924,32.035618],[35.518857,32.035746],[35.518884,32.036037],[35.519034,32.036223],[35.519305,32.036385],[35.519522,32.036547],[35.519657,32.036756],[35.51978,32.036976],[35.519921,32.037198],[35.520047,32.037466],[35.520157,32.03772],[35.52022,32.038001],[35.520299,32.038296],[35.520253,32.038484],[35.520238,32.038779],[35.520254,32.039034],[35.520286,32.039235],[35.520505,32.039435],[35.520693,32.039609],[35.52085,32.039742],[35.520929,32.039876],[35.52096,32.04005],[35.520992,32.040238],[35.520993,32.040532],[35.521041,32.040733],[35.521135,32.040934],[35.521307,32.041094],[35.521511,32.041267],[35.521839,32.04136],[35.522058,32.041453],[35.522324,32.041559],[35.522465,32.041692],[35.522465,32.04184],[35.522296,32.042077],[35.522043,32.042231],[35.521596,32.042464],[35.521195,32.042823],[35.520928,32.04326],[35.520885,32.043644],[35.520916,32.044028],[35.520962,32.044348],[35.520858,32.044719],[35.520695,32.044912],[35.520054,32.045171],[35.519742,32.045402],[35.519519,32.045608],[35.519386,32.045916],[35.519282,32.046274],[35.519277,32.046692],[35.519297,32.046952],[35.519355,32.047292],[35.519583,32.047567],[35.519962,32.04776],[35.520322,32.047808],[35.520568,32.047839],[35.520927,32.047854],[35.521286,32.047901],[35.52159,32.047997],[35.521722,32.048143],[35.521856,32.048385],[35.521856,32.048564],[35.521782,32.048807],[35.521631,32.049084],[35.521311,32.049442],[35.52101,32.049735],[35.520689,32.050012],[35.520502,32.050402],[35.520351,32.050711],[35.520485,32.051051],[35.520675,32.051278],[35.521053,32.051325],[35.521469,32.051274],[35.521847,32.051159],[35.522225,32.050979],[35.522546,32.050783],[35.522847,32.050587],[35.523224,32.050229],[35.523374,32.049855],[35.523449,32.049579],[35.52322,32.049207],[35.522936,32.048867],[35.522858,32.048462],[35.522971,32.048121],[35.523197,32.047958],[35.523726,32.047777],[35.52399,32.047678],[35.524539,32.047725],[35.524842,32.047837],[35.525183,32.048176],[35.525203,32.048451],[35.525167,32.048841],[35.525071,32.049472],[35.525065,32.049631],[35.525072,32.049879],[35.525119,32.050122],[35.525201,32.050345],[35.525364,32.050572],[35.525527,32.05077],[35.525973,32.050931],[35.526077,32.050827],[35.526209,32.050702],[35.526371,32.050527],[35.526509,32.050402],[35.526723,32.050322],[35.527047,32.050315],[35.527377,32.050412],[35.527805,32.050534],[35.528098,32.050691],[35.528322,32.050666],[35.5285,32.050551],[35.528648,32.050487],[35.528812,32.050398],[35.529109,32.050296],[35.529347,32.050219],[35.529555,32.050206],[35.529675,32.050257],[35.529809,32.05032],[35.529854,32.050421],[35.529854,32.050573],[35.52978,32.050675],[35.529706,32.050776],[35.529573,32.050941],[35.529469,32.051043],[35.52938,32.051144],[35.529306,32.051246],[35.529232,32.051373],[35.529188,32.051462],[35.52916,32.05171],[35.52919,32.051913],[35.52925,32.052065],[35.529385,32.052318],[35.529549,32.052457],[35.529728,32.052596],[35.529863,32.052684],[35.529967,32.05276],[35.530072,32.052886],[35.530162,32.053051],[35.530162,32.053203],[35.530178,32.053393],[35.530149,32.053545],[35.530045,32.05371],[35.529807,32.053926],[35.529615,32.054091],[35.529511,32.05418],[35.529422,32.054282],[35.529362,32.054358],[35.529289,32.054497],[35.529304,32.054624],[35.529319,32.054738],[35.529335,32.05489],[35.52938,32.055093],[35.529426,32.055333],[35.529486,32.055549],[35.529516,32.055827],[35.529577,32.05608],[35.529578,32.056309],[35.529549,32.056511],[35.529505,32.056854],[35.529343,32.057291],[35.52924,32.057583],[35.529033,32.057774],[35.5289,32.058002],[35.528811,32.058192],[35.528782,32.058509],[35.528931,32.058648],[35.529259,32.058736],[35.529557,32.058735],[35.529884,32.058684],[35.530286,32.058657],[35.530614,32.058657],[35.530911,32.058694],[35.53118,32.058795],[35.531418,32.058933],[35.531612,32.059047],[35.531777,32.059249],[35.531912,32.059604],[35.532032,32.059831],[35.532107,32.060059],[35.532123,32.060275],[35.532108,32.060427],[35.532064,32.060528],[35.53196,32.06063],[35.531782,32.060656],[35.531677,32.060593],[35.531573,32.060403],[35.531452,32.060099],[35.531288,32.059884],[35.531153,32.05972],[35.530959,32.059657],[35.53084,32.05967],[35.530647,32.059746],[35.530514,32.059835],[35.53038,32.059962],[35.530276,32.060064],[35.530158,32.060204],[35.530024,32.060419],[35.529877,32.060711],[35.529743,32.06094],[35.529655,32.061105],[35.529551,32.061295],[35.529448,32.061473],[35.529359,32.061625],[35.52933,32.061739],[35.529345,32.061866],[35.52939,32.06198],[35.529599,32.062068],[35.529867,32.062194],[35.53018,32.062269],[35.530478,32.062268],[35.530879,32.062254],[35.531192,32.062254],[35.531594,32.062253],[35.531981,32.062264],[35.532577,32.062339],[35.533128,32.062477],[35.533515,32.062628],[35.533754,32.062754],[35.534009,32.062989],[35.534249,32.063343],[35.534458,32.063621],[35.534578,32.063798],[35.534571,32.063898],[35.534514,32.063854],[35.534475,32.063803],[35.534175,32.063887],[35.534101,32.064386],[35.533881,32.064433],[35.533642,32.064409],[35.533493,32.064333],[35.533284,32.064194],[35.533075,32.063941],[35.532776,32.063663],[35.532597,32.063525],[35.532255,32.063462],[35.531942,32.063437],[35.531495,32.063375],[35.531152,32.0633],[35.530795,32.063301],[35.530602,32.063327],[35.530424,32.063429],[35.530305,32.063505],[35.530201,32.063594],[35.530112,32.063708],[35.530038,32.063848],[35.529949,32.064051],[35.529905,32.06419],[35.529846,32.064355],[35.529772,32.064545],[35.529728,32.064672],[35.529729,32.064799],[35.529848,32.064862],[35.529967,32.0649],[35.530146,32.064912],[35.530339,32.064899],[35.530667,32.064822],[35.53086,32.064758],[35.531143,32.064681],[35.531529,32.064617],[35.531916,32.064578],[35.532303,32.064602],[35.532512,32.064652],[35.532676,32.064715],[35.532751,32.064816],[35.532796,32.064981],[35.532811,32.065133],[35.532812,32.065285],[35.532708,32.065463],[35.532575,32.065615],[35.532293,32.065755],[35.532114,32.065819],[35.531891,32.065883],[35.531623,32.065922],[35.531415,32.065948],[35.530864,32.065987],[35.530462,32.066013],[35.53021,32.066065],[35.530046,32.066192],[35.529913,32.066332],[35.529824,32.066509],[35.529812,32.066729],[35.529843,32.066868],[35.529918,32.067096],[35.530142,32.06726],[35.53041,32.06731],[35.530663,32.067297],[35.530975,32.067246],[35.531288,32.067169],[35.5316,32.067092],[35.531912,32.067015],[35.532166,32.067027],[35.532285,32.067116],[35.53239,32.067191],[35.532435,32.067343],[35.53254,32.067634],[35.532496,32.067951],[35.532482,32.068154],[35.532364,32.068382],[35.532275,32.068522],[35.532067,32.068725],[35.5318,32.068827],[35.531547,32.068828],[35.531383,32.068765],[35.531248,32.068677],[35.531099,32.068601],[35.53092,32.068525],[35.530667,32.068488],[35.530474,32.068552],[35.53037,32.068628],[35.530221,32.068705],[35.530088,32.068806],[35.530014,32.068908],[35.529984,32.069035],[35.529955,32.0692],[35.529911,32.069377],[35.529837,32.069517],[35.529704,32.069758],[35.529675,32.069961],[35.529676,32.070189],[35.529692,32.070455],[35.529737,32.070606],[35.529783,32.070936],[35.529873,32.07129],[35.530052,32.071341],[35.530231,32.071302],[35.530409,32.071226],[35.530632,32.071111],[35.530825,32.070971],[35.531137,32.070882],[35.531405,32.070843],[35.532001,32.070854],[35.53267,32.070814],[35.532968,32.070725],[35.533131,32.070598],[35.53322,32.070395],[35.533323,32.070192],[35.533397,32.069926],[35.5335,32.069583],[35.533618,32.069241],[35.53381,32.068822],[35.533973,32.068619],[35.534166,32.06858],[35.534404,32.068567],[35.534598,32.068617],[35.534777,32.068756],[35.534971,32.068946],[35.535166,32.069148],[35.535345,32.069376],[35.535494,32.069553],[35.535525,32.069679],[35.535495,32.069781],[35.535421,32.06992],[35.535318,32.070047],[35.535244,32.070161],[35.535125,32.070276],[35.535036,32.070403],[35.535039,32.07061],[35.53507,32.07075],[35.535145,32.070863],[35.535249,32.070977],[35.535369,32.071091],[35.535384,32.071218],[35.53531,32.071357],[35.535191,32.071459],[35.535043,32.071599],[35.53485,32.071777],[35.534717,32.07198],[35.534628,32.072157],[35.534569,32.072284],[35.53454,32.072462],[35.53457,32.072677],[35.53466,32.072854],[35.534825,32.073006],[35.535019,32.073132],[35.535213,32.073309],[35.535437,32.073473],[35.535691,32.073751],[35.535796,32.074017],[35.535812,32.074232],[35.535828,32.074511],[35.535798,32.07465],[35.535724,32.07479],[35.53565,32.074942],[35.535502,32.075145],[35.535354,32.075348],[35.535132,32.075754],[35.535014,32.075983],[35.535,32.076198],[35.535001,32.076464],[35.535031,32.076654],[35.535062,32.076806],[35.535226,32.077021],[35.535405,32.077071],[35.535598,32.077046],[35.535747,32.076982],[35.53594,32.076855],[35.536103,32.076715],[35.536266,32.076512],[35.536444,32.076258],[35.536755,32.075813],[35.536993,32.075547],[35.53726,32.075318],[35.537602,32.075152],[35.537869,32.075038],[35.538092,32.074986],[35.53839,32.074973],[35.538703,32.07501],[35.538882,32.075124],[35.539061,32.075275],[35.539211,32.075516],[35.539316,32.075731],[35.539316,32.075895],[35.539287,32.076035],[35.539174,32.07627],[35.539071,32.07641],[35.538937,32.076537],[35.538818,32.076651],[35.538714,32.076715],[35.538521,32.076817],[35.538372,32.076855],[35.538194,32.076906],[35.537956,32.076983],[35.537793,32.077034],[35.537629,32.077085],[35.537361,32.077213],[35.537138,32.077315],[35.53702,32.077416],[35.536871,32.077582],[35.536768,32.077708],[35.536694,32.077924],[35.536695,32.078177],[35.5368,32.078507],[35.53689,32.078671],[35.537084,32.078772],[35.537337,32.078835],[35.537591,32.078847],[35.537799,32.078757],[35.538007,32.078681],[35.538215,32.078566],[35.538482,32.078477],[35.538825,32.078387],[35.539018,32.078399],[35.539361,32.0785],[35.539868,32.078701],[35.5403,32.078877],[35.540748,32.079092],[35.540972,32.079268],[35.541121,32.079483],[35.541181,32.07961],[35.541197,32.079737],[35.541034,32.079978],[35.540916,32.080194],[35.540738,32.080346],[35.540634,32.080435],[35.540515,32.080499],[35.540292,32.080575],[35.540024,32.080627],[35.539474,32.080768],[35.539221,32.080933],[35.539132,32.081047],[35.539028,32.081174],[35.538984,32.081263],[35.538955,32.081377],[35.53894,32.081542],[35.538911,32.081732],[35.538912,32.081973],[35.538957,32.08215],[35.539003,32.082302],[35.539137,32.082479],[35.539346,32.082618],[35.539599,32.082642],[35.539852,32.082617],[35.540061,32.08254],[35.540314,32.08245],[35.540596,32.082298],[35.540878,32.082044],[35.541085,32.081828],[35.541234,32.081637],[35.541367,32.081409],[35.5415,32.08118],[35.541633,32.080939],[35.541855,32.080635],[35.542004,32.080482],[35.542093,32.08038],[35.54233,32.080291],[35.542539,32.08024],[35.542821,32.080176],[35.543223,32.080099],[35.54364,32.079996],[35.543937,32.079995],[35.54422,32.080045],[35.544489,32.080083],[35.544697,32.080171],[35.544832,32.080284],[35.545086,32.080487],[35.545205,32.080588],[35.545473,32.08065],[35.545786,32.080713],[35.545935,32.080776],[35.546129,32.080851],[35.546263,32.08094],[35.546309,32.081091],[35.546309,32.081269],[35.54628,32.081408],[35.546206,32.081535],[35.545983,32.081701],[35.54579,32.08179],[35.545552,32.081866],[35.545299,32.081867],[35.54515,32.081804],[35.544956,32.081741],[35.544777,32.081615],[35.544613,32.081463],[35.544463,32.081261],[35.544284,32.08116],[35.544075,32.081097],[35.543778,32.081098],[35.543554,32.08115],[35.543272,32.081239],[35.54299,32.081468],[35.542827,32.081798],[35.542873,32.082026],[35.542963,32.082253],[35.543187,32.082418],[35.543515,32.082543],[35.543992,32.082656],[35.544409,32.082769],[35.544782,32.082945],[35.545051,32.083097],[35.545364,32.083311],[35.545573,32.083514],[35.545738,32.083741],[35.545881,32.084016],[35.545838,32.084219],[35.545808,32.084358],[35.545675,32.084523],[35.545481,32.084511],[35.545347,32.084359],[35.545078,32.084132],[35.544765,32.084019],[35.544437,32.083944],[35.544124,32.083907],[35.543916,32.083945],[35.543618,32.084035],[35.54341,32.084149],[35.543247,32.084276],[35.543128,32.084416],[35.543025,32.084606],[35.542981,32.084784],[35.542952,32.084936],[35.543027,32.085151],[35.543176,32.085265],[35.543475,32.085378],[35.543982,32.085592],[35.544191,32.085769],[35.54434,32.085984],[35.544371,32.086174],[35.544506,32.086389],[35.54464,32.086528],[35.544864,32.086768],[35.545178,32.087084],[35.545447,32.087311],[35.545626,32.087514],[35.545732,32.087767],[35.545687,32.087868],[35.545569,32.087995],[35.545465,32.088021],[35.545346,32.088059],[35.545182,32.08806],[35.545018,32.088047],[35.544824,32.087997],[35.544556,32.087935],[35.544318,32.08791],[35.544079,32.087911],[35.543886,32.087911],[35.543767,32.087937],[35.543723,32.088064],[35.543693,32.088254],[35.54368,32.08852],[35.543696,32.088913],[35.543697,32.089293],[35.543669,32.089584],[35.543565,32.089737],[35.543432,32.089876],[35.543238,32.089991],[35.542971,32.090093],[35.542628,32.090132],[35.542107,32.090184],[35.54175,32.090198],[35.541274,32.090199],[35.540514,32.090213],[35.540008,32.090202],[35.539695,32.090127],[35.539501,32.090039],[35.539352,32.089912],[35.539292,32.089799],[35.539261,32.089634],[35.539231,32.089457],[35.539156,32.089241],[35.538976,32.08909],[35.538753,32.089002],[35.53847,32.089015],[35.538143,32.089067],[35.537949,32.089169],[35.537756,32.089359],[35.537549,32.08955],[35.53743,32.089791],[35.537446,32.090019],[35.537536,32.090234],[35.53773,32.090436],[35.538044,32.090626],[35.538387,32.090802],[35.538775,32.090928],[35.539314,32.091113],[35.539969,32.091263],[35.540402,32.091427],[35.540596,32.091528],[35.540656,32.091667],[35.540701,32.091844],[35.540717,32.092047],[35.540628,32.092212],[35.540584,32.092415],[35.540451,32.09258],[35.540258,32.092808],[35.54008,32.092973],[35.539932,32.0931],[35.539694,32.093266],[35.539531,32.093456],[35.539397,32.093609],[35.539205,32.093837],[35.539116,32.094116],[35.539058,32.09437],[35.539014,32.094598],[35.539,32.094889],[35.538971,32.095143],[35.538972,32.095396],[35.539062,32.095574],[35.539212,32.095827],[35.539436,32.096041],[35.539675,32.096294],[35.539795,32.096459],[35.53987,32.096661],[35.539796,32.096851],[35.539648,32.097118],[35.539574,32.097219],[35.539381,32.097296],[35.539173,32.097398],[35.538965,32.097449],[35.538742,32.097538],[35.538444,32.097628],[35.538206,32.097768],[35.537879,32.097946],[35.537647,32.098143],[35.537276,32.098524],[35.537113,32.098651],[35.537068,32.098778],[35.537069,32.098942],[35.537099,32.099082],[35.537278,32.099195],[35.537398,32.099322],[35.537458,32.099461],[35.537444,32.0996],[35.537385,32.099702],[35.537251,32.099778],[35.537117,32.099842],[35.536894,32.099931],[35.536581,32.099945],[35.53612,32.099959],[35.535718,32.099985],[35.535345,32.100011],[35.534824,32.100051],[35.534467,32.100052],[35.534214,32.100052],[35.533782,32.100053],[35.53332,32.100042],[35.532784,32.100056],[35.532516,32.10012],[35.532249,32.100209],[35.532026,32.100362],[35.531892,32.100514],[35.531818,32.100616],[35.531774,32.100755],[35.531759,32.100882],[35.53179,32.101047],[35.53191,32.101199],[35.531988,32.101294],[35.532212,32.101369],[35.532763,32.101482],[35.5333,32.101645],[35.533762,32.101707],[35.534238,32.101782],[35.534581,32.101895],[35.534775,32.101971],[35.534954,32.10211],[35.53503,32.102287],[35.535105,32.102464],[35.535105,32.102629],[35.535076,32.102844],[35.535032,32.102984],[35.534988,32.103161],[35.534914,32.103339],[35.534825,32.103479],[35.534707,32.103656],[35.534633,32.103809],[35.534529,32.103973],[35.53447,32.104088],[35.534396,32.104278],[35.534367,32.104443],[35.534323,32.104633],[35.534294,32.104798],[35.53425,32.105001],[35.534236,32.105191],[35.534207,32.105393],[35.534163,32.105558],[35.534118,32.105698],[35.534089,32.105799],[35.534,32.105977],[35.533867,32.106117],[35.533501,32.106428],[35.533278,32.10658],[35.532892,32.106885],[35.532535,32.107165],[35.532135,32.10747],[35.532075,32.107597],[35.532016,32.107775],[35.532002,32.107952],[35.532122,32.108129],[35.532435,32.108268],[35.532852,32.108368],[35.533285,32.108506],[35.533717,32.108606],[35.534313,32.108681],[35.53488,32.108869],[35.535253,32.109021],[35.535701,32.109311],[35.536178,32.109576],[35.536656,32.109879],[35.537372,32.110219],[35.538028,32.110382],[35.53849,32.110482],[35.538952,32.110519],[35.539235,32.11048],[35.539621,32.110377],[35.539904,32.110237],[35.540276,32.110122],[35.540811,32.109956],[35.541198,32.109904],[35.54166,32.109878],[35.542017,32.10989],[35.542405,32.109965],[35.542688,32.110053],[35.543017,32.110318],[35.543227,32.110659],[35.543287,32.110875],[35.543348,32.111141],[35.543423,32.111482],[35.543499,32.111748],[35.543574,32.112002],[35.543814,32.112368],[35.543967,32.112604],[35.544056,32.112705],[35.544102,32.11287],[35.544102,32.113034],[35.543909,32.113162],[35.543597,32.11334],[35.5433,32.113543],[35.54284,32.113925],[35.542661,32.114115],[35.542617,32.114267],[35.542618,32.114407],[35.542634,32.114597],[35.542679,32.114761],[35.542799,32.115014],[35.542919,32.115242],[35.543024,32.115407],[35.543114,32.115571],[35.543295,32.116141],[35.543414,32.116318],[35.543519,32.11652],[35.543654,32.116735],[35.543819,32.117077],[35.543909,32.117229],[35.543947,32.117389],[35.543985,32.117545],[35.544045,32.117786],[35.54412,32.11795],[35.544285,32.118127],[35.544479,32.118203],[35.544673,32.118304],[35.545061,32.118518],[35.545509,32.11877],[35.545972,32.11906],[35.546181,32.119212],[35.546315,32.119376],[35.54639,32.119503],[35.546421,32.11968],[35.546404,32.119931],[35.546399,32.120124],[35.54637,32.120387],[35.546371,32.120575],[35.546389,32.120702],[35.546456,32.120848],[35.546569,32.120955],[35.546659,32.121051],[35.546802,32.121131],[35.546999,32.121273],[35.547184,32.121424],[35.54737,32.121606],[35.547525,32.121758],[35.547604,32.12196],[35.547664,32.122117],[35.547701,32.122386],[35.547725,32.122598],[35.547637,32.122893],[35.547379,32.12311],[35.54725,32.123247],[35.546961,32.123385],[35.54672,32.123536],[35.546543,32.123647],[35.546286,32.123798],[35.546141,32.123949],[35.545916,32.124128],[35.54582,32.124238],[35.545724,32.124416],[35.545708,32.12454],[35.545758,32.124827],[35.545856,32.125129],[35.54605,32.125334],[35.54626,32.125429],[35.546695,32.125469],[35.547162,32.125358],[35.547419,32.12522],[35.547692,32.124973],[35.547884,32.124753],[35.548141,32.124492],[35.548302,32.124286],[35.548527,32.124176],[35.548817,32.124161],[35.548994,32.124298],[35.549324,32.124854],[35.549438,32.125155],[35.549568,32.125387],[35.549924,32.125866],[35.550264,32.126222],[35.55049,32.126385],[35.550571,32.126495],[35.550572,32.126714],[35.550524,32.126892],[35.55038,32.127044],[35.550026,32.127141],[35.5498,32.127182],[35.549591,32.127197],[35.549268,32.127184],[35.548914,32.127171],[35.548575,32.127131],[35.548205,32.127132],[35.547979,32.127201],[35.547803,32.127311],[35.547594,32.127462],[35.547401,32.12771],[35.547193,32.128039],[35.547145,32.128176],[35.547082,32.128382],[35.547114,32.128505],[35.547211,32.128574],[35.547469,32.128614],[35.547743,32.128586],[35.548,32.128503],[35.548242,32.128475],[35.548677,32.128446],[35.548983,32.128514],[35.549274,32.128568],[35.549548,32.128677],[35.54979,32.128868],[35.550162,32.129155],[35.550453,32.129469],[35.550793,32.129866],[35.551053,32.130249],[35.551231,32.130481],[35.551328,32.130673],[35.551377,32.130851],[35.551442,32.131043],[35.551459,32.131235],[35.55146,32.131413],[35.551444,32.131522],[35.551396,32.13166],[35.551284,32.13177],[35.551139,32.131893],[35.550914,32.132058],[35.55076,32.132142],[35.550551,32.132212],[35.550277,32.132253],[35.550019,32.132213],[35.549809,32.132145],[35.549648,32.132022],[35.549534,32.131831],[35.549437,32.131639],[35.549404,32.131475],[35.549403,32.131351],[35.549451,32.131187],[35.549531,32.130981],[35.549594,32.130762],[35.549593,32.130501],[35.549576,32.130241],[35.549479,32.129981],[35.549285,32.129858],[35.549059,32.12979],[35.548866,32.12979],[35.548753,32.129846],[35.548673,32.13001],[35.548625,32.130147],[35.548562,32.130394],[35.54853,32.130573],[35.548531,32.130696],[35.548467,32.130915],[35.548403,32.131094],[35.54821,32.131259],[35.547921,32.131396],[35.547696,32.131493],[35.547519,32.131548],[35.547212,32.131522],[35.54697,32.131413],[35.546857,32.131249],[35.546727,32.130988],[35.546613,32.130687],[35.546547,32.130345],[35.546432,32.129783],[35.546205,32.129181],[35.546091,32.128962],[35.545897,32.128798],[35.545655,32.128648],[35.545364,32.128566],[35.544913,32.12854],[35.544639,32.128527],[35.544414,32.128555],[35.544189,32.128679],[35.544076,32.128844],[35.544077,32.128995],[35.544093,32.129091],[35.544174,32.129173],[35.544319,32.129254],[35.544529,32.129309],[35.544787,32.129363],[35.545029,32.129376],[35.545206,32.129389],[35.545416,32.129457],[35.545497,32.129566],[35.545546,32.129676],[35.545579,32.129827],[35.545563,32.129964],[35.545483,32.130087],[35.54537,32.130142],[35.545113,32.13017],[35.544919,32.130171],[35.544597,32.130158],[35.544355,32.130159],[35.544049,32.130132],[35.543727,32.130119],[35.543436,32.13012],[35.543195,32.130176],[35.542937,32.130245],[35.542793,32.130369],[35.542697,32.13052],[35.542665,32.130712],[35.542747,32.130992],[35.542844,32.131074],[35.542973,32.131156],[35.543118,32.131238],[35.543328,32.131347],[35.543474,32.131484],[35.543619,32.131634],[35.543765,32.131866],[35.543782,32.132113],[35.543718,32.132291],[35.54359,32.132456],[35.543494,32.13258],[35.543252,32.132718],[35.54306,32.132951],[35.542948,32.133075],[35.542819,32.13324],[35.542788,32.133445],[35.542853,32.133747],[35.542935,32.134062],[35.543097,32.134335],[35.543291,32.13454],[35.543485,32.13469],[35.543776,32.134827],[35.544018,32.134922],[35.54434,32.134921],[35.54455,32.134921],[35.544807,32.134865],[35.545097,32.13481],[35.545307,32.134741],[35.545483,32.134644],[35.545644,32.134507],[35.545724,32.134356],[35.545772,32.134259],[35.54582,32.13415],[35.545819,32.133958],[35.545802,32.133697],[35.545801,32.133478],[35.545849,32.133245],[35.546009,32.133012],[35.546283,32.13286],[35.546476,32.132846],[35.546798,32.132831],[35.546992,32.132899],[35.547363,32.133214],[35.547606,32.133364],[35.547929,32.133568],[35.548413,32.13391],[35.548753,32.134142],[35.54914,32.134374],[35.549383,32.134661],[35.549578,32.134976],[35.549724,32.135263],[35.549806,32.135619],[35.549807,32.135989],[35.549808,32.136304],[35.549777,32.136551],[35.549713,32.136743],[35.549634,32.136949],[35.549537,32.1371],[35.549425,32.137224],[35.549168,32.137307],[35.548926,32.137294],[35.548668,32.137267],[35.548523,32.137185],[35.548393,32.137035],[35.548296,32.136871],[35.548214,32.136665],[35.548116,32.136227],[35.547986,32.135953],[35.547776,32.135762],[35.547614,32.135639],[35.547372,32.135612],[35.547082,32.135626],[35.546841,32.13575],[35.546584,32.135834],[35.546423,32.13593],[35.546262,32.136026],[35.546149,32.136109],[35.54594,32.136233],[35.545796,32.136315],[35.545683,32.13637],[35.545458,32.136385],[35.545248,32.136344],[35.544829,32.136373],[35.544394,32.136415],[35.544169,32.136539],[35.544024,32.136622],[35.543896,32.136759],[35.543832,32.136869],[35.543784,32.136965],[35.54372,32.137116],[35.543704,32.137225],[35.54364,32.137322],[35.543625,32.137472],[35.543657,32.137637],[35.543722,32.137787],[35.543836,32.137965],[35.543965,32.138171],[35.544019,32.138412],[35.544052,32.138604],[35.543988,32.138783],[35.543892,32.139016],[35.5437,32.13929],[35.543411,32.139689],[35.543219,32.1401],[35.543107,32.14032],[35.54306,32.140498],[35.543076,32.140594],[35.543205,32.140703],[35.543415,32.140716],[35.543608,32.140689],[35.54393,32.140537],[35.544204,32.140427],[35.544509,32.140302],[35.544719,32.140233],[35.54496,32.140233],[35.545331,32.140232],[35.545702,32.140272],[35.545976,32.140353],[35.546202,32.140449],[35.546396,32.140544],[35.546541,32.140667],[35.546638,32.140776],[35.546671,32.1409],[35.546704,32.141078],[35.546656,32.141215],[35.546576,32.141338],[35.546431,32.141394],[35.546173,32.141394],[35.545916,32.141395],[35.545545,32.141396],[35.545158,32.141411],[35.544868,32.141425],[35.544643,32.14144],[35.544369,32.141523],[35.54424,32.141646],[35.544176,32.14177],[35.544145,32.14203],[35.544162,32.142222],[35.544179,32.142359],[35.544227,32.142469],[35.544373,32.14266],[35.544599,32.142783],[35.544809,32.142878],[35.545099,32.142919],[35.54539,32.142986],[35.54589,32.143067],[35.546212,32.143149],[35.546615,32.143216],[35.546825,32.143284],[35.547019,32.143297],[35.547196,32.143297],[35.547373,32.143255],[35.547598,32.143186],[35.547743,32.143103],[35.547855,32.142952],[35.547984,32.142829],[35.548064,32.142664],[35.548128,32.142527],[35.548224,32.142307],[35.54832,32.14217],[35.548545,32.142005],[35.548748,32.141896],[35.548925,32.141854],[35.549151,32.141853],[35.54928,32.141908],[35.54949,32.142099],[35.549668,32.142195],[35.549765,32.142318],[35.549846,32.142537],[35.549992,32.142756],[35.550105,32.142947],[35.550187,32.143084],[35.550317,32.143358],[35.550528,32.143755],[35.550755,32.14422],[35.550869,32.144508],[35.550999,32.144768],[35.551177,32.144932],[35.551371,32.145041],[35.551661,32.145012],[35.551821,32.14493],[35.552014,32.14482],[35.552239,32.144627],[35.552528,32.144352],[35.552962,32.143981],[35.553299,32.143624],[35.553701,32.143266],[35.554054,32.143005],[35.554392,32.14284],[35.554601,32.142743],[35.554859,32.142687],[35.555165,32.142673],[35.555391,32.142672],[35.555681,32.142809],[35.555891,32.142931],[35.555988,32.143054],[35.556021,32.143191],[35.555973,32.143329],[35.555893,32.143438],[35.555765,32.143562],[35.55562,32.143672],[35.555411,32.143782],[35.555137,32.143879],[35.554832,32.144031],[35.554655,32.144155],[35.554591,32.144264],[35.554591,32.14436],[35.554624,32.144497],[35.554689,32.144689],[35.55477,32.144894],[35.554852,32.145196],[35.554934,32.145401],[35.554983,32.145552],[35.555031,32.145688],[35.555193,32.145702],[35.555321,32.145633],[35.555466,32.145495],[35.555562,32.145331],[35.555706,32.145056],[35.555946,32.144699],[35.556332,32.144314],[35.556653,32.144039],[35.557232,32.143818],[35.557555,32.14379],[35.557845,32.143872],[35.558168,32.143967],[35.558426,32.144103],[35.558636,32.144267],[35.558766,32.144417],[35.558847,32.14454],[35.558863,32.144664],[35.558864,32.144842],[35.5588,32.145034],[35.558672,32.145199],[35.558544,32.14535],[35.558319,32.145597],[35.558142,32.145784],[35.557998,32.145935],[35.557902,32.146127],[35.55787,32.146223],[35.557822,32.146374],[35.557807,32.146552],[35.557808,32.146868],[35.557906,32.147361],[35.55802,32.147648],[35.558215,32.147839],[35.55836,32.148004],[35.558554,32.148181],[35.558813,32.148359],[35.559071,32.148536],[35.559298,32.148672],[35.55954,32.148809],[35.559669,32.148987],[35.559848,32.149192],[35.559977,32.149452],[35.560059,32.149589],[35.560075,32.149739],[35.560158,32.150301],[35.56024,32.15052],[35.560321,32.150643],[35.560435,32.150931],[35.560694,32.151341],[35.560714,32.151365],[35.560574,32.151527],[35.559952,32.152063],[35.559616,32.152213],[35.559399,32.152367],[35.559259,32.152367],[35.559168,32.152379],[35.558783,32.151932],[35.558175,32.151981],[35.55765,32.152174],[35.55685,32.15211],[35.556488,32.152367],[35.556352,32.153893],[35.556622,32.154125],[35.55665,32.154158],[35.556398,32.154335],[35.556125,32.154528],[35.555964,32.154652],[35.555755,32.154762],[35.555562,32.154831],[35.555304,32.154832],[35.555078,32.154736],[35.554948,32.154518],[35.554867,32.154312],[35.55485,32.154052],[35.554833,32.153833],[35.554784,32.1536],[35.554702,32.153298],[35.554604,32.153011],[35.554522,32.152709],[35.554296,32.152505],[35.554118,32.152436],[35.553812,32.15241],[35.55357,32.152465],[35.553426,32.152589],[35.553362,32.152699],[35.553298,32.152891],[35.553186,32.153248],[35.553091,32.153632],[35.553028,32.153865],[35.552964,32.154112],[35.552836,32.154359],[35.552756,32.154537],[35.552644,32.154812],[35.552548,32.154922],[35.552404,32.155114],[35.552308,32.155265],[35.552211,32.15543],[35.55218,32.155539],[35.552132,32.155663],[35.5521,32.155786],[35.552085,32.155978],[35.552167,32.156293],[35.552248,32.156457],[35.552377,32.156622],[35.552603,32.156717],[35.552894,32.156853],[35.553265,32.156948],[35.553604,32.157002],[35.554071,32.156946],[35.554328,32.156822],[35.554505,32.156712],[35.554907,32.156423],[35.5551,32.156203],[35.555389,32.155969],[35.555582,32.155777],[35.555775,32.15568],[35.555984,32.155666],[35.556226,32.155734],[35.556356,32.155843],[35.556453,32.155994],[35.556502,32.156144],[35.556551,32.156322],[35.556552,32.1565],[35.556536,32.156692],[35.556537,32.156857],[35.556521,32.157076],[35.556522,32.157254],[35.556555,32.157549],[35.55654,32.157837],[35.556525,32.158138],[35.556478,32.158412],[35.55643,32.158645],[35.556366,32.158838],[35.556238,32.159002],[35.556142,32.15914],[35.555933,32.159264],[35.555724,32.159401],[35.555434,32.159539],[35.555032,32.159664],[35.554565,32.159857],[35.554033,32.159954],[35.55363,32.159969],[35.553324,32.159942],[35.553017,32.15982],[35.55284,32.159725],[35.552581,32.159574],[35.552371,32.159411],[35.552032,32.159206],[35.551741,32.159056],[35.551467,32.158947],[35.55116,32.158921],[35.550983,32.158921],[35.550773,32.158949],[35.550645,32.159059],[35.550533,32.15921],[35.550421,32.15943],[35.550293,32.159855],[35.550229,32.160047],[35.550182,32.16028],[35.550151,32.160472],[35.550038,32.160637],[35.549942,32.160747],[35.549813,32.160829],[35.54962,32.160912],[35.549443,32.160981],[35.549137,32.161119],[35.548816,32.161312],[35.548752,32.161463],[35.548672,32.16171],[35.548625,32.162025],[35.548643,32.162395],[35.548757,32.162915],[35.548855,32.163134],[35.549,32.163257],[35.549194,32.163339],[35.54942,32.163421],[35.549823,32.163474],[35.55021,32.163528],[35.550452,32.163527],[35.550726,32.163527],[35.55121,32.163512],[35.551452,32.163525],[35.551742,32.16362],[35.551968,32.163688],[35.552178,32.163701],[35.552403,32.163563],[35.552499,32.163412],[35.552627,32.16322],[35.552706,32.162863],[35.552737,32.162521],[35.552639,32.162124],[35.552606,32.161767],[35.552669,32.161561],[35.552862,32.161479],[35.553072,32.161451],[35.553265,32.16145],[35.553427,32.161532],[35.553572,32.161641],[35.553734,32.161805],[35.553848,32.161983],[35.553978,32.162284],[35.554076,32.162599],[35.554174,32.162887],[35.554336,32.163188],[35.554465,32.163338],[35.554627,32.163461],[35.554917,32.163515],[35.55532,32.163446],[35.555771,32.163417],[35.55619,32.163361],[35.556497,32.163429],[35.556803,32.163537],[35.557127,32.163756],[35.557434,32.164043],[35.557709,32.164343],[35.557855,32.164603],[35.557969,32.164836],[35.558002,32.165014],[35.557986,32.165179],[35.557988,32.165562],[35.557924,32.165754],[35.557845,32.165974],[35.557732,32.16618],[35.557636,32.166331],[35.557363,32.166647],[35.557187,32.166867],[35.556946,32.167046],[35.556753,32.167115],[35.556543,32.16717],[35.556253,32.167198],[35.556124,32.167144],[35.556043,32.167048],[35.555978,32.166939],[35.555946,32.166815],[35.555864,32.166665],[35.555799,32.166528],[35.555751,32.166405],[35.555669,32.166295],[35.555524,32.1662],[35.55533,32.166132],[35.555105,32.166105],[35.554847,32.166119],[35.554653,32.166106],[35.554443,32.166038],[35.554249,32.165888],[35.55412,32.165765],[35.554022,32.165532],[35.553957,32.165341],[35.553892,32.165163],[35.553778,32.16493],[35.553472,32.164794],[35.553246,32.164808],[35.553069,32.164863],[35.552989,32.164987],[35.552925,32.165138],[35.552861,32.165303],[35.552797,32.165577],[35.55275,32.165824],[35.552638,32.166084],[35.552526,32.166373],[35.552366,32.16675],[35.552318,32.166983],[35.552287,32.167134],[35.552368,32.167271],[35.552416,32.167367],[35.55253,32.167517],[35.552675,32.167613],[35.552853,32.167708],[35.553208,32.167844],[35.553709,32.168049],[35.553902,32.168158],[35.554129,32.168376],[35.554323,32.168568],[35.554469,32.168759],[35.554518,32.168951],[35.554652,32.169438],[35.554653,32.169547],[35.554637,32.169739],[35.554654,32.169959],[35.554542,32.17011],[35.554462,32.170206],[35.554349,32.170275],[35.554076,32.170371],[35.553866,32.170413],[35.553593,32.17051],[35.55327,32.170593],[35.552981,32.170717],[35.55282,32.1708],[35.552595,32.17091],[35.552386,32.171034],[35.552192,32.171089],[35.551919,32.1712],[35.551645,32.171296],[35.551355,32.171448],[35.551275,32.17164],[35.551276,32.171818],[35.551261,32.172065],[35.551375,32.172325],[35.551456,32.172489],[35.551602,32.172639],[35.551812,32.172886],[35.55199,32.17305],[35.552217,32.173268],[35.552346,32.173336],[35.552556,32.173404],[35.552975,32.173458],[35.553249,32.173471],[35.553555,32.173457],[35.553716,32.173429],[35.553845,32.173332],[35.55399,32.173195],[35.55407,32.173099],[35.554215,32.172961],[35.554311,32.17281],[35.554439,32.172604],[35.554599,32.172371],[35.554792,32.172137],[35.554968,32.171918],[35.555241,32.171656],[35.555418,32.171478],[35.55561,32.171258],[35.555755,32.171066],[35.555883,32.170901],[35.556028,32.170736],[35.556204,32.17053],[35.556429,32.170324],[35.556671,32.170213],[35.557057,32.170062],[35.557443,32.169978],[35.557814,32.169964],[35.558185,32.170004],[35.558395,32.170058],[35.558605,32.170139],[35.558782,32.170207],[35.558944,32.170358],[35.559041,32.170522],[35.55909,32.170659],[35.559091,32.170837],[35.559011,32.170961],[35.558947,32.171112],[35.558786,32.171276],[35.55861,32.171441],[35.558449,32.17162],[35.558273,32.171758],[35.55816,32.171881],[35.558064,32.172046],[35.558,32.172197],[35.557985,32.172389],[35.558002,32.172594],[35.558051,32.172772],[35.5581,32.17295],[35.558182,32.173307],[35.558151,32.17369],[35.558152,32.173882],[35.558007,32.174088],[35.557814,32.174212],[35.557637,32.174322],[35.557525,32.17435],[35.557251,32.174447],[35.557025,32.174447],[35.556574,32.174449],[35.556251,32.17445],[35.556042,32.174423],[35.555639,32.174369],[35.5553,32.174329],[35.554751,32.174262],[35.554268,32.174263],[35.553978,32.174278],[35.553688,32.174374],[35.553463,32.174498],[35.553302,32.174663],[35.553238,32.174855],[35.553223,32.174979],[35.553223,32.175088],[35.553272,32.17528],[35.553369,32.175389],[35.553515,32.175526],[35.553644,32.175608],[35.553967,32.175662],[35.554225,32.175634],[35.554611,32.175537],[35.554901,32.175454],[35.555272,32.175453],[35.55553,32.175466],[35.555772,32.175588],[35.556063,32.175725],[35.556321,32.175834],[35.55658,32.175997],[35.556871,32.176188],[35.557097,32.176297],[35.557404,32.176406],[35.557775,32.176446],[35.557984,32.176432],[35.558194,32.176377],[35.558403,32.176294],[35.558612,32.176156],[35.558789,32.175977],[35.55903,32.175758],[35.559303,32.175551],[35.559479,32.17529],[35.55964,32.175166],[35.559897,32.17507],[35.559994,32.175138],[35.560059,32.175248],[35.560141,32.175398],[35.560206,32.17559],[35.560255,32.175795],[35.560258,32.176023],[35.560291,32.176283],[35.560372,32.176516],[35.560518,32.17668],[35.56068,32.176871],[35.560987,32.177103],[35.561214,32.177308],[35.561489,32.177568],[35.561683,32.1778],[35.561732,32.177992],[35.561765,32.17817],[35.561702,32.178513],[35.561622,32.178705],[35.561477,32.17876],[35.561204,32.178816],[35.560978,32.178816],[35.560526,32.178818],[35.560124,32.178846],[35.55985,32.178902],[35.559656,32.178971],[35.559544,32.17904],[35.55948,32.179191],[35.559481,32.179355],[35.559481,32.179506],[35.559563,32.179725],[35.559644,32.179903],[35.559742,32.180135],[35.559888,32.18045],[35.560034,32.180834],[35.560084,32.181025],[35.560052,32.181135],[35.559972,32.181218],[35.559795,32.181328],[35.559618,32.181452],[35.559457,32.181603],[35.559264,32.181727],[35.559023,32.181974],[35.558863,32.182166],[35.558734,32.182304],[35.558654,32.182427],[35.558542,32.182579],[35.558397,32.18273],[35.558285,32.182881],[35.558189,32.183032],[35.558077,32.183183],[35.557996,32.183306],[35.557948,32.183416],[35.557949,32.183553],[35.557998,32.183745],[35.558063,32.183868],[35.558112,32.184074],[35.55821,32.184265],[35.558388,32.184429],[35.558533,32.184483],[35.558743,32.18451],[35.559017,32.184537],[35.559307,32.184522],[35.559606,32.184514],[35.5598,32.184472],[35.560025,32.184403],[35.560234,32.18432],[35.560411,32.184251],[35.560556,32.184209],[35.560685,32.184154],[35.560878,32.184126],[35.561007,32.184126],[35.561233,32.18418],[35.56133,32.184248],[35.561395,32.184358],[35.561428,32.184563],[35.561429,32.184728],[35.561414,32.184933],[35.561398,32.185139],[35.561383,32.185303],[35.561351,32.185454],[35.561336,32.18566],[35.561304,32.185866],[35.561273,32.186016],[35.561274,32.186236],[35.561291,32.186482],[35.561292,32.186661],[35.561357,32.186825],[35.561438,32.187016],[35.561552,32.187194],[35.561682,32.187468],[35.561795,32.187591],[35.562022,32.187906],[35.562168,32.188042],[35.562394,32.18822],[35.562669,32.188411],[35.562992,32.188602],[35.563283,32.188766],[35.563913,32.189079],[35.564333,32.189215],[35.564833,32.189392],[35.565301,32.189527],[35.565786,32.189663],[35.566141,32.189703],[35.566447,32.189716],[35.566786,32.189715],[35.567011,32.189687],[35.567253,32.189577],[35.567478,32.189453],[35.567719,32.18926],[35.567992,32.189067],[35.568268,32.188841],[35.56859,32.188689],[35.568912,32.188579],[35.569154,32.188564],[35.569364,32.188646],[35.569477,32.188728],[35.56959,32.188851],[35.569656,32.188988],[35.569721,32.189289],[35.569722,32.189467],[35.569674,32.189659],[35.569627,32.18981],[35.569514,32.189989],[35.569418,32.190098],[35.569338,32.190249],[35.569129,32.190415],[35.569049,32.190593],[35.568921,32.190895],[35.56889,32.191073],[35.56889,32.191224],[35.568924,32.191429],[35.569005,32.191525],[35.569102,32.191607],[35.569279,32.191744],[35.569506,32.191825],[35.569764,32.191866],[35.570038,32.191865],[35.570425,32.19185],[35.570925,32.191835],[35.571393,32.191888],[35.571715,32.191942],[35.571989,32.191996],[35.5722,32.192105],[35.572426,32.19231],[35.572524,32.192488],[35.572573,32.192666],[35.572533,32.192894],[35.57247,32.193058],[35.572357,32.193196],[35.572148,32.193388],[35.571859,32.193608],[35.571377,32.193966],[35.570911,32.194351],[35.570541,32.194626],[35.570187,32.194943],[35.569946,32.195217],[35.569818,32.195423],[35.569706,32.195643],[35.569659,32.195849],[35.569579,32.196055],[35.569564,32.196356],[35.569565,32.196658],[35.569582,32.196904],[35.569615,32.197137],[35.569665,32.197384],[35.569666,32.197576],[35.569699,32.19785],[35.569716,32.198041],[35.569749,32.198261],[35.56975,32.198425],[35.56975,32.198631],[35.569751,32.198836],[35.569736,32.199028],[35.569688,32.199165],[35.569624,32.199357],[35.569383,32.199577],[35.569195,32.199693],[35.569013,32.199757],[35.568707,32.199785],[35.568465,32.199772],[35.568191,32.199718],[35.5679,32.19965],[35.567706,32.199555],[35.567415,32.199391],[35.56714,32.199227],[35.566898,32.199009],[35.566315,32.198503],[35.565878,32.198121],[35.565474,32.197834],[35.565151,32.197671],[35.564828,32.197535],[35.564537,32.197412],[35.564279,32.197372],[35.563988,32.197345],[35.56373,32.197346],[35.563376,32.197388],[35.563151,32.197498],[35.562957,32.197581],[35.562796,32.197664],[35.562668,32.197774],[35.562588,32.197884],[35.562524,32.197993],[35.56246,32.198131],[35.562444,32.19824],[35.562428,32.198419],[35.562448,32.198686],[35.562497,32.198809],[35.562529,32.198933],[35.562578,32.199083],[35.562627,32.199248],[35.562708,32.199384],[35.56287,32.199535],[35.562984,32.199713],[35.563146,32.199904],[35.563292,32.200095],[35.563535,32.200342],[35.563794,32.200615],[35.56394,32.200806],[35.564069,32.201025],[35.564183,32.201217],[35.564281,32.201436],[35.564362,32.201586],[35.564443,32.201805],[35.564476,32.201915],[35.564525,32.202148],[35.564591,32.202285],[35.564655,32.202394],[35.564753,32.202531],[35.564866,32.202681],[35.564996,32.202818],[35.565239,32.20305],[35.565352,32.203173],[35.56553,32.203296],[35.565757,32.203556],[35.565822,32.203693],[35.565919,32.203871],[35.566001,32.204076],[35.566001,32.204254],[35.565954,32.204405],[35.565825,32.204515],[35.565696,32.204584],[35.565519,32.204639],[35.565261,32.204695],[35.564955,32.204792],[35.564697,32.204875],[35.564166,32.205109],[35.563909,32.205233],[35.563699,32.205371],[35.563571,32.205481],[35.563443,32.205632],[35.56333,32.205756],[35.563266,32.205934],[35.563219,32.206153],[35.563203,32.206318],[35.563172,32.206524],[35.563189,32.206729],[35.563261,32.207107],[35.563326,32.207271],[35.563392,32.207463],[35.563473,32.207682],[35.563587,32.207929],[35.563717,32.208257],[35.563848,32.208572],[35.563913,32.20875],[35.564058,32.208873],[35.564172,32.209009],[35.564349,32.20905],[35.564462,32.209105],[35.564673,32.2092],[35.564802,32.209227],[35.564931,32.209213],[35.565076,32.209158],[35.565156,32.209075],[35.565252,32.208979],[35.5653,32.208883],[35.565332,32.208691],[35.565315,32.208568],[35.565331,32.208403],[35.56533,32.208266],[35.565378,32.208074],[35.565393,32.207964],[35.565441,32.207814],[35.565489,32.207676],[35.565537,32.207526],[35.565585,32.207416],[35.565649,32.20732],[35.565761,32.20721],[35.565858,32.207127],[35.566003,32.207044],[35.566164,32.206976],[35.566373,32.206906],[35.566663,32.206837],[35.566857,32.206836],[35.567002,32.20685],[35.56718,32.206945],[35.567228,32.207068],[35.567261,32.207178],[35.567326,32.207342],[35.56744,32.207547],[35.567586,32.207876],[35.5677,32.20804],[35.567878,32.208204],[35.56804,32.208396],[35.568234,32.208559],[35.568477,32.208709],[35.568832,32.208941],[35.569107,32.209146],[35.569366,32.209296],[35.569705,32.209405],[35.569915,32.209514],[35.57019,32.209568],[35.57048,32.209608],[35.57069,32.209621],[35.570883,32.20958],[35.571044,32.209538],[35.571205,32.209469],[35.571366,32.209373],[35.571511,32.209263],[35.571672,32.209152],[35.5718,32.209029],[35.571929,32.208905],[35.572155,32.20885],[35.572396,32.208849],[35.572799,32.208807],[35.573122,32.208819],[35.573284,32.208901],[35.573397,32.208956],[35.573446,32.209038],[35.573494,32.20912],[35.573495,32.209216],[35.573463,32.209366],[35.573415,32.209531],[35.573287,32.209696],[35.573142,32.209847],[35.573046,32.209984],[35.572934,32.210108],[35.572854,32.210259],[35.572806,32.21041],[35.57279,32.210547],[35.572791,32.21078],[35.572792,32.211041],[35.572825,32.21126],[35.572826,32.211479],[35.572763,32.211712],[35.572699,32.211877],[35.572619,32.212055],[35.572571,32.212192],[35.572555,32.21233],[35.572558,32.21285],[35.57225,32.213176],[35.572155,32.213359],[35.57206,32.213553],[35.571942,32.213838],[35.571847,32.214042],[35.57174,32.214317],[35.57161,32.214571],[35.571455,32.214796],[35.571145,32.215132],[35.570978,32.215306],[35.570847,32.215398],[35.570703,32.215419],[35.570523,32.215409],[35.57032,32.215348],[35.570163,32.215237],[35.569959,32.215065],[35.569767,32.214862],[35.56955,32.214537],[35.569237,32.214192],[35.569081,32.214121],[35.56889,32.21406],[35.568722,32.214051],[35.568518,32.214072],[35.568267,32.214133],[35.568076,32.214185],[35.567861,32.214257],[35.567646,32.214369],[35.567502,32.214492],[35.567299,32.214635],[35.56712,32.214788],[35.56693,32.214961],[35.566667,32.215186],[35.56644,32.21536],[35.56607,32.215625],[35.565796,32.215809],[35.565533,32.216003],[35.56519,32.216254],[35.565059,32.216356],[35.564951,32.216458],[35.564844,32.21658],[35.564796,32.216692],[35.564737,32.216805],[35.564726,32.216957],[35.564738,32.21711],[35.564751,32.217252],[35.564799,32.217466],[35.564956,32.217648],[35.565196,32.217831],[35.565448,32.217912],[35.565712,32.218002],[35.565963,32.218103],[35.566251,32.218204],[35.566503,32.218285],[35.566707,32.218406],[35.566911,32.218497],[35.567079,32.218609],[35.567211,32.21871],[35.567295,32.218801],[35.567463,32.218913],[35.567572,32.218959],[35.567399,32.219015],[35.567489,32.219352],[35.567727,32.219581],[35.567579,32.219886],[35.567443,32.21993],[35.567443,32.22002],[35.567623,32.22002],[35.567623,32.22011],[35.570272,32.220026],[35.57017,32.219233],[35.569352,32.219024],[35.569487,32.218968],[35.569822,32.218855],[35.57024,32.218681],[35.570611,32.218517],[35.570946,32.218384],[35.571221,32.218281],[35.5714,32.21823],[35.571627,32.218219],[35.571831,32.218209],[35.572071,32.218259],[35.572238,32.218268],[35.572418,32.218319],[35.572562,32.218389],[35.572718,32.218501],[35.572814,32.218602],[35.572899,32.218745],[35.572959,32.218877],[35.572996,32.219009],[35.572996,32.219131],[35.572997,32.219284],[35.572961,32.219396],[35.572878,32.219569],[35.572783,32.219712],[35.572724,32.219824],[35.572616,32.219946],[35.572509,32.220068],[35.572426,32.220181],[35.57233,32.220333],[35.572271,32.220517],[35.572188,32.22068],[35.572141,32.220802],[35.572081,32.220945],[35.571974,32.221016],[35.571771,32.221037],[35.571483,32.221007],[35.571064,32.220917],[35.57032,32.220655],[35.569984,32.220584],[35.569709,32.220545],[35.569589,32.220514],[35.569445,32.220484],[35.56929,32.220464],[35.569122,32.220475],[35.568943,32.220506],[35.568799,32.220557],[35.568668,32.220649],[35.568572,32.220751],[35.568404,32.220961],[35.568333,32.221144],[35.568274,32.221307],[35.568239,32.22149],[35.56824,32.221684],[35.568253,32.221867],[35.568289,32.22203],[35.568374,32.222243],[35.568494,32.222456],[35.568603,32.222639],[35.568795,32.222822],[35.568988,32.223045],[35.569253,32.223482],[35.569337,32.223644],[35.56941,32.223817],[35.569458,32.223949],[35.569483,32.224122],[35.569484,32.224336],[35.569484,32.224529],[35.569485,32.224743],[35.56951,32.225027],[35.5695,32.225363],[35.569515,32.225847],[35.56954,32.226041],[35.569649,32.226519],[35.569687,32.226997],[35.569761,32.227536],[35.569835,32.227993],[35.569873,32.228563],[35.569851,32.22899],[35.569913,32.229468],[35.569914,32.229763],[35.569891,32.229997],[35.569832,32.230211],[35.569701,32.230435],[35.56951,32.230568],[35.569295,32.230721],[35.569032,32.230885],[35.568769,32.230987],[35.568595,32.231047],[35.56874,32.230423],[35.568599,32.230202],[35.568002,32.230303],[35.567791,32.230654],[35.567608,32.231102],[35.567516,32.231172],[35.5673,32.231134],[35.567108,32.231043],[35.566988,32.230922],[35.566939,32.230708],[35.566974,32.230515],[35.567033,32.23025],[35.567127,32.229782],[35.567161,32.229385],[35.567064,32.22907],[35.566799,32.228775],[35.566524,32.228644],[35.566176,32.228523],[35.565828,32.228432],[35.565469,32.228342],[35.565169,32.228312],[35.564846,32.228282],[35.564534,32.228293],[35.564259,32.228345],[35.564008,32.228437],[35.563793,32.22859],[35.563638,32.228683],[35.563471,32.228836],[35.56334,32.228958],[35.563244,32.229101],[35.563125,32.229233],[35.563042,32.229407],[35.562947,32.22959],[35.562876,32.229753],[35.56278,32.229896],[35.562733,32.230079],[35.562686,32.230293],[35.562663,32.230435],[35.562627,32.230568],[35.562604,32.23071],[35.562569,32.23093],[35.56257,32.231256],[35.562547,32.231642],[35.562465,32.232039],[35.562443,32.232426],[35.562408,32.23268],[35.562373,32.232874],[35.562302,32.233149],[35.562219,32.233475],[35.562113,32.233729],[35.561994,32.233913],[35.56185,32.234055],[35.561659,32.234158],[35.561444,32.234189],[35.561168,32.23421],[35.560869,32.234251],[35.560462,32.234375],[35.559912,32.234529],[35.559374,32.234714],[35.559039,32.234898],[35.558872,32.235041],[35.558777,32.235142],[35.558705,32.235295],[35.558634,32.235499],[35.55854,32.235733],[35.558361,32.236131],[35.558243,32.236375],[35.5581,32.23662],[35.558017,32.236783],[35.557981,32.236956],[35.557982,32.237139],[35.557947,32.237363],[35.557996,32.237637],[35.55808,32.237749],[35.558176,32.23782],[35.55826,32.237891],[35.558369,32.237952],[35.558549,32.238053],[35.55874,32.238113],[35.558944,32.238154],[35.559244,32.238173],[35.559579,32.238172],[35.559962,32.238171],[35.560202,32.23813],[35.56062,32.238027],[35.560907,32.237934],[35.561074,32.237781],[35.561206,32.237618],[35.561277,32.237435],[35.561288,32.237303],[35.561323,32.23713],[35.561359,32.236956],[35.561478,32.236854],[35.561657,32.236762],[35.561968,32.23671],[35.562292,32.23673],[35.562627,32.236759],[35.562927,32.23684],[35.563179,32.236972],[35.563431,32.237164],[35.563587,32.237276],[35.563684,32.237438],[35.563679,32.237711],[35.563656,32.237864],[35.563513,32.238027],[35.563346,32.23816],[35.563214,32.238303],[35.563143,32.238425],[35.56306,32.238578],[35.563024,32.2387],[35.562989,32.238873],[35.562954,32.239127],[35.562943,32.239402],[35.562885,32.239738],[35.562886,32.240074],[35.562875,32.240379],[35.562877,32.240654],[35.562913,32.240857],[35.562926,32.24103],[35.562963,32.241264],[35.562999,32.241457],[35.56312,32.241711],[35.563228,32.241782],[35.56336,32.241792],[35.563552,32.241771],[35.563719,32.24173],[35.564054,32.241597],[35.564269,32.241494],[35.564472,32.241382],[35.564639,32.241239],[35.564783,32.241116],[35.564962,32.240953],[35.565128,32.24078],[35.565188,32.240637],[35.565235,32.240535],[35.565271,32.240433],[35.565318,32.240291],[35.56533,32.240138],[35.565329,32.239975],[35.565328,32.239782],[35.565351,32.239589],[35.565363,32.239487],[35.565422,32.239375],[35.565494,32.239263],[35.565577,32.23912],[35.565672,32.238998],[35.565827,32.238834],[35.56603,32.238661],[35.566365,32.238467],[35.566676,32.238293],[35.566998,32.238139],[35.567405,32.238026],[35.567657,32.238036],[35.567849,32.238096],[35.567969,32.238157],[35.568065,32.238248],[35.568209,32.23837],[35.568305,32.238431],[35.568401,32.238501],[35.568521,32.238572],[35.568665,32.238633],[35.568845,32.238683],[35.568977,32.238754],[35.569085,32.238856],[35.569146,32.239008],[35.56917,32.239201],[35.569123,32.239313],[35.569015,32.239415],[35.568896,32.239487],[35.568776,32.239538],[35.568633,32.2396],[35.568477,32.239641],[35.568346,32.239631],[35.568154,32.239631],[35.568022,32.239632],[35.567783,32.239633],[35.567495,32.239654],[35.567316,32.239664],[35.5671,32.239696],[35.566909,32.239778],[35.56679,32.23988],[35.56673,32.239961],[35.566611,32.240165],[35.566588,32.240297],[35.566565,32.240531],[35.566697,32.240714],[35.566877,32.240876],[35.567142,32.24114],[35.567502,32.241434],[35.567959,32.241748],[35.568271,32.241991],[35.568523,32.242164],[35.568632,32.242235],[35.568763,32.242204],[35.568846,32.242082],[35.568882,32.24198],[35.569049,32.241847],[35.56924,32.241734],[35.569468,32.241673],[35.569743,32.241672],[35.570055,32.241681],[35.570306,32.241711],[35.570438,32.241772],[35.57051,32.241893],[35.570583,32.242036],[35.570716,32.2423],[35.570884,32.242503],[35.571029,32.242804],[35.571257,32.243027],[35.571354,32.24324],[35.571474,32.243413],[35.571487,32.243566],[35.571476,32.243739],[35.571393,32.243912],[35.571202,32.244126],[35.571059,32.244259],[35.570903,32.24433],[35.570688,32.244392],[35.570329,32.244475],[35.570066,32.244587],[35.569851,32.2447],[35.5696,32.244853],[35.569456,32.244965],[35.569266,32.245149],[35.569087,32.245373],[35.56898,32.245547],[35.568908,32.245679],[35.568873,32.245791],[35.568873,32.245913],[35.568874,32.246086],[35.568924,32.246503],[35.568937,32.246768],[35.568914,32.247022],[35.568855,32.247277],[35.568796,32.247562],[35.568714,32.247908],[35.568607,32.248203],[35.5685,32.248519],[35.568346,32.248825],[35.568227,32.249059],[35.568096,32.249273],[35.567948,32.249485],[35.567662,32.249801],[35.567387,32.250036],[35.56716,32.250149],[35.566873,32.250241],[35.56649,32.250324],[35.566238,32.250345],[35.565879,32.250295],[35.565364,32.250215],[35.564932,32.250175],[35.564321,32.250187],[35.563783,32.25025],[35.563508,32.250352],[35.563233,32.250485],[35.563041,32.250618],[35.562875,32.250832],[35.56266,32.251077],[35.562505,32.251301],[35.562351,32.251648],[35.562244,32.251953],[35.562221,32.252187],[35.562234,32.252452],[35.562307,32.252787],[35.562332,32.253052],[35.562393,32.253326],[35.56243,32.253519],[35.562515,32.253804],[35.562564,32.254058],[35.562625,32.254323],[35.562759,32.254949],[35.56282,32.255193],[35.562929,32.255437],[35.563001,32.255589],[35.563098,32.255782],[35.563207,32.255985],[35.563328,32.25627],[35.563388,32.256473],[35.563485,32.256748],[35.563546,32.25691],[35.563618,32.257103],[35.563691,32.257256],[35.563787,32.257418],[35.563872,32.25755],[35.563956,32.257652],[35.564041,32.257835],[35.564173,32.258078],[35.564306,32.258373],[35.564427,32.258633],[35.56444,32.258765],[35.564524,32.258917],[35.564573,32.25906],[35.564598,32.259304],[35.564574,32.259446],[35.564612,32.259782],[35.564601,32.260077],[35.564614,32.260301],[35.564638,32.260525],[35.564663,32.260738],[35.564676,32.260942],[35.564737,32.261247],[35.564798,32.261501],[35.564823,32.261704],[35.564811,32.261857],[35.564692,32.261989],[35.564501,32.262102],[35.564082,32.262286],[35.563592,32.262501],[35.562958,32.262757],[35.561999,32.263112],[35.561664,32.263224],[35.561221,32.263429],[35.560779,32.263634],[35.560612,32.263787],[35.560409,32.264022],[35.560266,32.264185],[35.560171,32.264317],[35.560075,32.26444],[35.560016,32.264633],[35.559981,32.264796],[35.559958,32.265],[35.559899,32.265224],[35.559816,32.265539],[35.559793,32.265672],[35.559781,32.265814],[35.559782,32.265987],[35.559782,32.26618],[35.559771,32.266394],[35.559724,32.266669],[35.559582,32.267015],[35.5595,32.267412],[35.559429,32.267677],[35.559359,32.268104],[35.559255,32.268559],[35.559219,32.268691],[35.559101,32.269078],[35.558899,32.269588],[35.558769,32.269954],[35.558686,32.270341],[35.558604,32.270728],[35.558557,32.270952],[35.55845,32.271206],[35.558379,32.27141],[35.558261,32.271787],[35.558154,32.27196],[35.558059,32.272133],[35.558023,32.272225],[35.557987,32.272337],[35.557952,32.272469],[35.557964,32.272571],[35.557965,32.272663],[35.558025,32.272764],[35.558121,32.272835],[35.558349,32.272885],[35.558601,32.272885],[35.558864,32.272894],[35.559176,32.272893],[35.559499,32.272882],[35.559751,32.272871],[35.559978,32.272871],[35.560386,32.272931],[35.560757,32.273001],[35.561057,32.273061],[35.561225,32.273111],[35.561477,32.273263],[35.56167,32.273364],[35.561922,32.273557],[35.562078,32.273699],[35.562331,32.273932],[35.56262,32.274257],[35.562956,32.274531],[35.563139,32.274701],[35.563307,32.274843],[35.563595,32.274893],[35.563906,32.274932],[35.564098,32.274983],[35.564302,32.275013],[35.56453,32.275022],[35.56477,32.275103],[35.564974,32.275163],[35.565346,32.275346],[35.565682,32.275579],[35.565862,32.275731],[35.565971,32.275893],[35.566031,32.275995],[35.566104,32.276188],[35.566105,32.276361],[35.566081,32.276564],[35.566022,32.276768],[35.566011,32.27689],[35.565951,32.277023],[35.565856,32.277155],[35.565689,32.277237],[35.565545,32.277329],[35.565366,32.277472],[35.565283,32.277564],[35.565211,32.277696],[35.565176,32.277818],[35.565152,32.27793],[35.565153,32.278083],[35.565178,32.278297],[35.565179,32.278531],[35.565218,32.278851],[35.565231,32.279095],[35.56528,32.2794],[35.565329,32.279583],[35.565365,32.279746],[35.565414,32.279888],[35.565498,32.280061],[35.565594,32.280193],[35.565751,32.280386],[35.565919,32.280528],[35.566076,32.28067],[35.566244,32.280832],[35.566448,32.281004],[35.566569,32.281207],[35.566642,32.281431],[35.566738,32.281594],[35.566763,32.281695],[35.566823,32.281909],[35.566921,32.282315],[35.566958,32.282498],[35.567079,32.282813],[35.567139,32.283027],[35.567224,32.2832],[35.567261,32.283403],[35.567297,32.283551],[35.567285,32.283694],[35.567238,32.283928],[35.567191,32.284101],[35.567144,32.284335],[35.567132,32.284498],[35.567133,32.284691],[35.567134,32.284844],[35.567135,32.285067],[35.56704,32.285373],[35.567005,32.285576],[35.566946,32.28577],[35.566875,32.286014],[35.566804,32.286228],[35.566685,32.286483],[35.566507,32.286809],[35.566364,32.287074],[35.566209,32.287339],[35.565995,32.287685],[35.565718,32.288109],[35.565587,32.288354],[35.565432,32.288639],[35.565314,32.288945],[35.565207,32.28924],[35.565028,32.289515],[35.564849,32.289699],[35.564718,32.289821],[35.564551,32.290046],[35.564313,32.290321],[35.564098,32.290586],[35.563943,32.2908],[35.563765,32.291177],[35.563658,32.291391],[35.563575,32.291615],[35.563479,32.291778],[35.56342,32.291921],[35.563313,32.292084],[35.563253,32.292216],[35.56323,32.292389],[35.563207,32.292552],[35.563195,32.292695],[35.56316,32.292797],[35.563052,32.292899],[35.562945,32.293001],[35.56285,32.293123],[35.562766,32.293256],[35.562659,32.293408],[35.562574,32.293649],[35.56249,32.293802],[35.562431,32.293925],[35.562348,32.294128],[35.562312,32.294281],[35.562301,32.294454],[35.562254,32.294678],[35.562232,32.295054],[35.562137,32.295248],[35.561957,32.29531],[35.561646,32.295453],[35.561311,32.295556],[35.560964,32.29573],[35.560797,32.295852],[35.560593,32.295954],[35.560294,32.296087],[35.560055,32.296241],[35.559816,32.296414],[35.559637,32.296527],[35.559445,32.296599],[35.559206,32.29666],[35.559002,32.296732],[35.558632,32.296886],[35.558285,32.297029],[35.557985,32.297101],[35.557686,32.297173],[35.557243,32.297195],[35.556812,32.297257],[35.556272,32.29733],[35.555961,32.297422],[35.555734,32.297514],[35.555567,32.297647],[35.555352,32.297811],[35.555101,32.298035],[35.554778,32.298341],[35.554659,32.298484],[35.554588,32.298606],[35.554552,32.298749],[35.554565,32.298891],[35.554685,32.299054],[35.554782,32.299145],[35.554938,32.299216],[35.555094,32.299266],[35.555357,32.299347],[35.555657,32.299397],[35.55605,32.299524],[35.556419,32.299602],[35.556696,32.299738],[35.556904,32.299894],[35.557182,32.300128],[35.557298,32.300264],[35.557368,32.300577],[35.557345,32.300734],[35.557323,32.301008],[35.55737,32.301223],[35.55744,32.301458],[35.557533,32.301634],[35.557718,32.301829],[35.557927,32.302044],[35.558181,32.302239],[35.558366,32.302395],[35.558643,32.302511],[35.558851,32.302608],[35.559059,32.302725],[35.559267,32.302764],[35.559912,32.30284],[35.56019,32.302996],[35.560398,32.303251],[35.559009,32.303262],[35.559122,32.3034],[35.55931,32.303442],[35.559538,32.3035],[35.559776,32.303574],[35.559964,32.303669],[35.560077,32.303796],[35.560215,32.303976],[35.560266,32.304146],[35.560267,32.304316],[35.560155,32.304487],[35.560018,32.30471],[35.559907,32.30505],[35.56002,32.305358],[35.560209,32.305634],[35.560398,32.305824],[35.5609,32.306195],[35.561615,32.30666],[35.562117,32.30702],[35.562493,32.307369],[35.562695,32.307613],[35.562983,32.307888],[35.563198,32.308228],[35.563474,32.308669],[35.5636,32.30886],[35.563714,32.30922],[35.563727,32.309518],[35.563691,32.30972],[35.563529,32.309996],[35.563442,32.310145],[35.56323,32.310358],[35.563068,32.310571],[35.562857,32.310816],[35.562732,32.310944],[35.56242,32.311285],[35.562059,32.311605],[35.561735,32.312041],[35.561499,32.312466],[35.561263,32.312903],[35.561052,32.313509],[35.560954,32.313913],[35.560893,32.314317],[35.560907,32.314834],[35.560908,32.315089],[35.561034,32.315407],[35.561161,32.315704],[35.561249,32.315948],[35.561213,32.316224],[35.561101,32.31648],[35.56094,32.316831],[35.560691,32.317203],[35.56048,32.317544],[35.560156,32.317969],[35.559657,32.318502],[35.559196,32.318918],[35.558784,32.319227],[35.558384,32.319462],[35.557985,32.319675],[35.557652,32.319774],[35.557215,32.319956],[35.55639,32.320245],[35.55569,32.32046],[35.555102,32.32061],[35.554403,32.320846],[35.553828,32.321007],[35.553278,32.321274],[35.553091,32.321529],[35.552992,32.321806],[35.553031,32.322315],[35.553084,32.322814],[35.553274,32.323395],[35.553425,32.323618],[35.55379,32.324095],[35.554217,32.324551],[35.554544,32.324996],[35.554883,32.325398],[35.555085,32.325695],[35.555111,32.326035],[35.555075,32.326343],[35.555052,32.326853],[35.55499,32.327193],[35.554866,32.327427],[35.554717,32.327672],[35.554668,32.327927],[35.554607,32.328331],[35.554533,32.328714],[35.554559,32.328968],[35.554635,32.329202],[35.554811,32.329361],[35.555175,32.329572],[35.556332,32.330279],[35.556583,32.330427],[35.557085,32.330829],[35.557161,32.331158],[35.557263,32.331561],[35.557202,32.331912],[35.557015,32.332306],[35.556693,32.332986],[35.556196,32.334114],[35.556011,32.334709],[35.5559,32.335177],[35.555839,32.335644],[35.555766,32.336059],[35.555705,32.336633],[35.555568,32.337725],[35.555396,32.338522],[35.555124,32.339288],[35.554951,32.339915],[35.554766,32.340532],[35.554605,32.341127],[35.554519,32.341478],[35.554445,32.341914],[35.554372,32.342339],[35.554273,32.342605],[35.554186,32.342775],[35.554049,32.342966],[35.553825,32.343222],[35.553738,32.343435],[35.553751,32.343573],[35.553839,32.343753],[35.554078,32.343997],[35.554354,32.344198],[35.555489,32.345053],[35.556771,32.346346],[35.557625,32.347076],[35.557901,32.347203],[35.55834,32.347329],[35.558829,32.347519],[35.559255,32.34772],[35.559444,32.348016],[35.559495,32.348303],[35.559396,32.348686],[35.559185,32.34892],[35.55881,32.34924],[35.558448,32.349538],[35.557949,32.350018],[35.557438,32.350603],[35.557152,32.350987],[35.556766,32.351444],[35.556592,32.351764],[35.556354,32.35223],[35.556055,32.352751],[35.555596,32.353687],[35.555172,32.354187],[35.554873,32.354528],[35.554811,32.354879],[35.554951,32.35525],[35.555202,32.355483],[35.555679,32.355748],[35.556269,32.356171],[35.556633,32.356552],[35.556747,32.356733],[35.55676,32.356956],[35.556636,32.357211],[35.556386,32.357413],[35.556099,32.357573],[35.555749,32.357713],[35.555274,32.357873],[35.554761,32.358034],[35.554424,32.358194],[35.554149,32.358546],[35.553903,32.35882],[35.553567,32.359448],[35.553506,32.359979],[35.553471,32.360446],[35.553409,32.360638],[35.553411,32.361169],[35.5535,32.361583],[35.553576,32.361806],[35.553828,32.362198],[35.554118,32.362718],[35.554245,32.363164],[35.554234,32.363504],[35.554172,32.36378],[35.554098,32.364141],[35.55385,32.364716],[35.553316,32.365864],[35.552968,32.366407],[35.552818,32.366715],[35.552882,32.366938],[35.553083,32.367076],[35.553296,32.367118],[35.553684,32.367106],[35.553959,32.366978],[35.554271,32.366786],[35.554559,32.3667],[35.554797,32.366678],[35.55521,32.366666],[35.555636,32.366676],[35.555899,32.366686],[35.556199,32.366664],[35.556499,32.366514],[35.556724,32.366396],[35.557535,32.365746],[35.558035,32.365384],[35.558433,32.364883],[35.558732,32.364436],[35.558831,32.364171],[35.558855,32.363873],[35.558716,32.363512],[35.558476,32.362993],[35.558149,32.362558],[35.557834,32.362144],[35.557608,32.361805],[35.557569,32.361391],[35.55763,32.36103],[35.557791,32.360689],[35.558115,32.360327],[35.558565,32.360124],[35.558866,32.360102],[35.559204,32.360133],[35.55953,32.360313],[35.559794,32.360684],[35.560009,32.361087],[35.560153,32.36144],[35.560255,32.361854],[35.560432,32.362257],[35.560659,32.362734],[35.560823,32.363063],[35.561,32.363541],[35.561102,32.363912],[35.561342,32.364379],[35.56162,32.365122],[35.561898,32.365673],[35.562125,32.366119],[35.562263,32.366363],[35.562552,32.366606],[35.562754,32.366903],[35.562931,32.367253],[35.56307,32.367579],[35.563322,32.368035],[35.5636,32.368618],[35.563777,32.369117],[35.563829,32.369446],[35.563804,32.369627],[35.563718,32.369946],[35.563668,32.370127],[35.563582,32.37035],[35.563495,32.370711],[35.563471,32.370956],[35.563422,32.371232],[35.563423,32.371455],[35.563512,32.371805],[35.563601,32.372039],[35.563701,32.372166],[35.56384,32.372378],[35.564004,32.372632],[35.564067,32.372834],[35.564081,32.373004],[35.564094,32.373333],[35.564096,32.373641],[35.564034,32.373854],[35.563959,32.374045],[35.563684,32.374501],[35.563435,32.374842],[35.563037,32.375692],[35.562963,32.375873],[35.562926,32.376107],[35.56289,32.376447],[35.562855,32.376968],[35.562718,32.377223],[35.562556,32.377415],[35.562319,32.377628],[35.561869,32.378001],[35.561383,32.378406],[35.560771,32.378992],[35.560459,32.379311],[35.56026,32.379577],[35.560248,32.379769],[35.560299,32.37996],[35.56035,32.380204],[35.560339,32.380501],[35.560328,32.381022],[35.560381,32.381606],[35.560482,32.381928],[35.560748,32.382358],[35.560912,32.382736],[35.561218,32.383132],[35.561504,32.383458],[35.561911,32.383802],[35.562258,32.384162],[35.562503,32.384472],[35.562565,32.384696],[35.562444,32.384885],[35.56228,32.385],[35.562059,32.385128],[35.561734,32.385197],[35.561389,32.385267],[35.561084,32.385303],[35.56078,32.385441],[35.560558,32.385631],[35.560335,32.38577],[35.560152,32.385856],[35.559909,32.385909],[35.559523,32.385996],[35.559137,32.386049],[35.558772,32.38605],[35.558447,32.386051],[35.558142,32.386069],[35.557939,32.386138],[35.557777,32.386259],[35.557332,32.386536],[35.556967,32.386813],[35.556461,32.387193],[35.555995,32.387556],[35.555469,32.38804],[35.554862,32.388662],[35.554517,32.388956],[35.554302,32.389076],[35.554243,32.38904],[35.554181,32.389018],[35.554077,32.388898],[35.55395,32.388743],[35.553765,32.388536],[35.553608,32.388406],[35.553454,32.388303],[35.553341,32.388256],[35.553178,32.388238],[35.553061,32.388244],[35.552971,32.388266],[35.552912,32.388285],[35.552854,32.388319],[35.552793,32.388347],[35.552725,32.388363],[35.552634,32.388376],[35.55256,32.388392],[35.552499,32.388416],[35.552447,32.38845],[35.552315,32.388549],[35.552169,32.388661],[35.552003,32.388753],[35.551773,32.388823],[35.551583,32.38885],[35.551341,32.388853],[35.551047,32.388857],[35.550688,32.388826],[35.550347,32.388786],[35.550231,32.388773],[35.550068,32.388701],[35.54981,32.388678],[35.549525,32.388655],[35.54939,32.38864],[35.54924,32.388633],[35.549068,32.388641],[35.548939,32.388685],[35.548774,32.38867],[35.548621,32.388697],[35.548412,32.388705],[35.548124,32.3887],[35.547891,32.388685],[35.547781,32.388668],[35.547686,32.388626],[35.547584,32.388559],[35.547473,32.388489],[35.547326,32.388453],[35.547206,32.388448],[35.547035,32.388454],[35.546832,32.388462],[35.546523,32.388468],[35.546372,32.388458],[35.546265,32.388427],[35.546063,32.38832],[35.545664,32.388116],[35.545129,32.387909],[35.544638,32.387713],[35.544055,32.387548],[35.543623,32.387438],[35.543288,32.387346],[35.542852,32.387248],[35.542364,32.387156],[35.542039,32.387123],[35.541764,32.387109],[35.54153,32.387099],[35.54135,32.387115],[35.541163,32.387157],[35.540915,32.387267],[35.540765,32.38734],[35.540648,32.387403],[35.540465,32.387526],[35.540318,32.387604],[35.540162,32.387643],[35.539929,32.387678],[35.539736,32.387715],[35.539613,32.387744],[35.539492,32.387772],[35.539185,32.387887],[35.539011,32.387945],[35.538876,32.387969],[35.538726,32.388052],[35.5386,32.388115],[35.538484,32.388139],[35.538373,32.388173],[35.538266,32.388248],[35.538074,32.388328],[35.53783,32.38855],[35.537488,32.388803],[35.537302,32.389001],[35.537128,32.38911],[35.537023,32.38916],[35.53682,32.389358],[35.53653,32.389664],[35.53634,32.389807],[35.536155,32.389975],[35.536004,32.390099],[35.53583,32.390262],[35.535464,32.390579],[35.53536,32.390648],[35.535196,32.390758],[35.534918,32.390951],[35.53461,32.391104],[35.534453,32.391179],[35.53429,32.391209],[35.534,32.391368],[35.533744,32.391452],[35.533593,32.391526],[35.533396,32.391641],[35.533145,32.39172],[35.533035,32.391799],[35.532838,32.391928],[35.532613,32.391976],[35.532351,32.392061],[35.532212,32.392096],[35.532014,32.392106],[35.531886,32.392151],[35.531496,32.392285],[35.531124,32.39237],[35.530845,32.39239],[35.530746,32.392391],[35.530627,32.392443],[35.530375,32.392558],[35.530215,32.392636],[35.529805,32.392824],[35.52974,32.392786],[35.529631,32.39278],[35.52929,32.3928],[35.52909,32.392861],[35.528668,32.392932],[35.528437,32.392992],[35.528139,32.393132],[35.527964,32.393272],[35.52787,32.393432],[35.527753,32.393572],[35.527619,32.393675],[35.527242,32.393764],[35.526991,32.393808],[35.526666,32.393922],[35.526097,32.394087],[35.525335,32.394189],[35.524713,32.394247],[35.52407,32.394274],[35.523404,32.394301],[35.522953,32.394321],[35.522726,32.394354],[35.522504,32.394398],[35.522208,32.394462],[35.521986,32.394493],[35.521742,32.394538],[35.521498,32.394601],[35.521299,32.394683],[35.520907,32.394785],[35.520558,32.394882],[35.520205,32.394981],[35.519842,32.395139],[35.519621,32.395221],[35.519495,32.39524],[35.519229,32.395297],[35.518963,32.395423],[35.518786,32.395524],[35.518505,32.395631],[35.518127,32.395738],[35.517646,32.395928],[35.516947,32.396186],[35.516541,32.396356],[35.514128,32.397109],[35.513306,32.397255],[35.512536,32.397417],[35.511974,32.397511],[35.510991,32.397709],[35.510207,32.3979],[35.50981,32.397969],[35.509366,32.398099],[35.509082,32.398143],[35.508586,32.398265],[35.508208,32.398358],[35.507741,32.398527],[35.507005,32.398699],[35.50642,32.398837],[35.505744,32.398975],[35.505465,32.399024],[35.505233,32.39906],[35.504955,32.399097],[35.504718,32.399146],[35.504413,32.399256],[35.504017,32.399361],[35.503804,32.399402],[35.503582,32.399426],[35.503435,32.399455],[35.503327,32.399511],[35.503176,32.399567],[35.502982,32.399596],[35.502816,32.399612],[35.502599,32.399665],[35.502311,32.39973],[35.502023,32.399807],[35.501777,32.399867],[35.501524,32.399922],[35.501415,32.399954],[35.501226,32.399995],[35.500952,32.399995],[35.50081,32.400024],[35.500598,32.400104],[35.500423,32.400129],[35.500305,32.400133],[35.500158,32.400141],[35.499629,32.400279],[35.498925,32.400433],[35.498586,32.400495],[35.498213,32.400568],[35.497811,32.400653],[35.497504,32.400762],[35.497268,32.400855],[35.4968,32.40092],[35.496356,32.401049],[35.495204,32.401461],[35.494274,32.401813],[35.493443,32.402112],[35.492664,32.402395],[35.492432,32.402479],[35.491934,32.402623],[35.491504,32.40278],[35.491103,32.402954],[35.49081,32.403046],[35.490673,32.403163],[35.489956,32.403666],[35.48956,32.403967],[35.489296,32.404184],[35.488995,32.404385],[35.48867,32.40465],[35.488194,32.405052],[35.48758,32.405506],[35.487264,32.405763],[35.487047,32.405916],[35.486682,32.406277],[35.486106,32.406691],[35.484865,32.407552],[35.483995,32.408315],[35.483188,32.408805],[35.482135,32.409365],[35.481385,32.409751],[35.480951,32.409935],[35.480229,32.410273],[35.479553,32.410487],[35.478953,32.410617],[35.478537,32.41065],[35.478036,32.410695],[35.477587,32.41076],[35.477045,32.410895],[35.476237,32.411049],[35.475712,32.411146],[35.475199,32.411184],[35.47466,32.411233],[35.47405,32.41127],[35.473663,32.411299],[35.47319,32.411328],[35.472641,32.41135],[35.472286,32.411375],[35.471949,32.411399],[35.471651,32.411437],[35.471167,32.411513],[35.470799,32.411607],[35.470649,32.411853],[35.470482,32.411913],[35.470233,32.411959],[35.469861,32.412024],[35.46951,32.412052],[35.469133,32.412054],[35.468906,32.412063],[35.468653,32.412096],[35.46841,32.412092],[35.468301,32.412064],[35.468177,32.412005],[35.467928,32.411987],[35.46781,32.412038],[35.467675,32.412116],[35.467465,32.412236],[35.46727,32.412369],[35.467076,32.412438],[35.466725,32.41243],[35.466401,32.412361],[35.465865,32.412138],[35.465703,32.412093],[35.465498,32.412079],[35.465287,32.412098],[35.465071,32.412121],[35.464709,32.412145],[35.464271,32.412147],[35.46392,32.412164],[35.463528,32.412181],[35.463224,32.41221],[35.462898,32.412238],[35.462781,32.412243],[35.462578,32.412269],[35.4624,32.412284],[35.462243,32.412314],[35.462043,32.412373],[35.461928,32.412389],[35.461807,32.412378],[35.461637,32.41232],[35.461538,32.412255],[35.461415,32.412144],[35.461212,32.411951],[35.461119,32.41189],[35.460924,32.411844],[35.460696,32.411863],[35.460521,32.411915],[35.460365,32.411985],[35.460154,32.412116],[35.459938,32.412265],[35.459715,32.412432],[35.459422,32.412632],[35.459132,32.412803],[35.458905,32.412917],[35.458636,32.413018],[35.458076,32.413205],[35.457865,32.413278],[35.457717,32.413299],[35.457571,32.413306],[35.457393,32.41329],[35.457264,32.413256],[35.457053,32.413179],[35.456841,32.413124],[35.456602,32.413069],[35.456356,32.412993],[35.4561,32.412923],[35.455845,32.412877],[35.455591,32.412852],[35.455357,32.412785],[35.45519,32.412767],[35.454998,32.412753],[35.454891,32.412758],[35.454792,32.412793],[35.454642,32.412814],[35.454256,32.412876],[35.454149,32.412908],[35.453911,32.412969],[35.453593,32.413002],[35.453258,32.413012],[35.453001,32.412992],[35.452838,32.412956],[35.452701,32.412921],[35.452602,32.412875],[35.452511,32.412796],[35.452412,32.41265],[35.452324,32.412481],[35.452233,32.41226],[35.452179,32.412145],[35.452127,32.412061],[35.451877,32.41195],[35.451704,32.411935],[35.451515,32.411928],[35.451372,32.411923],[35.451246,32.411877],[35.451111,32.411782],[35.450999,32.411699],[35.450842,32.411641],[35.450674,32.411577],[35.450306,32.41142],[35.44971,32.411168],[35.449254,32.410957],[35.449041,32.410866],[35.448906,32.410815],[35.448516,32.410623],[35.448371,32.410554],[35.448228,32.410503],[35.448017,32.410536],[35.447864,32.410589],[35.447672,32.410664],[35.447535,32.410718],[35.447365,32.410797],[35.44725,32.410846],[35.447094,32.410873],[35.446908,32.410873],[35.44671,32.410864],[35.446524,32.410823],[35.446304,32.410814],[35.446176,32.410835],[35.446055,32.410884],[35.445836,32.410959],[35.44543,32.411013],[35.445228,32.410974],[35.445033,32.410961],[35.444831,32.410863],[35.444714,32.410718],[35.444675,32.410501],[35.444651,32.410284],[35.44472,32.41008],[35.444743,32.409909],[35.444727,32.409737],[35.444673,32.409619],[35.444548,32.409534],[35.444454,32.409435],[35.4444,32.409336],[35.444383,32.4092],[35.444335,32.408964],[35.444304,32.408766],[35.444194,32.408411],[35.444022,32.407898],[35.443842,32.407595],[35.44364,32.407398],[35.443121,32.407051],[35.442406,32.406624],[35.441581,32.406204],[35.441254,32.405994],[35.441006,32.405942],[35.440726,32.405942],[35.440322,32.406009],[35.43967,32.406162],[35.438754,32.406387],[35.437717,32.406631],[35.436684,32.406935],[35.435458,32.40726],[35.434588,32.407505],[35.433696,32.407797],[35.432896,32.408108],[35.432146,32.408472],[35.431409,32.408882],[35.430719,32.409278],[35.429897,32.409833],[35.429417,32.410181],[35.429307,32.410261],[35.427477,32.411766],[35.426902,32.412042],[35.425315,32.413428],[35.424617,32.41385],[35.423639,32.414372],[35.422964,32.41467],[35.422359,32.414921],[35.421348,32.41555],[35.420013,32.416375],[35.419408,32.416791],[35.418943,32.417187],[35.418765,32.417444],[35.418665,32.417629],[35.418616,32.417793],[35.418524,32.418063],[35.418284,32.418571],[35.418122,32.419051],[35.417921,32.419552],[35.417759,32.420132],[35.41763,32.42073],[35.417584,32.420993],[35.417569,32.42127],[35.417438,32.421784],[35.417176,32.422726],[35.417014,32.423273],[35.416819,32.423805],[35.416324,32.424912],[35.415631,32.426248],[35.415021,32.427485],[35.414811,32.427934],[35.414558,32.428472],[35.414348,32.42892],[35.414096,32.429637],[35.413738,32.430443],[35.413209,32.431449],[35.413087,32.431703],[35.412957,32.432015],[35.412598,32.432686],[35.412331,32.433187],[35.412125,32.43357],[35.412033,32.433909],[35.412011,32.434234],[35.411657,32.434724],[35.411119,32.435995],[35.410995,32.436769],[35.411461,32.438446],[35.411686,32.439128],[35.411868,32.439987],[35.412509,32.44081],[35.413093,32.441261],[35.413174,32.441637],[35.413236,32.441887],[35.413283,32.442184],[35.413656,32.443354],[35.413841,32.444747],[35.414008,32.445988],[35.414437,32.447111],[35.414961,32.449015],[35.415282,32.450471],[35.415529,32.451404],[35.415849,32.453001],[35.416035,32.454034],[35.415815,32.454761],[35.416077,32.456079],[35.417103,32.456723],[35.417454,32.456873],[35.417567,32.456957],[35.417921,32.457191],[35.41861,32.457699],[35.419286,32.458186],[35.42021,32.458752],[35.420237,32.458763],[35.420257,32.458776],[35.420274,32.458792],[35.420288,32.45881],[35.420297,32.458829],[35.420303,32.45885],[35.420304,32.458871],[35.420301,32.458892],[35.420294,32.458913],[35.420234,32.459036],[35.420142,32.459277],[35.420057,32.459569],[35.419838,32.459845],[35.419405,32.460778],[35.419234,32.4617],[35.418947,32.462344],[35.418349,32.462709],[35.417769,32.463086],[35.41667,32.463518],[35.416316,32.463987],[35.416065,32.465033],[35.415943,32.465702],[35.415827,32.466352],[35.415479,32.46733],[35.415375,32.467979],[35.415265,32.468657],[35.414954,32.469296],[35.414605,32.47012],[35.413776,32.470725],[35.413251,32.47177],[35.413049,32.472316],[35.412677,32.47277],[35.411932,32.473339],[35.411561,32.473594],[35.41111,32.473999],[35.410975,32.47434],[35.410703,32.474791],[35.410386,32.475276],[35.410033,32.475681],[35.409731,32.476123],[35.409425,32.47655],[35.40873,32.477646],[35.408297,32.478524],[35.408057,32.479113],[35.408017,32.479537],[35.407948,32.480012],[35.407864,32.480494],[35.407679,32.481212],[35.407544,32.481618],[35.407257,32.482001],[35.406736,32.482428],[35.405972,32.482803],[35.405565,32.483079],[35.405117,32.483653],[35.405095,32.484129],[35.405179,32.484899],[35.405302,32.485454],[35.405577,32.486194],[35.40631,32.486994],[35.406575,32.487315],[35.40647,32.487814],[35.406359,32.488212],[35.406227,32.488498],[35.406023,32.489037],[35.405838,32.489513],[35.405601,32.490202],[35.405318,32.490948],[35.404858,32.492097],[35.40441,32.493101],[35.404364,32.493229],[35.404345,32.493381],[35.404365,32.493482],[35.404498,32.493941],[35.404611,32.494243],[35.404618,32.49435],[35.404618,32.494417],[35.40455,32.494478],[35.404371,32.49459],[35.404252,32.494669],[35.404233,32.494776],[35.40424,32.495095],[35.404108,32.495434],[35.404139,32.49582],[35.404173,32.496349],[35.404181,32.496661],[35.40424,32.497],[35.404293,32.497429],[35.404319,32.497794],[35.404344,32.498064],[35.404243,32.498836],[35.404055,32.499215],[35.403881,32.499554],[35.403733,32.499802],[35.403568,32.50001],[35.403496,32.500116],[35.403403,32.500324],[35.403298,32.500571],[35.403186,32.500806],[35.403041,32.501036],[35.402968,32.50116],[35.402869,32.501227],[35.402744,32.501261],[35.402539,32.501329],[35.4024,32.501368],[35.402241,32.501374],[35.402009,32.501369],[35.401691,32.50138],[35.401526,32.501403],[35.401414,32.501454],[35.401275,32.501521],[35.401143,32.5016],[35.400991,32.501701],[35.400891,32.501757],[35.400792,32.501763],[35.400686,32.501741],[35.400468,32.501713],[35.400203,32.501708],[35.399938,32.501736],[35.399726,32.501761],[35.399573,32.5018],[35.399501,32.501843],[35.399429,32.501911],[35.399356,32.501939],[35.399217,32.501945],[35.399019,32.501973],[35.39878,32.502018],[35.398589,32.502063],[35.398464,32.50211],[35.398212,32.502251],[35.397941,32.50238],[35.397677,32.502442],[35.397399,32.502454],[35.397088,32.502454],[35.39677,32.502449],[35.396598,32.502472],[35.396446,32.502534],[35.395494,32.503],[35.394683,32.503403],[35.39258,32.50437],[35.392184,32.504544],[35.391939,32.504617],[35.391635,32.504696],[35.391148,32.5049],[35.39083,32.505063],[35.390619,32.505164],[35.390486,32.505187],[35.390069,32.505188],[35.389248,32.505155],[35.38848,32.5051],[35.387885,32.50504],[35.387203,32.504962],[35.386543,32.504892],[35.386112,32.504853],[35.385682,32.504848],[35.385205,32.504871],[35.384822,32.504922],[35.384504,32.504996],[35.384339,32.505069],[35.384207,32.505203],[35.383942,32.505534],[35.383665,32.506045],[35.383241,32.506745],[35.383004,32.507116],[35.382674,32.507615],[35.38237,32.508013],[35.382192,32.508215],[35.382079,32.508333],[35.381855,32.508524],[35.381491,32.508805],[35.380893,32.509224],[35.379954,32.509814],[35.378883,32.510426],[35.37806,32.510862],[35.377513,32.511128],[35.37692,32.511398],[35.376312,32.511652],[35.375724,32.511915],[35.37557,32.511968],[35.375431,32.512017],[35.37504,32.512147],[35.374777,32.512283],[35.374391,32.512533],[35.374039,32.51278],[35.373858,32.512919],[35.373732,32.513045],[35.373572,32.513234],[35.373423,32.513376],[35.373266,32.513496],[35.372926,32.51372],[35.372448,32.514042],[35.372052,32.514314],[35.371697,32.514541],[35.37125,32.514804],[35.371137,32.514857],[35.37081,32.515012],[35.370324,32.515236],[35.370038,32.515363],[35.369823,32.515441],[35.369651,32.515381],[35.369615,32.515501],[35.369381,32.515556],[35.369117,32.51567],[35.36899,32.515714],[35.368184,32.515995],[35.367352,32.516282],[35.367058,32.516383],[35.366744,32.516481],[35.3664,32.516604],[35.365952,32.516773],[35.365578,32.516877],[35.365301,32.516934],[35.365167,32.516958],[35.364608,32.517058],[35.363943,32.517152],[35.363594,32.517185],[35.363281,32.517254],[35.362711,32.517375],[35.362034,32.51748],[35.361684,32.517528],[35.361307,32.517581],[35.360775,32.51764],[35.360492,32.517692],[35.360293,32.517754],[35.360026,32.517884],[35.35956,32.518061],[35.358818,32.518289],[35.358045,32.51849],[35.357024,32.518667],[35.356305,32.518756],[35.355654,32.518805],[35.355004,32.518842],[35.354147,32.518833],[35.353581,32.518805],[35.353214,32.518766],[35.352869,32.518695],[35.352046,32.518512],[35.351307,32.518325],[35.350817,32.51816],[35.350568,32.518083],[35.350442,32.518066],[35.350229,32.518069],[35.3499,32.518088],[35.349509,32.518124],[35.349077,32.51818],[35.348515,32.518297],[35.348057,32.518428],[35.347797,32.518542],[35.347418,32.518649],[35.346798,32.518793],[35.346106,32.518942],[35.345681,32.519045],[35.345629,32.519057],[35.344765,32.519207],[35.344034,32.519244],[35.343444,32.519218],[35.342833,32.519151],[35.342504,32.519099],[35.341899,32.518945],[35.341493,32.518819],[35.341083,32.518663],[35.340495,32.518384],[35.339902,32.518119],[35.339124,32.517831],[35.337964,32.517453],[35.337326,32.517238],[35.336794,32.517041],[35.336204,32.516799],[35.3358,32.516606],[35.335329,32.516377],[35.335149,32.516254],[35.335072,32.516199],[35.334992,32.516176],[35.334762,32.51618],[35.334338,32.516177],[35.334181,32.516174],[35.334054,32.516145],[35.334001,32.516106],[35.333959,32.516041],[35.33392,32.51597],[35.333882,32.515931],[35.333786,32.515925],[35.333698,32.515922],[35.333633,32.515899],[35.333606,32.515847],[35.333568,32.515708],[35.333453,32.515659],[35.333346,32.515643],[35.333224,32.515633],[35.33311,32.515591],[35.333037,32.515539],[35.332899,32.515439],[35.33283,32.515391],[35.332719,32.515342],[35.332589,32.515316],[35.332455,32.51531],[35.332336,32.515323],[35.332233,32.515352],[35.332134,32.515391],[35.332057,32.515437],[35.33195,32.515495],[35.33182,32.515521],[35.331697,32.515512],[35.33159,32.515466],[35.331491,32.515431],[35.331368,32.515415],[35.331269,32.515421],[35.33112,32.51546],[35.330989,32.51548],[35.330836,32.515474],[35.330694,32.515441],[35.330551,32.515388],[35.330456,32.515334],[35.330226,32.515207],[35.329774,32.514973],[35.329243,32.514779],[35.328452,32.5145],[35.327494,32.514166],[35.326931,32.514032],[35.326487,32.513885],[35.325822,32.513698],[35.323921,32.51315],[35.322322,32.512807],[35.321554,32.512626],[35.320572,32.512406],[35.319819,32.512246],[35.31888,32.512024],[35.318595,32.511931],[35.317851,32.511757],[35.310148,32.510825],[35.30919,32.510678],[35.308524,32.510511],[35.307853,32.510315],[35.307409,32.510155],[35.307029,32.510008],[35.306332,32.509914],[35.305461,32.509855],[35.3047,32.509855],[35.303687,32.509816],[35.3022,32.509722],[35.301083,32.509683],[35.300212,32.50963],[35.299008,32.509597],[35.297499,32.509585],[35.296762,32.509565],[35.29624,32.509572],[35.295313,32.5096],[35.294308,32.509714],[35.293448,32.509864],[35.293227,32.509898],[35.292886,32.509891],[35.292561,32.509925],[35.292118,32.510053],[35.291303,32.510208],[35.289893,32.510463],[35.28903,32.510611],[35.28859,32.510721],[35.287878,32.510943],[35.286817,32.511272],[35.285985,32.511554],[35.284125,32.512098],[35.2829,32.512424],[35.281531,32.512834],[35.280288,32.51317],[35.27895,32.513599],[35.278427,32.513767],[35.277931,32.513911],[35.277401,32.514026],[35.277123,32.514073],[35.276791,32.514167],[35.275437,32.51457],[35.274281,32.514892],[35.273445,32.51517],[35.27316,32.515278],[35.272946,32.515405],[35.272685,32.515459],[35.271672,32.515855],[35.270682,32.516231],[35.269447,32.516694],[35.268143,32.517236],[35.267573,32.517444],[35.267312,32.517478],[35.266599,32.517766],[35.265483,32.518229],[35.264572,32.518518],[35.263654,32.518887],[35.262777,32.51922],[35.262294,32.519408],[35.261035,32.519817],[35.259262,32.520522],[35.257753,32.521101],[35.25723,32.521276],[35.256026,32.521685],[35.254015,32.522417],[35.253219,32.522744],[35.252506,32.523059],[35.252174,32.523261],[35.251912,32.523482],[35.251192,32.52422],[35.250606,32.524703],[35.250144,32.525077],[35.249835,32.525318],[35.249154,32.525774],[35.247967,32.526767],[35.247397,32.52723],[35.246652,32.527894],[35.246399,32.528155],[35.24588,32.528558],[35.245413,32.528933],[35.244582,32.529671],[35.243458,32.530556],[35.242697,32.53114],[35.242365,32.531368],[35.242191,32.531495],[35.241752,32.531856],[35.241167,32.532367],[35.240731,32.532748],[35.239733,32.533566],[35.23889,32.534248],[35.238161,32.534818],[35.237187,32.535669],[35.23676,32.536005],[35.236435,32.536327],[35.236126,32.536695],[35.235839,32.537111],[35.235625,32.537426],[35.23534,32.537808],[35.234675,32.538626],[35.234271,32.539076],[35.233788,32.539733],[35.233326,32.540456],[35.232993,32.541012],[35.232756,32.541307],[35.23251,32.541663],[35.232423,32.54175],[35.232328,32.541797],[35.232265,32.541884],[35.232011,32.542186],[35.231647,32.542662]],[[35.166567,32.493599],[35.166304,32.493785],[35.166074,32.493888],[35.165585,32.494234],[35.165192,32.494481],[35.16486,32.494767],[35.164735,32.494911],[35.164417,32.495185],[35.164731,32.495124],[35.165489,32.494497],[35.165818,32.49435],[35.166118,32.494138],[35.166346,32.494006],[35.166346,32.493916],[35.166435,32.493916],[35.166435,32.493827],[35.166525,32.493827],[35.166525,32.493737],[35.166705,32.493737],[35.166705,32.493647],[35.166885,32.493647],[35.166926,32.493599],[35.167196,32.493367],[35.167068,32.493309],[35.166567,32.493599]],[[35.213814,32.431521],[35.213739,32.431626],[35.213632,32.431703],[35.213652,32.431804],[35.213481,32.431926],[35.21338,32.43244],[35.213872,32.432434],[35.214044,32.431868],[35.213866,32.431484],[35.213814,32.431521]],[[35.406085,32.431888],[35.406016,32.432292],[35.406196,32.432292],[35.406417,32.432235],[35.406465,32.431933],[35.406465,32.431843],[35.406555,32.431843],[35.406609,32.431632],[35.406825,32.431484],[35.406744,32.431379],[35.406085,32.431888]],[[35.534066,32.341792],[35.534218,32.341913],[35.534093,32.342915],[35.534026,32.343089],[35.534277,32.34325],[35.53439,32.342481],[35.534256,32.341691],[35.534026,32.341652],[35.534066,32.341792]],[[35.526634,32.152762],[35.526582,32.153419],[35.526716,32.155024],[35.527317,32.15493],[35.52751,32.153686],[35.527427,32.152958],[35.527061,32.152695],[35.527019,32.152646],[35.526634,32.152762]],[[35.490907,32.096142],[35.49084,32.096304],[35.490949,32.096849],[35.491034,32.096629],[35.491214,32.0965],[35.491095,32.096277],[35.490907,32.096142]],[[35.510173,32.069774],[35.510088,32.070049],[35.509909,32.07055],[35.509993,32.070947],[35.510088,32.071212],[35.510225,32.071653],[35.510916,32.071694],[35.511577,32.071274],[35.512411,32.070529],[35.512527,32.069989],[35.512504,32.069612],[35.512604,32.06924],[35.512773,32.068512],[35.512963,32.067983],[35.513252,32.067048],[35.513487,32.066838],[35.513677,32.066309],[35.513592,32.065912],[35.513497,32.065827],[35.513455,32.065779],[35.512778,32.065822],[35.512693,32.065917],[35.510987,32.066006],[35.510564,32.066731],[35.510629,32.067829],[35.510538,32.068612],[35.510443,32.068876],[35.510268,32.06951],[35.510173,32.069774]],[[35.522772,32.068985],[35.523066,32.068961],[35.523292,32.068979],[35.523378,32.068696],[35.523426,32.068654],[35.523366,32.068534],[35.523336,32.068295],[35.523156,32.068295],[35.523156,32.068115],[35.523066,32.067935],[35.522977,32.067935],[35.522977,32.067846],[35.522887,32.067846],[35.522887,32.067756],[35.522527,32.067576],[35.52203,32.067355],[35.521864,32.06591],[35.521751,32.065919],[35.521588,32.065552],[35.521491,32.065379],[35.521408,32.065192],[35.521311,32.065109],[35.52127,32.064971],[35.520961,32.064741],[35.520589,32.064662],[35.519894,32.064865],[35.519743,32.065061],[35.519669,32.065954],[35.519716,32.066543],[35.519659,32.067249],[35.519941,32.067375],[35.520233,32.067714],[35.520476,32.067923],[35.5207,32.06828],[35.520869,32.068426],[35.521084,32.068676],[35.522104,32.068898],[35.522552,32.068862],[35.522772,32.068985]],[[35.519283,32.067749],[35.518804,32.067347],[35.518615,32.067267],[35.518575,32.067217],[35.518185,32.067285],[35.518127,32.067747],[35.518472,32.068316],[35.519201,32.068406],[35.519283,32.067749]],[[35.50199,32.069497],[35.502046,32.069463],[35.501866,32.069103],[35.501687,32.069103],[35.501687,32.069013],[35.501507,32.069013],[35.501545,32.069671],[35.501829,32.069759],[35.50199,32.069497]],[[35.504716,32.061038],[35.505055,32.06108],[35.505614,32.060844],[35.506049,32.059774],[35.506295,32.059578],[35.506488,32.058902],[35.506406,32.058445],[35.506048,32.058184],[35.50523,32.058014],[35.50519,32.057964],[35.504566,32.058042],[35.504247,32.058479],[35.504012,32.059302],[35.503892,32.059451],[35.503774,32.059546],[35.503934,32.060467],[35.504716,32.061038]],[[35.519732,32.058093],[35.519883,32.057925],[35.519922,32.057605],[35.51966,32.057149],[35.519515,32.057024],[35.519362,32.056516],[35.519199,32.056328],[35.518634,32.05589],[35.518603,32.055502],[35.518769,32.055359],[35.518616,32.055228],[35.518575,32.055179],[35.517997,32.054972],[35.516569,32.055057],[35.516466,32.056537],[35.516778,32.057245],[35.516942,32.05745],[35.517856,32.057335],[35.518216,32.057335],[35.518307,32.057217],[35.519124,32.057515],[35.519524,32.057824],[35.519732,32.058093]],[[35.512444,32.055224],[35.512377,32.055089],[35.512377,32.055],[35.512287,32.055],[35.512287,32.05491],[35.511866,32.05494],[35.511725,32.055227],[35.511868,32.055508],[35.512287,32.055539],[35.512444,32.055224]],[[35.490644,32.057149],[35.490426,32.056961],[35.490219,32.056631],[35.490002,32.056444],[35.489671,32.056059],[35.489004,32.055587],[35.488792,32.05567],[35.488571,32.055808],[35.488481,32.055808],[35.488481,32.055898],[35.488212,32.055898],[35.488212,32.055988],[35.488032,32.055988],[35.487942,32.055988],[35.487942,32.056167],[35.487853,32.056167],[35.487853,32.056257],[35.487583,32.056257],[35.487403,32.056347],[35.487403,32.056437],[35.487314,32.056437],[35.487224,32.056617],[35.487339,32.056662],[35.487224,32.056706],[35.48733,32.056959],[35.48744,32.057388],[35.487653,32.057715],[35.487814,32.058343],[35.487853,32.058683],[35.488061,32.058728],[35.487853,32.058773],[35.487894,32.058821],[35.487991,32.058904],[35.488307,32.059778],[35.48844,32.059892],[35.488579,32.060205],[35.488703,32.060348],[35.488889,32.060431],[35.489114,32.06079],[35.489518,32.060707],[35.489781,32.060611],[35.49015,32.060499],[35.490402,32.060283],[35.490679,32.059802],[35.490776,32.059719],[35.490761,32.059539],[35.490908,32.059413],[35.491308,32.058325],[35.491171,32.057947],[35.491038,32.057833],[35.490644,32.057149]],[[35.464546,32.003236],[35.464705,32.003732],[35.464971,32.003765],[35.465255,32.003656],[35.46564,32.003573],[35.465417,32.003479],[35.464985,32.003217],[35.464945,32.003167],[35.464546,32.003236]],[[35.464577,32.002671],[35.464649,32.003089],[35.4653,32.002895],[35.465664,32.002958],[35.46598,32.002903],[35.466062,32.002228],[35.465934,32.001909],[35.465882,32.001948],[35.465389,32.002064],[35.465447,32.002403],[35.465426,32.002529],[35.464767,32.002416],[35.464577,32.002671]],[[35.464897,32.00222],[35.465182,32.002134],[35.464987,32.002047],[35.464945,32.001999],[35.464634,32.002093],[35.464747,32.002395],[35.464897,32.00222]],[[35.250338,31.996429],[35.250537,31.99647],[35.250607,31.996609],[35.251179,31.996739],[35.250929,31.996428],[35.250379,31.996105],[35.250338,31.996429]],[[35.497614,31.96314],[35.497692,31.963402],[35.498027,31.96333],[35.497914,31.963102],[35.497614,31.96314]],[[35.236195,31.936415],[35.236502,31.936641],[35.236649,31.936468],[35.236504,31.936242],[35.236195,31.936415]],[[35.456642,31.909703],[35.45654,31.909781],[35.456377,31.909993],[35.456283,31.910332],[35.456178,31.910413],[35.456333,31.910808],[35.456412,31.911269],[35.456501,31.911269],[35.456501,31.911449],[35.456681,31.911449],[35.456681,31.911539],[35.456972,31.911902],[35.45727,31.912028],[35.45777,31.912428],[35.458697,31.912297],[35.458747,31.912257],[35.458747,31.912168],[35.458837,31.912168],[35.458876,31.912117],[35.459028,31.911999],[35.459341,31.911594],[35.459768,31.911265],[35.459799,31.911049],[35.459634,31.910921],[35.459397,31.910614],[35.459116,31.910499],[35.45886,31.910168],[35.458607,31.909972],[35.458282,31.909551],[35.457618,31.909691],[35.457372,31.90984],[35.456732,31.909691],[35.456681,31.909652],[35.456642,31.909703]],[[35.025031,31.84586],[35.024438,31.847381],[35.024192,31.847609],[35.024009,31.848484],[35.024096,31.848793],[35.024189,31.848879],[35.024365,31.849152],[35.024412,31.849196],[35.024749,31.849325],[35.025401,31.849173],[35.025894,31.848471],[35.026555,31.848083],[35.026958,31.847968],[35.027668,31.847668],[35.027717,31.847279],[35.027556,31.84686],[35.02748,31.84662],[35.026945,31.846043],[35.026212,31.845655],[35.025398,31.845622],[35.025031,31.84586]],[[35.212835,31.828197],[35.212958,31.828359],[35.213291,31.827842],[35.213464,31.827683],[35.21346,31.82759],[35.213631,31.827431],[35.213823,31.826964],[35.214197,31.825949],[35.214362,31.825796],[35.214405,31.82557],[35.214352,31.825354],[35.214279,31.824529],[35.214226,31.824492],[35.214177,31.825159],[35.213873,31.825801],[35.21364,31.826242],[35.213644,31.826335],[35.213492,31.826476],[35.212835,31.828197]],[[35.13379,31.817269],[35.133481,31.817384],[35.133288,31.817665],[35.133647,31.817575],[35.133686,31.817524],[35.134006,31.817395],[35.134006,31.817305],[35.134096,31.817305],[35.134096,31.817126],[35.134006,31.817126],[35.13379,31.817269]],[[35.134635,31.816856],[35.134904,31.816856],[35.135264,31.816766],[35.135264,31.816677],[35.13504,31.816565],[35.134697,31.816733],[35.134635,31.816856]],[[35.506049,31.848268],[35.506151,31.848606],[35.50632,31.848527],[35.506268,31.848207],[35.506049,31.848268]],[[35.494391,31.847256],[35.49429,31.847463],[35.494798,31.847458],[35.49468,31.847219],[35.494391,31.847256]],[[35.494378,31.846032],[35.494453,31.846533],[35.494711,31.846447],[35.4948,31.84621],[35.494565,31.846076],[35.4945,31.845962],[35.494378,31.846032]],[[35.50048,31.845476],[35.500582,31.84559],[35.501007,31.845653],[35.501058,31.845692],[35.501169,31.845468],[35.501058,31.845243],[35.50048,31.845476]],[[35.47157,31.838987],[35.47136,31.839309],[35.47127,31.83971],[35.471234,31.839763],[35.471293,31.839793],[35.471444,31.840092],[35.471863,31.840123],[35.471899,31.840069],[35.472006,31.839996],[35.472169,31.83971],[35.472278,31.839635],[35.472255,31.839533],[35.4724,31.839433],[35.472511,31.838934],[35.472115,31.838676],[35.47157,31.838987]],[[35.497246,31.796188],[35.497372,31.796572],[35.497845,31.796642],[35.497773,31.796156],[35.497734,31.796105],[35.497246,31.796188]],[[35.500128,31.796407],[35.500632,31.796459],[35.501506,31.796194],[35.502266,31.796272],[35.501966,31.795808],[35.501727,31.795705],[35.501634,31.795593],[35.501052,31.795422],[35.500748,31.795248],[35.50056,31.795166],[35.500519,31.795117],[35.500421,31.795198],[35.500214,31.79556],[35.500128,31.796407]],[[35.490983,31.790191],[35.491128,31.790674],[35.491261,31.790911],[35.491478,31.792103],[35.491584,31.792194],[35.491893,31.792554],[35.492864,31.792435],[35.493434,31.792078],[35.49383,31.791572],[35.493922,31.791366],[35.494221,31.791108],[35.49466,31.79054],[35.494963,31.790279],[35.495295,31.789893],[35.495565,31.789661],[35.495407,31.788966],[35.494991,31.788608],[35.49468,31.78811],[35.493733,31.788152],[35.49359,31.788318],[35.493291,31.788428],[35.492386,31.788511],[35.492213,31.788608],[35.492026,31.788691],[35.491404,31.789236],[35.491047,31.789396],[35.490983,31.790191]],[[35.291171,31.780758],[35.291314,31.781143],[35.291693,31.781004],[35.291381,31.780754],[35.291301,31.780654],[35.291171,31.780758]],[[35.509417,31.778541],[35.508653,31.778639],[35.508806,31.778804],[35.509702,31.778946],[35.510161,31.778747],[35.509812,31.778457],[35.509771,31.778408],[35.509417,31.778541]],[[35.508156,31.776958],[35.508032,31.777955],[35.508913,31.778065],[35.508833,31.77764],[35.508733,31.77756],[35.508634,31.777211],[35.508424,31.776881],[35.508156,31.776958]],[[35.508362,31.776382],[35.508483,31.77683],[35.509175,31.776744],[35.508691,31.776459],[35.508604,31.776342],[35.508362,31.776382]],[[35.477299,31.771179],[35.477206,31.771265],[35.476491,31.772616],[35.476397,31.772702],[35.476311,31.772885],[35.476041,31.773395],[35.47617,31.773706],[35.476487,31.773874],[35.476977,31.774064],[35.47745,31.774315],[35.478164,31.774343],[35.47884,31.773811],[35.479113,31.773388],[35.479365,31.773155],[35.479362,31.773062],[35.479455,31.772975],[35.48008,31.772163],[35.480329,31.771933],[35.480536,31.771541],[35.480782,31.771021],[35.480889,31.770906],[35.481061,31.770747],[35.481076,31.77037],[35.480979,31.77028],[35.480847,31.769864],[35.480533,31.769648],[35.479872,31.769491],[35.479452,31.769292],[35.479408,31.769246],[35.47852,31.769296],[35.478108,31.769741],[35.478014,31.769828],[35.477299,31.771179]],[[35.453066,31.706742],[35.452868,31.707078],[35.45329,31.707212],[35.45361,31.706993],[35.453447,31.706633],[35.453066,31.706742]],[[35.362949,31.695456],[35.362842,31.695533],[35.362862,31.695634],[35.362682,31.695763],[35.362934,31.695944],[35.362859,31.696085],[35.362679,31.696215],[35.36241,31.696638],[35.36281,31.696623],[35.363243,31.696348],[35.363526,31.696302],[35.363526,31.696213],[35.363616,31.696213],[35.363616,31.696123],[35.363705,31.696123],[35.363705,31.696033],[35.363795,31.696033],[35.363795,31.695943],[35.363885,31.695943],[35.363956,31.695804],[35.364155,31.695763],[35.364116,31.695432],[35.363835,31.695254],[35.363738,31.695621],[35.363204,31.695546],[35.363118,31.695221],[35.362949,31.695456]],[[35.167932,31.688621],[35.167474,31.68894],[35.167565,31.689308],[35.167882,31.689355],[35.168619,31.68923],[35.168663,31.688932],[35.168501,31.688577],[35.167932,31.688621]],[[35.169939,31.688577],[35.169633,31.688788],[35.169724,31.689153],[35.170512,31.689072],[35.170579,31.688776],[35.170388,31.688487],[35.170059,31.688517],[35.169939,31.688577]],[[35.447927,31.68378],[35.448097,31.684045],[35.448275,31.684188],[35.448476,31.684664],[35.448816,31.684442],[35.448736,31.684305],[35.448636,31.684225],[35.448237,31.683726],[35.447927,31.68378]],[[35.115821,31.642903],[35.11577,31.642942],[35.116036,31.643338],[35.116273,31.643265],[35.116309,31.642942],[35.115912,31.642786],[35.115821,31.642903]],[[35.418463,31.623949],[35.418054,31.624063],[35.417835,31.624426],[35.417922,31.624596],[35.418721,31.625117],[35.419003,31.625232],[35.419316,31.625637],[35.419695,31.625693],[35.419889,31.625028],[35.419768,31.62459],[35.419536,31.624289],[35.419182,31.624027],[35.418632,31.623949],[35.418592,31.623898],[35.418463,31.623949]],[[35.413498,31.603055],[35.413632,31.603724],[35.414066,31.603648],[35.413974,31.603185],[35.413831,31.602967],[35.413498,31.603055]],[[35.409946,31.597806],[35.40984,31.59842],[35.410123,31.599233],[35.410636,31.599119],[35.410559,31.598694],[35.410456,31.598617],[35.410379,31.598065],[35.410238,31.597757],[35.409946,31.597806]],[[35.410567,31.59593],[35.410508,31.595961],[35.410558,31.59609],[35.41065,31.596629],[35.411047,31.596512],[35.411265,31.596151],[35.411117,31.595864],[35.410687,31.595691],[35.410567,31.59593]],[[35.412165,31.594562],[35.412072,31.594146],[35.411805,31.594034],[35.411765,31.593984],[35.411478,31.594066],[35.411315,31.59449],[35.411451,31.594473],[35.412165,31.594562]],[[35.410597,31.586977],[35.410634,31.5873],[35.410687,31.587516],[35.411072,31.587478],[35.411167,31.587226],[35.410924,31.587087],[35.410989,31.58683],[35.411159,31.586734],[35.410841,31.586499],[35.410597,31.586977]]]]}}]}